time_h,CGL_bulk_glucose,CGS_surface_glucose,biomass,ethanol,sugar_ref
0.0,172.0,0.0,6.0,0.0,172.0
0.032021347565043365,170.62312938456898,1.371756281112057,6.000002034822585,0.0036631584192897072,170.62312938456898
0.06404269513008673,169.2573091632051,2.724243409264736,6.000007999022987,0.013211791666186325,169.2573091632051
0.0960640426951301,167.90245049989704,4.059681857345714,6.000017698445691,0.027117880523036347,167.90245049989704
0.12808539026017346,166.55846530731253,5.3795512340878195,6.000030956829828,0.044384034980919564,166.55846530731253
0.16010673782521684,165.2252662291897,6.684898935746937,6.000047612536941,0.06432220975356868,165.2252662291897
0.1921280853902602,163.90276662734846,7.97650265301978,6.000067516302427,0.08643720035075556,163.90276662734846
0.22414943295530354,162.59088057137743,9.2549626248815,6.000090529583561,0.11036050757184798,162.59088057137743
0.2561707805203469,161.2895228298998,10.520757477932314,6.000116523281863,0.13581030935481792,161.2895228298998
0.2881921280853903,159.99860886284165,11.774279498791921,6.000145376719078,0.16256617793495176,159.99860886284165
0.3202134756504337,158.71805481435848,13.015857941017302,6.000176976791582,0.19045237544380386,158.71805481435848
0.352234823215477,157.44777750622424,14.245774809000459,6.000211217258613,0.21932654293040676,157.44777750622424
0.3842561707805204,156.18769443154295,15.464276016789006,6.0002479981307575,0.24907170514348256,156.18769443154295
0.41627751834556376,154.93772374871168,16.67157937395727,6.000287225139401,0.27959054998628347,154.93772374871168
0.4482988659106071,153.6977842755739,17.867880420774462,6.00032880927122,0.3108012497667526,153.6977842755739
0.48032021347565046,152.4677954837248,19.05335679532503,6.000372666356104,0.3426343348287918,152.4677954837248
0.5123415610406938,151.24767749294142,20.228171552506375,6.000418716699852,0.3750303185139208,151.24767749294142
0.5443629086057372,150.0373510657169,21.39247574090972,6.000466884754432,0.40793785407556127,150.0373510657169
0.5763842561707806,148.83673760188938,22.546410371090086,6.000517098822186,0.4413123278357666,148.83673760188938
0.608405603735824,147.64575913334966,23.69010796002091,6.00056929078827,0.4751147561077749,147.64575913334966
0.6404269513008674,146.4643383188135,24.823693874414754,6.000623395875252,0.5093108262444264,146.4643383188135
0.6724482988659106,145.29239843866696,25.94728733238049,6.000679352421002,0.5438701825624701,145.29239843866696
0.704469646430954,144.1298633898755,27.061002174089865,6.000737101678634,0.5787658778002042,144.1298633898755
0.7364909939959974,142.9766576809367,28.164947628358586,6.000796587627225,0.6139738274532477,142.9766576809367
0.7685123415610408,141.83270642690053,29.25922880385392,6.000857756804379,0.6494724614633217,141.83270642690053
0.8005336891260841,140.6979353444307,30.34394719325119,6.000920558148287,0.68524236657545,140.6979353444307
0.8325550366911275,139.57227074691716,31.41920107119595,6.000984942852625,0.7212660047758745,139.57227074691716
0.8645763842561709,138.45563953963787,32.48508580748718,6.001050864234681,0.7575274924561455,138.45563953963787
0.8965977318212142,137.34796921496076,33.54169417613968,6.0011182776100895,0.7940123824908044,137.34796921496076
0.9286190793862575,136.24918784758995,34.58911661216679,6.001187140176751,0.8307074837503615,136.24918784758995
0.9606404269513009,135.15922408986611,35.62744135754007,6.001257410914897,0.8676007600055862,135.15922408986611
0.9926617745163443,134.07800716710534,36.65675459721243,6.001329050492826,0.9046812359177455,134.07800716710534
1.0246831220813877,133.00546687293797,37.67714085491409,6.001402021151436,0.941938716811781,133.00546687293797
1.056704469646431,131.94153356475994,38.68868287907904,6.0014762866449445,0.9793638738396117,131.94153356475994
1.0887258172114744,130.8861381591779,39.691461815979174,6.001551812155265,1.0169481232695825,130.8861381591779
1.1207471647765177,129.83921212747725,40.685557469044255,6.001628564199408,1.0546834439773558,129.83921212747725
1.1527685123415612,128.8006874911877,41.67104818140503,6.001706510586952,1.0925624649215695,128.8006874911877
1.1847898599066045,127.7704968176289,42.64801103450868,6.001785620338399,1.1305783260837383,127.7704968176289
1.216811207471648,126.74857321551428,43.61652192852404,6.001865863623595,1.1687246240854365,126.74857321551428
1.2488325550366912,125.7348503306108,44.57665556881622,6.001947211717947,1.206995425079973,125.7348503306108
1.2808539026017347,124.72926234139481,45.52848560619838,6.002029636933327,1.245385167436398,124.72926234139481
1.312875250166778,123.73174395477737,46.47208464994808,6.002113112576249,1.283888655550122,123.73174395477737
1.3448965977318212,122.74223040185723,47.40752430177474,6.002197612903486,1.322501038616791,122.74223040185723
1.3769179452968647,121.76065743368837,48.334875243827,6.00228311306665,1.361217750669627,121.76065743368837
1.408939292861908,120.7869613171148,49.25420723645249,6.002369589081118,1.4000345152305298,120.7869613171148
1.4409606404269515,119.82107883061761,50.16558916539509,6.002457017783293,1.438947314527393,119.82107883061761
1.4729819879919948,118.86294726019332,51.069089091063226,6.002545376788353,1.4779523572033477,118.86294726019332
1.5050033355570382,117.91250439528848,51.964774251492685,6.002634644463684,1.517046079157187,117.91250439528848
1.5370246831220815,116.9696885247299,52.85271112319651,6.002724799883458,1.5562251029172514,116.9696885247299
1.5690460306871248,116.03443843272669,53.73296542484952,6.002815822805468,1.5954862379096517,116.03443843272669
1.6010673782521683,115.10669339490656,54.605602116999556,6.002907693650519,1.6348264835459376,115.10669339490656
1.6330887258172115,114.18639317436846,55.47068542329834,6.003000393474749,1.6742430168828277,114.18639317436846
1.665110073382255,113.27347801776125,56.32827885560197,6.003093903941003,1.7137331774904097,113.27347801776125
1.6971314209472983,112.36788865129026,57.17844536021463,6.003188207241793,1.7532943656034057,112.36788865129026
1.7291527685123418,111.46956627699527,58.021247182600426,6.003283286137955,1.7929241417187765,111.46956627699527
1.761174116077385,110.57845256892044,58.85674589517874,6.003379123931781,1.8326202094631394,110.57845256892044
1.7931954636424283,109.69448966931866,59.68500242100329,6.003475704442763,1.872380401381902,109.69448966931866
1.8252168112074718,108.8176201848514,60.50607708022227,6.003573011971412,1.9122026484198782,108.8176201848514
1.857238158772515,107.94778718277857,61.320029669340684,6.00367103124763,1.9520849259190927,107.94778718277857
1.8892595063375586,107.08493418741816,62.12691934513393,6.0037697474759275,1.9920253393060894,107.08493418741816
1.9212808539026018,106.2290051764295,62.92680467696956,6.003869146298499,2.0320220893117313,106.2290051764295
1.9533022014676453,105.37994457717888,63.71974365581046,6.003969213780266,2.0720734681496094,105.37994457717888
1.9853235490326886,104.53769726304137,64.50579374677903,6.0040699363666565,2.1121778245584832,104.53769726304137
2.017344896597732,103.70220854984919,65.28501188497593,6.004171300877593,2.152333569357998,103.70220854984919
2.0493662441627754,102.87342419241833,66.05745444771367,6.00427329451681,2.192539197830164,102.87342419241833
2.0813875917278186,102.05129038099147,66.82317728040175,6.004375904847894,2.2327932737549863,102.05129038099147
2.113408939292862,101.23575373774176,67.58223570522713,6.004479119781187,2.2730944257181918,101.23575373774176
2.1454302868579056,100.42676131319894,68.33468456043619,6.0045829275370535,2.3134413215772263,100.42676131319894
2.177451634422949,99.62426058292172,69.08057817572625,6.004687316659527,2.3538326884659213,99.62426058292172
2.209472981987992,98.8281994440894,69.81997037913813,6.00479227600562,2.394267310316436,98.8281994440894
2.2414943295530354,98.03852621210706,70.55291450804091,6.00489779473177,2.434744022442668,98.03852621210706
2.273515677118079,97.25518961722476,71.27946342042029,6.005003862279379,2.4752617058976925,97.25518961722476
2.3055370246831224,96.4781388011291,71.9996695161217,6.005110468351176,2.5158192747306303,96.4781388011291
2.3375583722481657,95.70732331377097,72.71358471914074,6.005217602924652,2.556415690933742,95.70732331377097
2.369579719813209,94.94269311005466,73.42126049043894,6.0053252562368735,2.597049957655901,94.94269311005466
2.401601067378252,94.18419854659075,74.12274783379655,6.005433418776102,2.6377211173500554,94.18419854659075
2.433622414943296,93.43179037841037,74.8180973090091,6.005542081265216,2.6784282446983085,93.43179037841037
2.465643762508339,92.685419755767,75.5073590375369,6.00565123465374,2.7191704448693037,92.685419755767
2.4976651100733824,91.94503822104762,76.19058269798809,6.00576087012144,2.7599468589647724,91.94503822104762
2.5296864576384257,91.21059770559383,76.86781753544408,6.005870979066552,2.8007566596346307,91.21059770559383
2.5617078052034694,90.4820505265737,77.53911236703807,6.005981553098184,2.84159904933424,90.4820505265737
2.5937291527685127,89.75934938368033,78.2045156029383,6.006092584008558,2.8824732476987536,89.75934938368033
2.625750500333556,89.04244735632629,78.86407523040785,6.006204063793898,2.923378504944494,89.04244735632629
2.657771847898599,88.33129790060161,79.51783881821525,6.006315984648665,2.964314100898598,88.33129790060161
2.6897931954636425,87.62585484620868,80.16585352464664,6.006428338955188,3.0052793414713834,87.62585484620868
2.721814543028686,86.92607239347934,80.80816610096235,6.006541119279357,3.046273558324786,86.92607239347934
2.7538358905937295,86.23190511041894,81.44482289458642,6.006654318366805,3.0872961087121626,86.23190511041894
2.7858572381587727,85.54330792977717,82.07586985202876,6.00676792913953,3.1283463754894885,85.54330792977717
2.817878585723816,84.86023614614429,82.70135252166112,6.006881944692807,3.169423767212948,84.86023614614429
2.8498999332888593,84.18264541224947,83.3213161098714,6.006996358218095,3.210527680674973,84.18264541224947
2.881921280853903,83.51049173655576,83.93580545436804,6.007111163041037,3.2516575216981174,83.51049173655576
2.9139426284189462,82.84373148111916,84.54486498178692,6.007226352681342,3.2928127369535747,82.84373148111916
2.9459639759839895,82.18232135828848,85.14853874219517,6.007341920806012,3.33399279167593,82.18232135828848
2.977985323549033,81.52621842791227,85.74687041209401,6.007457861226366,3.375197169518315,81.52621842791227
3.0100066711140765,80.87538009457154,86.3399032972425,6.007574167895418,3.4164253725168723,80.87538009457154
3.0420280186791198,80.22976410483803,86.92768033530244,6.007690834905585,3.4576769211645444,80.22976410483803
3.074049366244163,79.58932854455784,87.51024409830414,6.007807856486719,3.498951354594175,79.58932854455784
3.1060707138092063,78.95403183561108,88.08763681822805,6.007925226967281,3.5402482146330705,78.95403183561108
3.1380920613742496,78.3238327326837,88.6599004129523,6.008042940734958,3.5815670295869038,78.3238327326837
3.1701134089392933,77.69869032230878,89.227076417031,6.0081609923493895,3.622907364347517,77.69869032230878
3.2021347565043365,77.0785640194683,89.78920601666252,6.008279376488471,3.664268797857955,77.0785640194683
3.23415610406938,76.46341356494108,90.34633005397872,6.008398087943749,3.705650921947393,76.46341356494108
3.266177451634423,75.8531990227073,90.89848902982921,6.0085171216182225,3.7470533411997002,75.8531990227073
3.298198799199467,75.24788077737742,91.44572310645688,6.008636472524428,3.788475672882354,75.24788077737742
3.33022014676451,74.64741953164476,91.98807211006466,6.00875613578269,3.829917546935701,74.64741953164476
3.3622414943295533,74.05177630354333,92.52557553849235,6.008876106609626,3.871378602456468,74.05177630354333
3.3942628418945966,73.4609124228777,93.05827258910703,6.008996380267881,3.912858470354379,73.4609124228777
3.42628418945964,72.87478953045613,93.5862021202909,6.009116952143231,3.9543568013706376,72.87478953045613
3.4583055370246836,72.29336957514347,94.10940266539431,6.009237817721077,3.9958732582306866,72.29336957514347
3.490326884589727,71.71661481125444,94.6279124390352,6.009358972577648,4.037407513013056,71.71661481125444
3.52234823215477,71.1444877961197,95.14176933973876,6.009480412378206,4.07895924700524,71.1444877961197
3.5543695797198134,70.57695138767428,95.65101095250535,6.009602132875444,4.120528150594584,70.57695138767428
3.5863909272848566,70.01396874206864,96.15567455130686,6.009724129907992,4.162113923194167,70.01396874206864
3.6184122748499004,69.45550331125325,96.65579710220184,6.009846399397592,4.2037162727462025,69.45550331125325
3.6504336224149436,68.9015188395491,97.15141528112514,6.009968937313664,4.2453349054925145,68.9015188395491
3.682454969979987,68.35197936248943,97.64256545962007,6.010091739709015,4.28696953696795,68.35197936248943
3.71447631754503,67.80684920461091,98.12928370575774,6.01021480272184,4.328619892921238,67.80684920461091
3.746497665110074,67.26609297682413,98.6116057912899,6.010338122563872,4.370285706093903,67.26609297682413
3.778519012675117,66.72967557413078,99.08956719411461,6.010461695518949,4.411966716091874,66.72967557413078
3.8105403602401604,66.19756217336217,99.5632031006908,6.010585517941677,4.453662669278375,66.19756217336217
3.8425617078052037,65.66971823093814,100.03254840840201,6.010709586256186,4.495373318688132,65.66971823093814
3.874583055370247,65.14610948064757,100.49763772786893,6.010833896955019,4.537098423962871,65.14610948064757
3.9066044029352907,64.62670193070925,100.95850539197333,6.010958446581417,4.578837747021702,64.62670193070925
3.938625750500334,64.11146186181833,101.41518545601959,6.01108323173346,4.620591053338227,64.11146186181833
3.970647098065377,63.60035582585401,101.86771169199505,6.011208249082762,4.662358116947365,63.60035582585401
4.0026684456304205,63.093350643185495,102.31611759577746,6.0113334953611774,4.7041387172343,63.093350643185495
4.034689793195464,62.59041340053125,102.76043638942784,6.011458967359632,4.745932638827431,62.59041340053125
4.066711140760507,62.09151144883786,103.20070102344509,6.011584661927018,4.787739671504843,62.09151144883786
4.098732488325551,61.59661240117856,103.63694417898182,6.011710575969175,4.829559610114236,61.59661240117856
4.130753835890594,61.10568413067119,104.06919827002176,6.01183670644794,4.871392254506323,61.10568413067119
4.162775183455637,60.61869476805735,104.49749544773744,6.011963050374392,4.913237408158774,60.61869476805735
4.194796531020681,60.13561269910266,104.92186760603629,6.012089604798942,4.95509487608225,60.13561269910266
4.226817878585724,59.65640656392269,105.34234637527547,6.012216366832698,4.9969644697701625,59.65640656392269
4.2588392261507675,59.181045254396366,105.75896312789189,6.012343333637283,5.0388460050355945,59.181045254396366
4.290860573715811,58.70949791211843,106.17174898078105,6.012470502423207,5.080739301776807,58.70949791211843
4.322881921280854,58.24173392641005,106.58073479739755,6.012597870448968,5.122644183899256,58.24173392641005
4.354903268845898,57.77772293234786,106.98595118982492,6.012725435020202,5.164560479246376,57.77772293234786
4.386924616410941,57.31743480881135,107.3874285208143,6.012853193488889,5.2064880195391865,57.31743480881135
4.418945963975984,56.860839676193585,107.78519690733314,6.012981143248374,5.248426639482802,56.860839676193585
4.450967311541028,56.407907892452776,108.1792862313607,6.013109281708439,5.2903761719038345,56.407907892452776
4.482988659106071,55.95861005495196,108.56972612561984,6.013237606339254,5.332336456579083,55.95861005495196
4.5150100066711145,55.51291699750877,108.9565459801395,6.0133661146580355,5.374307337670638,55.51291699750877
4.547031354236158,55.07079978811178,109.33977494597382,6.013494804223469,5.416288662707127,55.07079978811178
4.579052701801201,54.63222972706795,109.71944193710009,6.013623672635131,5.458280282552235,54.63222972706795
4.611074049366245,54.197178345167856,110.09557563228762,6.01375271753296,5.500282051381326,54.197178345167856
4.643095396931288,53.7656174018692,110.46820447693665,6.013881936596766,5.542293826666098,53.7656174018692
4.675116744496331,53.337518883498184,110.83735668488856,6.014011327545794,5.584315469167363,53.337518883498184
4.707138092061375,52.91285500146902,111.20306024020577,6.014140888138359,5.62634684293588,52.91285500146902
4.739159439626418,52.491598190521415,111.56534289892303,6.014270616171501,5.66838781532126,52.491598190521415
4.7711807871914615,52.073721106976066,111.92423219076873,6.014400509480718,5.710438256988985,52.073721106976066
4.803202134756504,51.65919662700839,112.27975542085696,6.014530565939731,5.752498041945449,51.65919662700839
4.835223482321548,51.247997844939896,112.63193967135022,6.014660783460315,5.794567047571137,51.247997844939896
4.867244829886592,50.84009807154802,112.98081180309245,6.014791159992171,5.836645154661833,50.84009807154802
4.899266177451635,50.435470830483034,113.32639846441998,6.014921693503145,5.878732243717448,50.435470830483034
4.931287525016678,50.03408984669275,113.66872613015697,6.015052381876866,5.920828175473803,50.03408984669275
4.963308872581721,49.63592906354224,114.00782103241426,6.015183223106255,5.962932827881899,49.63592906354224
4.995330220146765,49.24096263552602,114.34370918348999,6.015314215235111,6.005046085023145,49.24096263552602
5.027351567711809,48.8491649246954,114.67641638479553,6.015445356337909,6.047167833308892,48.8491649246954
5.059372915276851,48.46051049902607,115.00596822850183,6.015576644519458,6.08929796147123,48.46051049902607
5.091394262841895,48.07497413080214,115.33239009916176,6.015708077914599,6.131436360558847,48.07497413080214
5.123415610406939,47.692530795016886,115.65570717530893,6.015839654687949,6.1735829239379605,47.692530795016886
5.155436957971982,47.313155667789715,115.97594443103276,6.015971373033665,6.215737547298328,47.313155667789715
5.187458305537025,46.93682412479981,116.29312663752995,6.016103231175252,6.257900128664343,46.93682412479981
5.219479653102068,46.56351173973636,116.60727836463217,6.01623522736541,6.300070568411188,46.56351173973636
5.251501000667112,46.193194282765056,116.91842398231013,6.016367359885907,6.342248769286091,46.193194282765056
5.283522348232156,45.82584771901135,117.22658766215399,6.016499627047495,6.3844346364346265,45.82584771901135
5.315543695797198,45.461448207060066,117.53179337883002,6.016632027189861,6.42662807743212,45.461448207060066
5.347565043362242,45.09997209747155,117.83406491151364,6.016764558681602,6.468829002320118,45.09997209747155
5.379586390927285,44.741395928800436,118.13342585238712,6.016897219901352,6.511037320403493,44.741395928800436
5.411607738492329,44.38569641430455,118.42989964141063,6.01703000914878,6.553252925016381,44.38569641430455
5.443629086057372,44.03285046354779,118.72350950272744,6.0171629248179395,6.595475723305063,44.03285046354779
5.475650433622415,43.68283517367264,119.01427846661302,6.017295965342427,6.637705626850937,43.68283517367264
5.507671781187459,43.3356278257475,119.30222937713754,6.017429129178604,6.679942548827037,43.3356278257475
5.539693128752502,42.991205883320674,119.58738489362966,6.0175624148053375,6.7221864039856545,42.991205883320674
5.5717144763175455,42.649546990988604,119.86976749212256,6.017695820723759,6.764437108648681,42.649546990988604
5.603735823882589,42.31062897297908,120.14939946678108,6.017829345457038,6.806694580700572,42.31062897297908
5.635757171447632,41.974429831748914,120.42630293131054,6.017962987550186,6.848958739584027,41.974429831748914
5.667778519012676,41.64092774659627,120.70049982034726,6.018096745569876,6.891229506298301,41.64092774659627
5.6997998665777185,41.31010107228777,120.97201189083053,6.01823061810429,6.9335068034002205,41.31010107228777
5.731821214142762,40.98192833770003,121.24086072335616,6.018364603762973,6.975790555007862,40.98192833770003
5.763842561707806,40.65638824447607,121.50706772351167,6.018498701176736,7.0180806868068775,40.65638824447607
5.795863909272849,40.33345966569617,121.77065412319294,6.018632908997548,7.060377126059532,40.33345966569617
5.8278852568378925,40.01312164456352,122.03164098190263,6.018767225898473,7.102679801616384,40.01312164456352
5.859906604402936,39.69535339070105,122.29004919285747,6.018901650561982,7.144988642214305,39.69535339070105
5.891927951967979,39.3801342686013,122.54589950486897,6.019036181630239,7.187303569162924,39.3801342686013
5.923949299533023,39.06744381693561,122.79921248224845,6.019170817804712,7.229624511060944,39.06744381693561
5.955970647098066,38.7572617404718,123.05000851974397,6.019305557813146,7.271951398943514,38.7572617404718
5.987991994663109,38.449567906965875,123.29830784749657,6.019440400400564,7.314284164973919,38.449567906965875
6.020013342228153,38.1443423458809,123.54413053233819,6.0195753443290565,7.356622742432234,38.1443423458809
6.052034689793196,37.84156524711861,123.78749647907387,6.019710388377588,7.398967065705472,37.84156524711861
6.0840560373582395,37.54121695976423,124.02842543174944,6.0198455313418195,7.441317070279209,37.54121695976423
6.116077384923282,37.243277990844184,124.26693697490362,6.01998077203394,7.483672692730702,37.243277990844184
6.148098732488326,36.94772900409678,124.5030505348053,6.020116109282516,7.526033870723493,36.94772900409678
6.18012008005337,36.65455081875597,124.73678538067574,6.020251541932354,7.568400543003502,36.65455081875597
6.212141427618413,36.363724408347984,124.96816062589544,6.02038706884437,7.6107726493965995,36.363724408347984
6.244162775183456,36.07523089950098,125.19719522919621,6.020522688895482,7.653150130807686,36.07523089950098
6.276184122748499,35.789051570767796,125.42390799583785,6.0206584009785065,7.695532929221227,35.789051570767796
6.308205470313543,35.50516785146149,125.64831757877,6.020794204002079,7.737920987703319,35.50516785146149
6.3402268178785866,35.22356131818944,125.87044248344068,6.020930096883228,7.780314249452933,35.22356131818944
6.372248165443629,34.94421368475584,126.09030108310205,6.021066078518882,7.822712654121137,34.94421368475584
6.404269513008673,34.6671068195706,126.30791159060355,6.021202147844656,7.865116145442724,34.6671068195706
6.436290860573716,34.39222273813206,126.52329206962675,6.021338303814495,7.907524668609154,34.39222273813206
6.46831220813876,34.119543600367926,126.73646043823875,6.0214745453957015,7.949938169636446,34.119543600367926
6.500333555703803,33.8490517094998,126.94743447004126,6.02161087156877,7.992356595355901,33.8490517094998
6.532354903268846,33.58072951091892,127.15623179530671,6.021747281327249,8.034779893405704,33.58072951091892
6.56437625083389,33.314559591073674,127.36286990210182,6.0218837736775805,8.077208012223423,33.314559591073674
6.596397598398934,33.05052467636837,127.5673661373983,6.02202034763898,8.119640901039334,33.05052467636837
6.628418945963976,32.7886076320737,127.76973770817081,6.022157002243305,8.16207850987068,32.7886076320737
6.66044029352902,32.528791461248524,127.9700016824824,6.0222937365349365,8.204520789516753,32.528791461248524
6.692461641094063,32.271059303673326,128.16817499055674,6.022430549570676,8.246967691554875,32.271059303673326
6.724482988659107,32.01539443479501,128.36427442583815,6.022567440419645,8.28941916833726,32.01539443479501
6.75650433622415,31.761780264683328,128.5583166460386,6.022704408163189,8.331875172988731,31.761780264683328
6.788525683789193,31.510200336998686,128.75031817417195,6.022841451894804,8.374335659405318,31.510200336998686
6.820547031354237,31.2606383258051,128.94029540253618,6.022978570715239,8.416800581693321,31.2606383258051
6.85256837891928,31.01307802697022,129.12826460409596,6.023115763715556,8.459269892205986,31.01307802697022
6.884589726484323,30.76750337340002,129.31424191129545,6.02325303001317,8.501743545743857,30.76750337340002
6.916611074049367,30.52389842822596,129.4982433250045,6.023390368738842,8.544221498049545,30.52389842822596
6.94863242161441,30.282247382565046,129.68028471721829,6.023527779033837,8.586703705483423,30.282247382565046
6.980653769179454,30.042534554513654,129.86038183207404,6.023665260049786,8.629190125016335,30.042534554513654
7.0126751167444965,29.8047443881515,130.03855028685686,6.023802810948578,8.671680714222818,29.8047443881515
7.04469646430954,29.568861452555755,130.21480557299452,6.023940430902238,8.714175431274905,29.568861452555755
7.076717811874584,29.334870440825455,130.3891630570413,6.024078119092827,8.756674234936417,29.334870440825455
7.108739159439627,29.102756169115974,130.56163798165096,6.024215874712337,8.799177084557837,29.102756169115974
7.1407605070046705,28.87250357568381,130.73224546653844,6.024353696962592,8.841683940071675,28.87250357568381
7.172781854569713,28.644097719941488,130.90100050943138,6.024491585055165,8.884194761988415,28.644097719941488
7.204803202134757,28.417523781522693,131.0679179870096,6.024629538211286,8.926709511392977,28.417523781522693
7.236824549699801,28.19276705935757,131.2330126558343,6.024767555661775,8.969228149941692,28.19276705935757
7.2688458972648435,27.96981297075826,131.3962991532665,6.024905636646956,9.011750639859875,27.96981297075826
7.300867244829887,27.74864704846311,131.55779200091519,6.025043780413342,9.054276943594749,27.74864704846311
7.332888592394931,27.529254933245557,131.717505613582,6.025181986203265,9.096807022721073,27.529254933245557
7.364909939959974,27.311622387420176,131.87545428232053,6.025320253277649,9.139340840361115,27.311622387420176
7.3969312875250175,27.09573528861689,132.03165218194047,6.025458580907485,9.18187836028397,27.09573528861689
7.42895263509006,26.881579627879965,132.18611337315636,6.025596968372124,9.22441954673124,26.881579627879965
7.460973982655104,26.66914150877645,132.33885180348705,6.02573541495919,9.266964364411356,26.66914150877645
7.492995330220148,26.458407146513633,132.4898813081464,6.025873919964477,9.30951277849426,26.458407146513633
7.525016677785191,26.249362867065532,132.6392156109233,6.026012482691868,9.352064754606388,26.249362867065532
7.557038025350234,26.041995106308423,132.78686832505355,6.026151102453246,9.394620258826055,26.041995106308423
7.589059372915277,25.836290409165407,132.93285295408097,6.026289778568407,9.437179257679121,25.836290409165407
7.621080720480321,25.63223542875999,133.07718289271,6.0264285103649895,9.479741718135042,25.63223542875999
7.6531020680453645,25.429816925578752,133.21987142764777,6.026567297178395,9.522307607603251,25.429816925578752
7.685123415610407,25.22902176664299,133.36093173843778,6.026706138351723,9.564876893929863,25.22902176664299
7.717144763175451,25.029836924689413,133.5003768982829,6.026845033235702,9.607449545394765,25.029836924689413
7.749166110740494,24.832249477359923,133.63821987485994,6.026983981188625,9.650025530708985,24.832249477359923
7.781187458305538,24.636246604343924,133.77447353351235,6.027122981573912,9.692604818778754,24.636246604343924
7.813208805870581,24.44181558076895,133.90915064480262,6.02726203375327,9.735187378042376,24.44181558076895
7.845230153435624,24.24894378996427,134.04226386956213,6.027401137102423,9.7777731780084,24.24894378996427
7.877251501000668,24.057618717439116,134.1738257657628,6.027540291004942,9.820362188657937,24.057618717439116
7.9092728485657116,23.867827949219055,134.30384879032684,6.027679494851168,9.862954380341646,23.867827949219055
7.941294196130754,23.679559171058216,134.43234529992088,6.02781874803814,9.905549723775598,23.679559171058216
7.973315543695798,23.492800167659556,134.5593275517413,6.027958049969514,9.948148190037358,23.492800167659556
8.005336891260841,23.307538821903293,134.68480770429076,6.028097400055501,9.990749750562298,23.307538821903293
8.037358238825885,23.123763114083424,134.80879781814707,6.028236797712805,10.03335437714018,23.123763114083424
8.069379586390928,22.941461121152386,134.93130985672315,6.028376242364544,10.075962041911913,22.941461121152386
8.101400933955972,22.76062101597375,135.05235568701823,6.02851573344021,10.118572717366646,22.76062101597375
8.133422281521014,22.58123106658313,135.17194708036124,6.028655270375601,10.161186376338973,22.58123106658313
8.165443629086058,22.403279635457068,135.29009571314546,6.028794852612762,10.203802992006514,22.403279635457068
8.197464976651101,22.226755178790224,135.4068131675546,6.028934479599949,10.246422537887586,22.226755178790224
8.229486324216145,22.051646245780468,135.52211093228053,6.0290741507915655,10.28904498783925,22.051646245780468
8.261507671781189,21.877941477922203,135.63600040323283,6.029213865648125,10.331670316055488,21.877941477922203
8.29352901934623,21.70562960196947,135.74849289133715,6.029353623630423,10.374298496532042,21.70562960196947
8.325550366911274,21.53469943276401,135.85959961928754,6.029493424202705,10.416929503361334,21.53469943276401
8.357571714476318,21.365139880622532,135.96933171319392,6.02963326684,10.45956331141082,21.365139880622532
8.389593062041362,21.19693994491601,136.07770020969258,6.029773151022843,10.502199895838327,21.19693994491601
8.421614409606406,21.030088713367224,136.1847160566538,6.029913076237205,10.544839232088412,21.030088713367224
8.453635757171448,20.864575361357293,136.29039011388022,6.030053041974434,10.58748129588903,20.864575361357293
8.485657104736491,20.70038915123957,136.39473315379752,6.03019304773121,10.63012606324835,20.70038915123957
8.517678452301535,20.53751943166043,136.497755862138,6.030333093009469,10.672773510451748,20.53751943166043
8.549699799866579,20.375955636887277,136.59946883861653,6.030473177316362,10.715423614058915,20.375955636887277
8.581721147431622,20.215687286143577,136.6998825975998,6.030613300164199,10.758076350901147,20.215687286143577
8.613742494996664,20.056703982951028,136.79900756876754,6.030753461070405,10.800731698078765,20.056703982951028
8.645763842561708,19.898995414478755,136.89685409776706,6.03089365955746,10.84338963295872,19.898995414478755
8.677785190126752,19.742551350899713,136.99343244685988,6.031033895152866,10.886050133172292,19.742551350899713
8.709806537691795,19.587361644754072,137.08875279556165,6.031174167389095,10.928713176612991,19.587361644754072
8.74182788525684,19.433416230319736,137.18282524127443,6.031314475803549,10.971378741434616,19.433416230319736
8.773849232821881,19.280705122323003,137.27565980063207,6.03145481993808,11.014046806011812,19.280705122323003
8.805870580386925,19.129218408535728,137.3672664174508,6.031595199334442,11.056717348556088,19.129218408535728
8.837891927951969,18.978946260040132,137.45765495159318,6.031735613541474,11.099390347726803,18.978946260040132
8.869913275517012,18.829878928652835,137.54683518170486,6.031876062113761,11.142065782518573,18.829878928652835
8.901934623082056,18.682006744479853,137.63481680780984,6.03201654461037,11.184743632155786,18.682006744479853
8.9339559706471,18.535320115302056,137.7216094519288,6.032157060594792,11.227423876089999,18.535320115302056
8.965977318212142,18.389809525966974,137.80722265869107,6.0322976096349175,11.270106493997393,18.389809525966974
8.997998665777185,18.245465537786867,137.89166589593984,6.032438191302965,11.312791465776453,18.245465537786867
9.030020013342229,18.1022787879431,137.9749485553311,6.032578805175464,11.355478771545597,18.1022787879431
9.062041360907273,17.96023998889672,138.05707995292641,6.032719450833188,11.398168391641045,17.96023998889672
9.094062708472316,17.819339927805466,138.1380693297786,6.03286012786113,11.440860306614708,17.819339927805466
9.126084056037358,17.679569465946926,138.21792585251174,6.033000835848462,11.48355449723223,17.679569465946926
9.158105403602402,17.540919538148025,138.29665861389424,6.033141574388484,11.526250944471133,17.540919538148025
9.190126751167446,17.40338115222082,138.37427663340554,6.033282343078606,11.568949629519018,17.40338115222082
9.22214809873249,17.26694538840459,138.45078885779665,6.033423141520301,11.61165053377195,17.26694538840459
9.254169446297533,17.131603398814153,138.52620416164368,6.033563969319075,11.654353638832873,17.131603398814153
9.286190793862575,16.99734640418929,138.6005313507688,6.033704826082987,11.697058926392632,16.99734640418929
9.318212141427619,16.864165690865654,138.67377916542515,6.033845711421295,11.739766378120402,16.864165690865654
9.350233488992663,16.732052620253377,138.74595627019957,6.033986624949768,11.782475976097544,16.732052620253377
9.382254836557706,16.600998623400248,138.81707125975552,6.034127566288042,11.82518770260309,16.600998623400248
9.41427618412275,16.470995200176393,138.8871326596679,6.034268535059433,11.867901540099894,16.470995200176393
9.446297531687792,16.3420339187344,138.9561489269663,6.034409530890895,11.910617471232582,16.3420339187344
9.478318879252836,16.21410641497491,139.02412845067192,6.03455055341299,11.953335478825604,16.21410641497491
9.51034022681788,16.08720439201776,139.09107955232935,6.034691602259849,11.996055545881314,16.08720439201776
9.542361574382923,15.961319619678658,139.15701048653233,6.034832677069129,12.038777655578153,15.961319619678658
9.574382921947967,15.83644393395139,139.22192944144442,6.0349737774819925,12.081501791268916,15.83644393395139
9.606404269513009,15.712569236495556,139.2858445393133,6.035114903143066,12.124227936479048,15.712569236495556
9.638425617078052,15.589687494129807,139.3487638369802,6.035256053700409,12.166956074905055,15.589687494129807
9.670446964643096,15.46779073833069,139.41069532638295,6.035397228805481,12.209686190412974,15.46779073833069
9.70246831220814,15.34687106473695,139.47164693505405,6.035538428113117,12.252418267036912,15.34687106473695
9.734489659773184,15.226920632659395,139.53162652661268,6.035679651281496,12.295152288977663,15.226920632659395
9.766511007338226,15.1079316645221,139.59064190132878,6.035820897972082,12.337888240599016,15.1079316645221
9.79853235490327,14.989896440192675,139.6487008020319,6.03596216784743,12.380626106260523,14.989896440192675
9.830553702468313,14.872807302170466,139.70581090866565,6.036103460573524,12.423365870497403,14.872807302170466
9.862575050033357,14.756656657099155,139.76197983668672,6.036244775820584,12.466107518082788,14.756656657099155
9.8945963975984,14.64143697260216,139.8172151403539,6.036386113261904,12.508851033940296,14.64143697260216
9.926617745163442,14.527140776803526,139.87152431321002,6.036527472573831,12.551596403142362,14.527140776803526
9.958639092728486,14.413760657853656,139.92491478855789,6.036668853435729,12.59434361090866,14.413760657853656
9.99066044029353,14.301289263459974,139.97739393993282,6.036810255529948,12.637092642604532,14.301289263459974
10.022681787858573,14.189719300422412,140.02896908156848,6.036951678541797,12.679843483739498,14.189719300422412
10.054703135423617,14.079043534173815,140.07964746885895,6.037093122159519,12.722596119965806,14.079043534173815
10.086724482988659,13.969254788325193,140.12943629881545,6.037234586074253,12.765350537077047,13.969254788325193
10.118745830553703,13.86034594421585,140.17834271051808,6.0373760699800165,12.808106721006816,13.86034594421585
10.150767178118747,13.752309940468422,140.22637378556274,6.037517573573677,12.850864657827412,13.752309940468422
10.18278852568379,13.645139772548767,140.27353654850288,6.0376590965549255,12.893624333748603,13.645139772548767
10.214809873248834,13.538828492330731,140.31983796728673,6.037800638626252,12.93638573511646,13.538828492330731
10.246831220813878,13.433369207665779,140.36528495368896,6.0379421994929245,12.9791488484122,13.433369207665779
10.27885256837892,13.328755080982303,140.409884364748,6.038083778862627,13.02191366022677,13.328755080982303
10.310873915943963,13.22497932471147,140.45364300748997,6.038225376444032,13.06468015715609,13.22497932471147
10.342895263509007,13.122035209278787,140.49656763063825,6.038366991949637,13.10744832601003,13.122035209278787
10.37491661107405,13.019916059886324,140.53866492793307,6.03850862509479,13.150218153741385,13.019916059886324
10.406937958639094,12.918615255343397,140.5799415393287,6.038650275597405,13.192989627425948,12.918615255343397
10.438959306204136,12.818126227645852,140.62040405141687,6.038791943177945,13.23576273426121,12.818126227645852
10.47098065376918,12.718442461559603,140.66005899784454,6.038933627559389,13.278537461565074,12.718442461559603
10.503002001334224,12.619557494208536,140.69891285972793,6.039075328467217,13.321313796774625,12.619557494208536
10.535023348899268,12.521464914666677,140.73697206606218,6.039217045629369,13.364091727444938,12.521464914666677
10.567044696464311,12.42415836355467,140.7742429941264,6.039358778776243,13.40687124124793,12.42415836355467
10.599066044029353,12.327631532640552,140.81073196988456,6.039500527640658,13.449652325971222,12.327631532640552
10.631087391594397,12.231878164444838,140.84644526838204,6.039642291957835,13.492434969517074,12.231878164444838
10.66310873915944,12.136892051849935,140.8813891141376,6.039784071465385,13.535219159901336,12.136892051849935
10.695130086724484,12.042667037713798,140.91556968153122,6.039925865903265,13.57800488525244,12.042667037713798
10.727151434289528,11.949197014487952,140.94899309518772,6.040067675013788,13.62079213381044,11.949197014487952
10.75917278185457,11.856475923839797,140.9816654303553,6.04020949854158,13.663580893926069,11.856475923839797
10.791194129419614,11.7644977535666,141.01359271606893,6.040351336232819,13.70637115400707,11.7644977535666
10.823215476984657,11.673256537733282,141.0447809349994,6.040493187835355,13.749162902527168,11.673256537733282
10.855236824549701,11.58274636146051,141.07523601852304,6.0406350531001225,13.791956128125614,11.58274636146051
10.887258172114745,11.492961357393058,141.1049638503424,6.040776931780243,13.834750819544627,11.492961357393058
10.919279519679787,11.403895705301023,141.13397026688796,6.040918823630993,13.877546965627849,11.403895705301023
10.95130086724483,11.31554363171022,141.1622610576885,6.041060728409791,13.920344555319316,11.31554363171022
10.983322214809874,11.227899409536429,141.18984196573913,6.041202645876168,13.9631435776624,11.227899409536429
11.015343562374918,11.140957357723384,141.21671868786405,6.041344575791754,14.005944021798843,11.140957357723384
11.047364909939962,11.054711840884579,141.24289687507655,6.041486517920259,14.048745876967798,11.054711840884579
11.079386257505003,10.969157268948882,141.26838213293445,6.041628472027444,14.091549132504884,10.969157268948882
11.111407605070047,10.884288096809879,141.29318002189243,6.041770437881118,14.13435377784128,10.884288096809879
11.143428952635091,10.80009882397911,141.31729605764968,6.041912415251106,14.177159802502855,10.80009882397911
11.175450300200135,10.716583994242985,141.34073571149463,6.0420544039092405,14.21996719610931,10.716583994242985
11.207471647765178,10.6337381953236,141.3635044106448,6.042196403629339,14.262775948373363,10.6337381953236
11.23949299533022,10.551556058543262,141.38560753858403,6.042338414187188,14.305586049099944,10.551556058543262
11.271514342895264,10.470032258257593,141.40705043563526,6.0424804353604715,14.348397488181753,10.470032258257593
11.303535690460308,10.389161507716903,141.42783840318617,6.042622466927881,14.391210255538734,10.389161507716903
11.335557038025351,10.30893856424481,141.4479766983879,6.042764508670358,14.43402434120369,10.30893856424481
11.367578385590395,10.229358228498498,141.46747053490503,6.042906560370997,14.476839735315009,10.229358228498498
11.399599733155437,10.150415342890739,141.486325084523,6.043048621814732,14.519656428096223,10.150415342890739
11.43162108072048,10.072104791261962,141.50454547747734,6.043190692788322,14.562474409855163,10.072104791261962
11.463642428285524,9.994421498555717,141.52213680277927,6.043332773080331,14.605293670983082,9.994421498555717
11.495663775850568,9.917360430497416,141.53910410853834,6.043474862481111,14.648114201953856,9.917360430497416
11.527685123415612,9.840916593276447,141.55545240228122,6.043616960782788,14.690935993323176,9.840916593276447
11.559706470980654,9.765085033231674,141.57118665126762,6.043759067779244,14.733759035727763,9.765085033231674
11.591727818545698,9.689860836540184,141.58631178280254,6.043901183266105,14.776583319884612,9.689860836540184
11.623749166110741,9.6152391289095,141.600832684545,6.044043307040717,14.819408836590247,9.6152391289095
11.655770513675785,9.541215075273035,141.6147542048138,6.044185438902136,14.862235576720007,9.541215075273035
11.687791861240829,9.467783879488954,141.62808115288956,6.044327578651122,14.905063531227352,9.467783879488954
11.719813208805872,9.394940784042344,141.64081829931354,6.044469726090108,14.947892691143169,9.394940784042344
11.751834556370914,9.32268106975078,141.6529703761832,6.044611881023197,14.990723047575148,9.32268106975078
11.783855903935958,9.251000054322265,141.66454207861588,6.044754043255922,15.033554591692441,9.251000054322265
11.815877251501002,9.179893090146074,141.67553806699448,6.044896212594852,15.076387314700558,9.179893090146074
11.847898599066045,9.109355569603844,141.6859629615543,6.045038388848684,15.119221207912137,9.109355569603844
11.87991994663109,9.039382922310708,141.6958213451886,6.045180571827728,15.162056262714756,9.039382922310708
11.911941294196131,8.969970614588718,141.70511776398016,6.045322761343867,15.204892470567227,8.969970614588718
11.943962641761175,8.901114149178818,141.71385672749042,6.045464957210526,15.247729822998892,8.901114149178818
11.975983989326219,8.832809064955807,141.72204270904575,6.045607159242665,15.290568311608917,8.832809064955807
12.008005336891262,8.76505093664622,141.7296801460201,6.045749367256766,15.333407928065645,8.76505093664622
12.040026684456306,8.697835374549154,141.7367734401154,6.045891581070815,15.37624866410593,8.697835374549154
12.072048032021348,8.631158024260065,141.74332695763886,6.046033800504293,15.419090511534476,8.631158024260065
12.104069379586392,8.565014566397481,141.74934502977672,6.04617602537816,15.461933462223264,8.565014566397481
12.136090727151435,8.499400716332712,141.7548319528658,6.0463182555148425,15.504777508110893,8.499400716332712
12.168112074716479,8.434312223922477,141.7597919886616,6.046460490738219,15.54762264120202,8.434312223922477
12.200133422281523,8.369744873244475,141.76422936460332,6.046602730873616,15.590468853566762,8.369744873244475
12.232154769846565,8.30569448233593,141.76814827407668,6.046744975747784,15.633316137340152,8.30569448233593
12.264176117411608,8.242156902926418,141.77155287668145,6.046887225188893,15.676164484721507,8.242156902926418
12.296197464976652,8.179128017646173,141.77444730106276,6.047029479026096,15.719013887947137,8.179128017646173
12.328218812541696,8.116603742008952,141.77683564289467,6.047171737089887,15.761864339313421,8.116603742008952
12.36024016010674,8.054580025979947,141.77872196328602,6.047313999212401,15.804715831195471,8.054580025979947
12.392261507671781,7.993052852048629,141.78011029073318,6.04745626522711,15.847568356028937,7.993052852048629
12.424282855236825,7.932018234973203,141.7810046213768,6.047598534968828,15.890421906309415,7.932018234973203
12.456304202801869,7.871472221527666,141.78140891925545,6.0477408082736845,15.93327647459187,7.871472221527666
12.488325550366913,7.811410890251428,141.78132711655684,6.047883084979119,15.976132053490073,7.811410890251428
12.520346897931956,7.751830351201555,141.78076311386639,6.048025364923869,16.018988635676042,7.751830351201555
12.552368245496998,7.69272674570762,141.77972078041316,6.048167647947956,16.061846213879516,7.69272674570762
12.584389593062042,7.634096246129124,141.7782039543131,6.048309933892678,16.10470478088742,7.634096246129124
12.616410940627086,7.575935055615567,141.77621644281004,6.048452222600594,16.147564329543343,7.575935055615567
12.64843228819213,7.518239407869069,141.77376202251338,6.04859451391552,16.190424852747057,7.518239407869069
12.680453635757173,7.461005566909622,141.77084443963375,6.048736807682512,16.233286343453983,7.461005566909622
12.712474983322215,7.40422982684293,141.76746741021594,6.048879103747852,16.27614879467476,7.40422982684293
12.744496330887259,7.347908511630853,141.76363462036903,6.049021401959053,16.319012199474766,7.347908511630853
12.776517678452302,7.292037974479887,141.75934972688344,6.0491637021647815,16.361876550970234,7.292037974479887
12.808539026017346,7.236614595179772,141.754616359924,6.049306004214493,16.404741842306287,7.236614595179772
12.84056037358239,7.1816347842776365,141.74943811880053,6.04944830795907,16.447608066695363,7.1816347842776365
12.872581721147432,7.127094981665752,141.74381857339594,6.049590613250629,16.490475217406285,7.127094981665752
12.904603068712476,7.072991655828137,141.7377612649269,6.049732919942443,16.533343287759067,7.072991655828137
12.93662441627752,7.01932130361612,141.731269706169,6.04987522788892,16.576212271124458,7.01932130361612
12.968645763842563,6.966080450026163,141.72434738167965,6.050017536945604,16.619082160923423,6.966080450026163
13.000667111407607,6.9132656479799826,141.71699774801874,6.050159846969159,16.66195295062674,6.9132656479799826
13.03268845897265,6.8608734781069876,141.70922423396675,6.050302157817358,16.70482463375449,6.8608734781069876
13.064709806537692,6.808900548528978,141.70103024074055,6.05044446934908,16.747697203875624,6.808900548528978
13.096731154102736,6.757343494647157,141.6924191422075,6.050586781424295,16.790570654607546,6.757343494647157
13.12875250166778,6.706198978931433,141.68339428509623,6.050729093904054,16.833444979615646,6.706198978931433
13.160773849232823,6.655463690712014,141.67395898920591,6.050871406650486,16.87632017261291,6.655463690712014
13.192795196797867,6.605134345973293,141.66411654761305,6.0510137195267815,16.919196227359503,6.605134345973293
13.224816544362909,6.555207687150025,141.65387022687574,6.051156032397189,16.96207313766237,6.555207687150025
13.256837891927953,6.505680482925793,141.6432232672357,6.051298345127003,17.004950897374833,6.505680482925793
13.288859239492997,6.4565495268235225,141.63217888404162,6.051440657582408,17.04782950038715,6.4565495268235225
13.32088058705804,6.407811636688522,141.62074026827003,6.051582969630422,17.0907089406237,6.407811636688522
13.352901934623084,6.359463657697922,141.60891058348153,6.051725281139306,17.133589212066724,6.359463657697922
13.384923282188126,6.311502460405939,141.59669296779552,6.051867591978316,17.176470308742708,6.311502460405939
13.41694462975317,6.263924940501516,141.58409053413325,6.052009902017697,17.219352224721664,6.263924940501516
13.448965977318213,6.216728018611212,141.57110637041566,6.052152211128684,17.262234954116714,6.216728018611212
13.480987324883257,6.1699086401040715,141.55774353975914,6.052294519183478,17.305118491083693,6.1699086401040715
13.5130086724483,6.123463774898517,141.54400508066905,6.052436826055244,17.34800282982079,6.123463774898517
13.545030020013343,6.077390417271286,141.52989400723155,6.0525791316181055,17.390887964568115,6.077390417271286
13.577051367578386,6.031685585668366,141.51541330930291,6.052721435747132,17.433773889607377,6.031685585668366
13.60907271514343,5.986346322517966,141.5005659526974,6.052863738318331,17.476660599261486,5.986346322517966
13.641094062708474,5.941369694045513,141.48535487937266,6.053006039208644,17.519548087894197,5.941369694045513
13.673115410273518,5.896752790090657,141.46978300761302,6.053148338295937,17.56243634990977,5.896752790090657
13.70513675783856,5.852492723926297,141.45385323221137,6.053290635458991,17.605325379752625,5.852492723926297
13.737158105403603,5.808586632079651,141.43756842464828,6.053432930577494,17.64821517190699,5.808586632079651
13.769179452968647,5.765031674084819,141.4209314333406,6.053575223532033,17.691105720896143,5.765031674084819
13.80120080053369,5.721825030303942,141.40394508583958,6.053717514203854,17.733997021269133,5.721825030303942
13.833222148098734,5.678963904333981,141.3866121864002,6.053859802475153,17.776889067617137,5.678963904333981
13.865243495663776,5.636445523024287,141.36893551596282,6.054002088229075,17.819781854574334,5.636445523024287
13.89726484322882,5.5942671354949285,141.3509178331424,6.054144371349632,17.86267537681241,5.5942671354949285
13.929286190793864,5.552426012961767,141.3325618744041,6.054286651721687,17.905569629040176,5.552426012961767
13.961307538358907,5.5109194485633,141.31387035423685,6.054428929230949,17.94846460600323,5.5109194485633
13.993328885923951,5.469744757189313,141.2948459653254,6.054571203763968,17.99136030248366,5.469744757189313
14.025350233488993,5.428899275311287,141.2754913787201,6.054713475208118,18.034256713299687,5.428899275311287
14.057371581054037,5.3883803608145975,141.25580924400532,6.054855743451608,18.07715383330534,5.3883803608145975
14.08939292861908,5.348185392832519,141.23580218946572,6.054998008383454,18.12005165739017,5.348185392832519
14.121414276184124,5.3083117715819785,141.21547282225137,6.055140269893491,18.162950180478923,5.3083117715819785
14.153435623749168,5.268756918201108,141.19482372854017,6.055282527872355,18.205849397531246,5.268756918201108
14.18545697131421,5.229518274588588,141.17385747369923,6.055424782211474,18.248749303541373,5.229518274588588
14.217478318879254,5.1905933032447455,141.15257660244396,6.055567032803074,18.291649893537873,5.1905933032447455
14.249499666444297,5.15197948711448,141.13098363899581,6.055709279540165,18.33455116258331,5.15197948711448
14.281521014009341,5.113674328946452,141.10908108772716,6.055851522316483,18.377453105771306,5.113674328946452
14.313542361574385,5.0756753498477805,141.08687143461782,6.055993761026363,18.42035571821897,5.0756753498477805
14.345563709139427,5.037980092211312,141.0643571443027,6.056135995565035,18.46325899508394,5.037980092211312
14.37758505670447,5.000586118350859,141.04154066144739,6.056278225828499,18.506162931557284,5.000586118350859
14.409606404269514,4.963491010158192,141.01842441109258,6.056420451713494,18.549067522862142,4.963491010158192
14.441627751834558,4.926692368949399,140.99501079880855,6.056562673117502,18.59197276425348,4.926692368949399
14.473649099399601,4.890187815312815,140.97130221084737,6.056704889938738,18.63487865101776,4.890187815312815
14.505670446964645,4.853974988958518,140.94730101429388,6.056847102076131,18.677785178472693,4.853974988958518
14.537691794529687,4.818051548569427,140.9230095572152,6.05698930942934,18.72069234196693,4.818051548569427
14.56971314209473,4.782415171653916,140.89843016880803,6.057131511898733,18.763600136879848,4.782415171653916
14.601734489659774,4.747063554400069,140.87356515954528,6.0572737093853855,18.80650855862122,4.747063554400069
14.633755837224818,4.71199441153145,140.84841682132043,6.057415901791071,18.849417602631007,4.71199441153145
14.665777184789862,4.677205476164473,140.82298742759056,6.057558089018262,18.892327264379063,4.677205476164473
14.697798532354904,4.642694499667341,140.79727923351777,6.057700270970122,18.9352375393649,4.642694499667341
14.729819879919948,4.608459251520549,140.77129447610915,6.057842447550494,18.97814842311745,4.608459251520549
14.761841227484991,4.574497519178967,140.74503537435479,6.057984618663907,19.021059911194815,4.574497519178967
14.793862575050035,4.5408071067504325,140.71850413055824,6.058126784215449,19.063971999178204,4.5408071067504325
14.825883922615079,4.5073858355746586,140.6917029297527,6.058268944110841,19.10688468267521,4.5073858355746586
14.85790527018012,4.4742315455024615,140.6646339384121,6.05841109825655,19.149797957326523,4.4742315455024615
14.889926617745164,4.441342093731876,140.63729930562272,6.058553246559692,19.192711818800642,4.441342093731876
14.921947965310208,4.40871535467177,140.60970116321985,6.058695388928029,19.235626262793623,4.40871535467177
14.953969312875252,4.376349219806887,140.5818416259232,6.058837525269957,19.278541285028826,4.376349219806887
14.985990660440295,4.344241597564299,140.55372279147073,6.058979655494513,19.321456881256683,4.344241597564299
15.018012008005337,4.312390413181231,140.52534674075102,6.059121779511354,19.364373047254464,4.312390413181231
15.050033355570381,4.280793608574283,140.49671553793482,6.059263897230768,19.407289778826026,4.280793608574283
15.082054703135425,4.24944914221004,140.4678312306043,6.059406008563657,19.45020707180161,4.24944914221004
15.114076050700469,4.21835498897705,140.43869584988167,6.059548113421537,19.493124922037598,4.21835498897705
15.146097398265512,4.187509140059208,140.40931141055597,6.059690211716531,19.536043325416276,4.187509140059208
15.178118745830554,4.156909602810518,140.37967991120885,6.059832303361365,19.578962277845676,4.156909602810518
15.210140093395598,4.126554400631236,140.3498033343385,6.059974388269363,19.62188177525929,4.126554400631236
15.242161440960642,4.0964415728454115,140.3196836464824,6.060116466354446,19.664801813615895,4.0964415728454115
15.274182788525685,4.06656917443677,140.28932279848286,6.060258537531107,19.70772238889873,4.06656917443677
15.306204136090729,4.036935274560482,140.25872272698408,6.060400601714304,19.750643497109323,4.036935274560482
15.338225483655771,4.007537958649316,140.22788535231217,6.0605426588196325,19.793565134276975,4.007537958649316
15.370246831220815,3.9783753278644776,140.19681257902735,6.0606847087632865,19.836487296456696,3.9783753278644776
15.402268178785858,3.9494454986168592,140.1655062964054,6.060826751462022,19.879409979727424,3.9494454986168592
15.434289526350902,3.9207466024472875,140.13396837855748,6.060968786833155,19.922333180191817,3.9207466024472875
15.466310873915946,3.8922767859080047,140.10220068454927,6.0611108147945565,19.965256893976036,3.8922767859080047
15.498332221480988,3.86403421044539,140.07020505851824,6.06125283526465,20.008181117229555,3.86403421044539
15.530353569046031,3.836017052283871,140.03798332979014,6.0613948481624025,20.051105846124962,3.836017052283871
15.562374916611075,3.8082235023110913,140.0055373129943,6.061536853407321,20.09403107685773,3.8082235023110913
15.594396264176119,3.7806517659642744,139.97286880817728,6.06167885091945,20.136956805646047,3.7806517659642744
15.626417611741163,3.7533000631178233,139.9399796009156,6.06182084061937,20.17988302873064,3.7533000631178233
15.658438959306205,3.7261666279721424,139.9068714624274,6.061962822428184,20.222809742374523,3.7261666279721424
15.690460306871248,3.6992497089436664,139.87354614968237,6.062104796267521,20.265736942862898,3.6992497089436664
15.722481654436292,3.6725475685561397,139.84000540551114,6.062246762059532,20.30866462650289,3.6725475685561397
15.754503002001336,3.6460584833330896,139.80625095871255,6.062388719726881,20.35159278962342,3.6460584833330896
15.78652434956638,3.619780743157673,139.77228452469757,6.062530669192706,20.394521428572936,3.619780743157673
15.818545697131423,3.5937126507253847,139.73810780603895,6.062672610380578,20.437450539717506,3.5937126507253847
15.850567044696465,3.56785252333815,139.7037224906669,6.062814543214646,20.48038011944804,3.56785252333815
15.882588392261509,3.5421986918575197,139.6691302529216,6.062956467619548,20.523310164176483,3.5421986918575197
15.914609739826552,3.516749500550897,139.63433275370699,6.063098383520422,20.56624067033538,3.516749500550897
15.946631087391596,3.4915033069863592,139.59933164059672,6.063240290842885,20.60917163437775,3.4915033069863592
15.97865243495664,3.4664584819285755,139.56412854793825,6.0633821895130415,20.652103052776887,3.4664584819285755
16.010673782521682,3.4416134092358015,139.52872509695624,6.063524079457471,20.695034922026185,3.4416134092358015
16.042695130086727,3.4169664857579325,139.49312289585453,6.063665960603231,20.73796723863898,3.4169664857579325
16.07471647765177,3.392516121235669,139.45732353991747,6.063807832877847,20.78089999914835,3.392516121235669
16.10673782521681,3.3682607382007275,139.42132861160985,6.063949696209314,20.823833200106986,3.3682607382007275
16.138759172781857,3.344198771877138,139.3851396806758,6.064091550526087,20.86676683808699,3.344198771877138
16.1707805203469,3.320328670083643,139.34875830423664,6.064233395757085,20.909700909679724,3.320328670083643
16.202801867911944,3.296648893137128,139.3121860268878,6.0643752318316775,20.952635411495685,3.296648893137128
16.234823215476986,3.2731579137571813,139.27542438079425,6.064517058679691,20.995570340164285,3.2731579137571813
16.266844563042028,3.2498542169549527,139.23847488580225,6.0646588762313955,21.038505692333693,3.2498542169549527
16.298865910607073,3.2267362989199317,139.20133905055772,6.06480068441744,21.081441464667083,3.2267362989199317
16.330887258172115,3.2038026680671394,139.16401837145366,6.064942483168922,21.124377653846455,3.2038026680671394
16.36290860573716,3.1810518452939345,139.12651433237153,6.065084272417406,21.167314256573782,3.1810518452939345
16.394929953302203,3.1584823633759855,139.08882840528852,6.065226052094886,21.21025126956896,3.1584823633759855
16.426951300867245,3.1360927668739382,139.05096205037074,6.065367822133785,21.253188689569743,3.1360927668739382
16.45897264843229,3.1138816120410535,139.01291671606583,6.065509582466953,21.296126513331558,3.1138816120410535
16.490993995997332,3.0918474667318043,138.97469383919494,6.065651333027654,21.33906473762733,3.0918474667318043
16.523015343562378,3.069988910311391,138.93629484504305,6.065793073749576,21.38200335924734,3.069988910311391
16.55503669112742,3.0483045335662515,138.8977211474487,6.065934804566813,21.424942374999105,3.0483045335662515
16.58705803869246,3.026792938615476,138.85897414889308,6.066076525413875,21.46788178170719,3.026792938615476
16.619079386257507,3.005452738823201,138.82005524058764,6.066218236225675,21.51082157621312,3.005452738823201
16.65110073382255,2.9842825587119575,138.78096580256081,6.066359936937531,21.553761755375174,2.9842825587119575
16.683122081387594,2.9632810338769384,138.74170720374426,6.066501627485163,21.596702316068274,2.9632810338769384
16.715143428952636,2.942446810901256,138.7022808020577,6.066643307804686,21.63964325518386,2.942446810901256
16.74716477651768,2.921778547272113,138.6626879444927,6.06678497783261,21.682584569629736,2.921778547272113
16.779186124082724,2.9012749110989766,138.622929967396,6.066926637505823,21.725526256329314,2.9012749110989766
16.811207471647766,2.8809345802312745,138.58300819735538,6.067068286761538,21.768468312218925,2.8809345802312745
16.84322881921281,2.860756243827105,138.54292394962374,6.067209925537398,21.81141073425293,2.860756243827105
16.875250166777853,2.840738601709134,138.50267852876593,6.067351553771427,21.854353519401847,2.840738601709134
16.907271514342895,2.8208803641421007,138.46227322888208,6.067493171402032,21.89729666465171,2.8208803641421007
16.93929286190794,2.8011802517508704,138.42170933368953,6.0676347783679825,21.94024016700397,2.8011802517508704
16.971314209472983,2.781636995439317,138.38098811660456,6.067776374608429,21.98318402347534,2.781636995439317
17.003335557038028,2.762249336310026,138.34011084082263,6.067917960062879,22.026128231097694,2.762249336310026
17.03535690460307,2.7430160255848626,138.29907875939793,6.068059534671209,22.069072786917893,2.7430160255848626
17.067378252168112,2.7239358245263534,138.25789311532242,6.068201098373653,22.11201768799771,2.7239358245263534
17.099399599733157,2.7050075043599207,138.21655514160352,6.068342651110808,22.15496293141366,2.7050075043599207
17.1314209472982,2.686229846196957,138.1750660613414,6.068484192823618,22.197908514256877,2.686229846196957
17.163442294863245,2.6676016409587207,138.13342708780525,6.068625723453384,22.240854433633032,2.6676016409587207
17.195463642428287,2.649121689301092,138.0916394245086,6.068767242941757,22.283800686662158,2.649121689301092
17.22748498999333,2.6307888015401417,138.04970426528394,6.06890875123073,22.326747270478595,2.6307888015401417
17.259506337558374,2.6126017975785616,138.00762279435656,6.069050248262645,22.369694182230806,2.6126017975785616
17.291527685123416,2.5945595062941815,137.96539618695851,6.0691917339801496,22.412641419079716,2.5945595062941815
17.32354903268846,2.576660765599494,137.9230256092684,6.069333208326207,22.455588978199003,2.576660765599494
17.355570380253504,2.5589044233422067,137.88051221750715,6.069474671244155,22.498536856777797,2.5589044233422067
17.387591727818545,2.541289336626175,137.8378571586199,6.06961612267765,22.541485052018782,2.541289336626175
17.41961307538359,2.523814371734802,137.79506157035237,6.069757562570688,22.58443356113812,2.523814371734802
17.451634422948633,2.5064784040590586,137.75212658132355,6.0698989908675856,22.627382381365265,2.5064784040590586
17.48365577051368,2.489280318026229,137.70905331109665,6.07004040751298,22.67033150994288,2.489280318026229
17.51567711807872,2.4722190070294108,137.66584287025012,6.070181812451828,22.71328094412675,2.4722190070294108
17.547698465643762,2.4552933733577422,137.62249636044723,6.070323205629411,22.756230681185617,2.4552933733577422
17.579719813208808,2.4385023281273757,137.57901487450573,6.070464586991317,22.7991807184011,2.4385023281273757
17.61174116077385,2.4218447912131915,137.53539949646571,6.070605956483448,22.842131053067586,2.4218447912131915
17.643762508338895,2.4053196911812367,137.49165130165792,6.070747314052016,22.885081682492125,2.4053196911812367
17.675783855903937,2.388925965221929,137.44777135677032,6.070888659643545,22.928032603994293,2.388925965221929
17.70780520346898,2.372662559083966,137.4037607199143,6.071029993204856,22.970983814906127,2.372662559083966
17.739826551034025,2.3565284270090014,137.35962044069052,6.07117131468308,23.013935312572006,2.3565284270090014
17.771847898599066,2.3405225316177773,137.31535156030287,6.071312624025639,23.05688709434839,2.3405225316177773
17.803869246164112,2.3246438431026757,137.2709551123687,6.071453921180213,23.099839157601775,2.3246438431026757
17.835890593729154,2.3088913402548044,137.22643212188834,6.071595206094793,23.142791499711464,2.3088913402548044
17.8679119412942,2.293264010299769,137.18178360540904,6.071736478717674,23.185744118069255,2.293264010299769
17.89993328885924,2.2777608485967433,137.13701057132764,6.071877738997441,23.228697010078655,2.2777608485967433
17.931954636424283,2.2623808585745824,137.0921140199542,6.072018986882959,23.271650173154807,2.2623808585745824
17.96397598398933,2.247123051668599,137.04709494357553,6.072160222323388,23.31460360472436,2.247123051668599
17.99599733155437,2.2319864472580058,137.001954326518,6.0723014452681605,23.357557302225405,2.2319864472580058
18.028018679119416,2.2169700726039774,136.95669314520927,6.0724426556669915,23.400511263107344,2.2169700726039774
18.060040026684458,2.202072962788402,136.91131236824006,6.07258385346987,23.44346548483081,2.202072962788402
18.0920613742495,2.18729416065325,136.86581295642478,6.072725038627069,23.486419964867558,2.18729416065325
18.124082721814545,2.1726327167406136,136.8201958628614,6.072866211089121,23.5293747007004,2.1726327167406136
18.156104069379587,2.158087689233402,136.77446203299147,6.07300737080684,23.572329689823068,2.158087689233402
18.188125416944633,2.143658143896667,136.72861240465826,6.073148517731305,23.61528492974014,2.143658143896667
18.220146764509675,2.129343154019603,136.68264790816522,6.073289651813856,23.65824041796698,2.129343154019603
18.252168112074717,2.115141800358182,136.63656946633367,6.073430773006107,23.70119615202957,2.115141800358182
18.284189459639762,2.101053170847195,136.59037799479128,6.073571881259913,23.744152129463956,2.101053170847195
18.316210807204804,2.0870763601857827,136.54407440238836,6.073712976527364,23.787108347815135,2.0870763601857827
18.34823215476985,2.073210470864104,136.497659590167,6.073854058760833,23.83006480463979,2.073210470864104
18.38025350233489,2.0594546126221225,136.45113445190472,6.07399512791295,23.873021497504904,2.0594546126221225
18.412274849899934,2.0458079023499254,136.4044998742139,6.074136183936591,23.915978423987628,2.0458079023499254
18.44429619746498,2.032269464031634,136.35775673659822,6.074277226784892,23.958935581675128,2.032269464031634
18.47631754503002,2.018838428689877,136.31090591150843,6.074418256411227,24.00189296816454,2.018838428689877
18.508338892595066,2.0055139343308297,136.26394826439721,6.074559272769224,24.04485058106288,2.0055139343308297
18.54036024016011,1.9922951258898494,136.21688465377392,6.074700275812751,24.08780841798695,1.9922951258898494
18.57238158772515,1.9791811551776644,136.16971593125817,6.074841265495921,24.130766476563235,1.9791811551776644
18.604402935290196,1.9661711808271463,136.12244294163352,6.074982241773081,24.173724754427848,1.9661711808271463
18.636424282855238,1.9532643682406643,136.07506652290016,6.075123204598823,24.21668324922644,1.9532643682406643
18.668445630420283,1.940459889537996,136.02758750632697,6.075264153927975,24.259641958614097,1.940459889537996
18.700466977985325,1.9277569235048309,135.98000671650325,6.075405089715593,24.302600880255298,1.9277569235048309
18.732488325550367,1.9151546555418364,135.93232497138982,6.075546011916972,24.345560011823796,1.9151546555418364
18.764509673115413,1.9026522776120305,135.8845430823716,6.075686920487636,24.388519351002568,1.9026522776120305
18.796531020680455,1.8902489876897248,135.83666185481073,6.075827815383312,24.431478895482517,1.8902489876897248
18.8285523682455,1.8779439901697896,135.78868208763558,6.075968696559953,24.474438642963545,1.8779439901697896
18.860573715810542,1.865736496150907,135.74060457305663,6.076109563973752,24.517398591155168,1.865736496150907
18.892595063375584,1.8536257230671613,135.69243009693614,6.076250417581125,24.56035873777574,1.8536257230671613
18.92461641094063,1.8416108946382619,135.64415943883787,6.076391257338705,24.603319080552396,1.8416108946382619
18.95663775850567,1.8296912408202792,135.5957933720767,6.076532083203348,24.646279617220895,1.8296912408202792
18.988659106070717,1.8178659977568652,135.54733266376718,6.076672895132119,24.68924034552562,1.8178659977568652
19.02068045363576,1.8061344077310069,135.4987780748722,6.0768136930823085,24.732201263219473,1.8061344077310069
19.0527018012008,1.794495719117266,135.45013036025074,6.076954477011412,24.775162368063796,1.794495719117266
19.084723148765846,1.7829491863345315,135.40139026870517,6.077095246877143,24.818123657828313,1.7829491863345315
19.116744496330888,1.771494069799292,135.35255854302824,6.077236002637417,24.861085130291027,1.771494069799292
19.148765843895934,1.7601296358793865,135.30363592004912,6.077376744250365,24.904046783238172,1.7601296358793865
19.180787191460976,1.748855156848293,135.2546231306797,6.077517471674319,24.947008614464135,1.748855156848293
19.212808539026017,1.7376699108398974,135.20552089995945,6.07765818486782,24.989970621771377,1.7376699108398974
19.244829886591063,1.7265731818037866,135.15632994710055,6.077798883789611,25.032932802970404,1.7265731818037866
19.276851234156105,1.7155642593825162,135.10705098561084,6.077939568398632,25.075895155879444,1.7155642593825162
19.30887258172115,1.7046424383978684,135.05768472380902,6.078080238653996,25.118857678323444,1.7046424383978684
19.340893929286192,1.6938070196687758,135.00823186400453,6.078220894515036,25.161820368135796,1.6938070196687758
19.372915276851234,1.6830573097265902,134.95869310278255,6.078361535941275,25.204783223157833,1.6830573097265902
19.40493662441628,1.6723926206720485,134.909069131148,6.07850216289244,25.247746241238474,1.6723926206720485
19.43695797198132,1.6618122701315547,134.85936063456884,6.078642775328445,25.290709420234187,1.6618122701315547
19.468979319546367,1.6513155812138949,134.80956829302008,6.078783373209394,25.333672758008902,1.6513155812138949
19.50100066711141,1.6409018824674206,134.759692781026,6.078923956495585,25.376636252433965,1.6409018824674206
19.53302201467645,1.6305705078376607,134.70973476770317,6.079064525147499,25.419599901388047,1.6305705078376607
19.565043362241497,1.6203207966253865,134.65969491680227,6.0792050791258045,25.462563702757123,1.6203207966253865
19.59706470980654,1.610152093445131,134.6095738867496,6.07934561839136,25.50552765443434,1.610152093445131
19.629086057371584,1.6000637481841373,134.55937233068835,6.079486142905198,25.548491754320004,1.6000637481841373
19.661107404936626,1.5900551159617753,134.5090908965193,6.0796266526285425,25.59145600032149,1.5900551159617753
19.693128752501668,1.5801255570893842,134.458730226941,6.07976714752279,25.634420390353196,1.5801255570893842
19.725150100066713,1.5702744370305763,134.40829095948934,6.079907627549519,25.677384922336504,1.5702744370305763
19.757171447631755,1.5605011263619848,134.35777372657736,6.080048092670488,25.720349594199632,1.5605011263619848
19.7891927951968,1.5508050004926017,134.30717915577642,6.080188542847617,25.763314403877168,1.5508050004926017
19.821214142761843,1.5411854395785376,134.2565078699017,6.08032897804299,25.806279349309865,1.5411854395785376
19.853235490326885,1.5316418290974259,134.20576048643605,6.080469398218879,25.84924442844585,1.5316418290974259
19.88525683789193,1.5221735594690757,134.15493761791043,6.080609803337724,25.892209639239898,1.5221735594690757
19.917278185456972,1.5127800260092945,134.10403987195033,6.08075019336214,25.935174979653286,1.5127800260092945
19.949299533022018,1.5034606288914831,134.0530678513142,6.080890568254906,25.978140447653796,1.5034606288914831
19.98132088058706,1.4942147731086344,134.0020221539313,6.081030927978968,26.021106041215628,1.4942147731086344
20.0133422281521,1.4850418684357176,133.95090337293985,6.081171272497438,26.064071758319336,1.4850418684357176
20.045363575717147,1.4759413293924588,133.89971209672393,6.081311601773593,26.107037596951784,1.4759413293924588
20.07738492328219,1.4669125752065226,133.84844890895062,6.081451915770874,26.15000355510607,1.4669125752065226
20.109406270847234,1.4579550297770718,133.79711438860642,6.081592214452877,26.192969630781505,1.4579550297770718
20.141427618412276,1.4490681216387409,133.74570911003337,6.081732497783367,26.235935821983492,1.4490681216387409
20.173448965977318,1.4402512839259833,133.69423364296486,6.081872765726259,26.278902126723544,1.4402512839259833
20.205470313542364,1.4315039543378278,133.6426885525609,6.082013018245631,26.321868543019182,1.4315039543378278
20.237491661107406,1.4228255751030237,133.591074399443,6.082153255305715,26.36483506889388,1.4228255751030237
20.26951300867245,1.4142155929304976,133.5393917397439,6.082293476870901,26.407801702377025,1.4142155929304976
20.301534356237493,1.4056734585833073,133.4876411255348,6.082433682905709,26.45076844150302,1.4056734585833073
20.333555703802535,1.397198627358513,133.43582310434402,6.082573873374821,26.4937352843123,1.397198627358513
20.36557705136758,1.3887905590785117,133.38393821916594,6.0827140482430755,26.536702228851336,1.3887905590785117
20.397598398932622,1.3804487179038145,133.33198700864835,6.082854207475458,26.579669273172204,1.3804487179038145
20.429619746497668,1.3721725722989673,133.27997000712702,6.082994351037103,26.622636415332643,1.3721725722989673
20.46164109406271,1.3639615949988333,133.22788774465909,6.083134478893294,26.665603653395877,1.3639615949988333
20.493662441627755,1.3558152629752052,133.1757407470567,6.083274591009455,26.70857098543069,1.3558152629752052
20.525683789192797,1.347733057403782,133.12352953592023,6.083414687351158,26.75153840951126,1.347733057403782
20.55770513675784,1.3397144636314762,133.07125462867103,6.0835547678841175,26.794505923717175,1.3397144636314762
20.589726484322885,1.3317589711440827,133.01891653858354,6.08369483257419,26.83747352613338,1.3317589711440827
20.621747831887927,1.32386607353429,132.9665157748176,6.083834881387374,26.880441214850087,1.32386607353429
20.653769179452972,1.3160352684700323,132.9140528424503,6.083974914289804,26.923408987962762,1.3160352684700323
20.685790527018014,1.3082660576632008,132.861528242507,6.084114931247756,26.966376843572057,1.3082660576632008
20.717811874583056,1.30055794683869,132.8089424719925,6.084254932227642,27.00934477978378,1.30055794683869
20.7498332221481,1.2929104457038019,132.75629602392195,6.084394917196012,27.052312794708815,1.2929104457038019
20.781854569713143,1.2853230678200498,132.7035893874489,6.0845348861195445,27.095280886462923,1.2853230678200498
20.81387591727819,1.2777953303283633,132.6508230481412,6.084674838965041,27.138249053166223,1.2777953303283633
20.84589726484323,1.2703267545176131,132.59799748741094,6.084814775699444,27.18121729294425,1.2703267545176131
20.877918612408273,1.2629168655552006,132.5451131827842,6.084954696289833,27.22418560392748,1.2629168655552006
20.90993995997332,1.255565192422116,132.49217060796656,6.085094600703407,27.267153984251237,1.255565192422116
20.94196130753836,1.2482712678830157,132.43917023287293,6.085234488907508,27.310122432055586,1.2482712678830157
20.973982655103406,1.2410346284565952,132.38611252365723,6.085374360869595,27.35309094548535,1.2410346284565952
21.006004002668448,1.2338548143862826,132.3329979427418,6.085514216557263,27.396059522690003,1.2338548143862826
21.03802535023349,1.2267313696112223,132.2798269488464,6.085654055938221,27.439028161823675,1.2267313696112223
21.070046697798535,1.2196638417375767,132.22659999701702,6.085793878980316,27.4819968610451,1.2196638417375767
21.102068045363577,1.2126517820101352,132.17331753865463,6.08593368565151,27.52496561851752,1.2126517820101352
21.134089392928622,1.2056947452842162,132.1199800215427,6.086073475919887,27.567934432408705,1.2056947452842162
21.166110740493664,1.19879228999789,132.06658788987565,6.086213249753659,27.610903300890886,1.19879228999789
21.198132088058706,1.1919439781444998,132.0131415842861,6.086353007121154,27.653872222140667,1.1919439781444998
21.230153435623752,1.18514937524549,131.95964154187214,6.086492747990825,27.696841194339083,1.18514937524549
21.262174783188794,1.1784080503235457,131.90608819622435,6.086632472331236,27.73981021567145,1.1784080503235457
21.29419613075384,1.171719575640092,131.85248197768874,6.086772180111063,27.782779284326956,1.171719575640092
21.32621747831888,1.1650835268219601,131.7988233132401,6.086911871299097,27.825748398498877,1.1650835268219601
21.358238825883923,1.1584994830979043,131.7451126262445,6.087051545864252,27.868717556385036,1.1584994830979043
21.39026017344897,1.1519670270757303,131.69135033668297,6.087191203775552,27.91168675618737,1.1519670270757303
21.42228152101401,1.1454857447157434,131.6375368611781,6.087330845002141,27.95465599611189,1.1454857447157434
21.454302868579056,1.139055225304458,131.5836726130203,6.087470469513267,27.997625274368684,1.139055225304458
21.486324216144098,1.1326750614285903,131.52975800219386,6.087610077278298,28.04059458917181,1.1326750614285903
21.51834556370914,1.126344848949308,131.47579343540278,6.08774966826671,28.083563938739324,1.126344848949308
21.550366911274185,1.120064186976758,131.42177931609635,6.08788924244808,28.126533321293174,1.120064186976758
21.582388258839227,1.1138326778448648,131.3677160444945,6.088028799792109,28.169502735059197,1.1138326778448648
21.614409606404273,1.107649927086391,131.31360401761253,6.088168340268591,28.21247217826709,1.107649927086391
21.646430953969315,1.1015155434082795,131.25944362928604,6.0883078638474375,28.25544164915032,1.1015155434082795
21.678452301534357,1.0954291386672526,131.20523527019535,6.088447370498659,28.29841114594614,1.0954291386672526
21.710473649099402,1.089390327845691,131.15097932788956,6.088586860192371,28.341380666895535,1.089390327845691
21.742494996664444,1.083398729027783,131.09667618681064,6.088726332898803,28.384350210243138,1.083398729027783
21.77451634422949,1.0774539633464781,131.0423262283465,6.088865788588272,28.427319774237226,1.0774539633464781
21.80653769179453,1.0715556546949898,130.98792983112023,6.089005227231198,28.470289357129136,1.0715556546949898
21.838559039359573,1.06570343014113,130.93348737057465,6.089144648798103,28.513258957174052,1.06570343014113
21.87058038692462,1.0598969198142165,130.87899921908578,6.08928405325961,28.556228572630783,1.0598969198142165
21.90260173448966,1.0541357568140544,130.8244657460541,6.089423440586446,28.59919820176159,1.0541357568140544
21.934623082054706,1.048419577187608,130.76988731792775,6.08956281074943,28.64216784283221,1.048419577187608
21.96664442961975,1.0427480199059207,130.71526429822595,6.089702163719489,28.685137494111732,1.0427480199059207
21.99866577718479,1.0371207268412646,130.66059704756168,6.089841499467638,28.728107153872646,1.0371207268412646
22.030687124749836,1.031537342744534,130.6058859236644,6.089980817964987,28.77107682039075,1.031537342744534
22.062708472314878,1.0259975152228737,130.5511312814025,6.09012011918275,28.814046491945124,1.0259975152228737
22.094729819879923,1.0205008947175467,130.4963334728054,6.090259403092226,28.857016166818124,1.0205008947175467
22.126751167444965,1.0150471344820395,130.44149284708567,6.0903986696648165,28.899985843295294,1.0150471344820395
22.158772515010007,1.0096358905604068,130.3866097506605,6.090537918872006,28.942955519665382,1.0096358905604068
22.190793862575052,1.0042668217658495,130.33168452717356,6.090677150685379,28.985925194220297,1.0042668217658495
22.222815210140094,0.9989395896595425,130.27671751751558,6.090816365076607,29.028894865255026,0.9989395896595425
22.25483655770514,0.9936538585296832,130.22170905984606,6.090955562017453,29.07186453106766,0.9936538585296832
22.286857905270182,0.9884092952638367,130.16665948972076,6.0910947414797665,29.114834189959154,0.9884092952638367
22.318879252835224,0.9832055692493827,130.11156914019176,6.0912339034354765,29.157803840233154,0.9832055692493827
22.35090060040027,0.9780423527184151,130.05643834146136,6.091373047856608,29.2007734801966,0.9780423527184151
22.38292194796531,0.9729193205435259,130.00126742108733,6.091512174715276,29.243743108159354,0.9729193205435259
22.414943295530357,0.967836150208631,129.94605670401165,6.091651283983679,29.2867127224342,0.967836150208631
22.4469646430954,0.9627925217884902,129.89080651258132,6.091790375634102,29.329682321336737,0.9627925217884902
22.47898599066044,0.9577881179284282,129.83551716656868,6.091929449638911,29.372651903185425,0.9577881179284282
22.511007338225486,0.9528226238242724,129.78018898319124,6.092068505970561,29.415621466301506,0.9528226238242724
22.543028685790528,0.9478957272024983,129.72482227713203,6.09220754460159,29.458591009008966,0.9478957272024983
22.575050033355573,0.943007118300582,129.669417360559,6.092346565504614,29.50156052963455,0.943007118300582
22.607071380920615,0.9381564898475702,129.61397454314448,6.092485568652335,29.54453002650766,0.9381564898475702
22.639092728485657,0.9333435370448492,129.55849413208458,6.092624554017533,29.587499497960383,0.9333435370448492
22.671114076050703,0.9285679575471346,129.50297643211817,6.092763521573073,29.630468942327468,0.9285679575471346
22.703135423615745,0.9238294514436661,129.44742174554582,6.092902471291896,29.6734383579462,0.9238294514436661
22.73515677118079,0.9191277212396088,129.39183037224828,6.093041403147019,29.716407743156495,0.9191277212396088
22.767178118745832,0.9144624718339336,129.33620260970895,6.093180317111544,29.75937709630077,0.9144624718339336
22.799199466310874,0.9098334103008321,129.28053875323252,6.093319213158641,29.802346415723626,0.9098334103008321
22.83122081387592,0.9052402461008012,129.22483909573384,6.093458091261555,29.845315699772197,0.9052402461008012
22.86324216144096,0.9006826911234647,129.1691039276948,6.093596951393613,29.8882849467962,0.9006826911234647
22.895263509006007,0.8961604595722196,129.11333353727989,6.093735793528217,29.931254155147766,0.8961604595722196
22.92728485657105,0.8916732679460644,129.05752821035446,6.09387461763884,29.97422332318137,0.8916732679460644
22.95930620413609,0.8872208350216032,129.001688230503,6.094013423699036,30.01719244925387,0.8872208350216032
22.991327551701136,0.8828028818352421,128.94581387904654,6.094152211682428,30.06016153172442,0.8828028818352421
23.02334889926618,0.8784191316655683,128.88990543506065,6.094290981562712,30.103130568954455,0.8784191316655683
23.055370246831224,0.8740693100159127,128.83396317539288,6.094429733313653,30.146099559307665,0.8740693100159127
23.087391594396266,0.8697531445971005,128.77798737467995,6.0945684669090925,30.189068501149976,0.8697531445971005
23.119412941961308,0.865470365310385,128.7219783053648,6.0947071823229395,30.23203739284951,0.865470365310385
23.151434289526353,0.8612207042305655,128.6659362377138,6.094845879529176,30.27500623277657,0.8612207042305655
23.183455637091395,0.8570038955892961,128.60986143983314,6.094984558501849,30.317975019303567,0.8570038955892961
23.21547698465644,0.8528196757585701,128.5537541776856,6.095123219215078,30.360943750805063,0.8528196757585701
23.247498332221483,0.8486677832344,128.4976147151068,6.095261861643048,30.4039124256577,0.8486677832344
23.279519679786528,0.844547958580345,128.441443313862,6.095400485760015,30.446881042240122,0.844547958580345
23.31154102735157,0.8404599442583848,128.38524023381532,6.095539091540287,30.48984959893266,0.8404599442583848
23.343562374916612,0.836403484934794,128.32900573262333,6.095677678958252,30.532818094117914,0.836403484934794
23.375583722481657,0.8323783273520223,128.2727400658636,6.095816247988356,30.57578652618045,0.8323783273520223
23.4076050700467,0.8283842202865384,128.2164434870766,6.095954798605118,30.6187548935068,0.8283842202865384
23.439626417611745,0.8244209145328583,128.160116247782,6.096093330783114,30.661723194485376,0.8244209145328583
23.471647765176787,0.820488162887751,128.1037585974946,6.09623184449699,30.704691427506493,0.820488162887751
23.50366911274183,0.8165857201345952,128.0473707837395,6.096370339721447,30.747659590962332,0.8165857201345952
23.535690460306874,0.8127133430279071,127.99095305206818,6.0965088164312595,30.7906276832469,0.8127133430279071
23.567711807871916,0.8088707902780298,127.93450564607357,6.096647274601256,30.833595702756,0.8088707902780298
23.59973315543696,0.8050578225359817,127.87802880740524,6.096785714206329,30.876563647887224,0.8050578225359817
23.631754503002004,0.8012742023784759,127.82152277578447,6.096924135221431,30.919531517039925,0.8012742023784759
23.663775850567045,0.7975196942930937,127.76498778901913,6.097062537621575,30.962499308615175,0.7975196942930937
23.69579719813209,0.793794064663629,127.70842408301826,6.097200921381836,31.005467021015765,0.793794064663629
23.727818545697133,0.7900970817555939,127.6518318918068,6.097339286477343,31.048434652646147,0.7900970817555939
23.75983989326218,0.7864285157018832,127.59521144753975,6.0974776328832885,31.09140220191245,0.7864285157018832
23.79186124082722,0.7827881383811672,127.5385629806242,6.0976159605749185,31.134369667222256,0.7827881383811672
23.823882588392262,0.7791757234360643,127.4818867197011,6.097754269527532,31.177337046984633,0.7791757234360643
23.855903935957308,0.7755910464429828,127.42518289147486,6.097892559716491,31.220304339610422,0.7755910464429828
23.88792528352235,0.7720338847811611,127.36845172084494,6.098030831117211,31.263271543511976,0.7720338847811611
23.919946631087395,0.7685040176179219,127.31169343092037,6.098169083705169,31.30623865710322,0.7685040176179219
23.951967978652437,0.7650012258946547,127.25490824303378,6.098307317455891,31.34920567879953,0.7650012258946547
23.98398932621748,0.7615252923129356,127.19809637675557,6.098445532344959,31.392172607017777,0.7615252923129356
24.016010673782525,0.7580760013207941,127.14125804990744,6.0985837283480135,31.435139440176297,0.7580760013207941
24.048032021347566,0.7546531390991257,127.08439347857612,6.098721905440742,31.47810617669482,0.7546531390991257
24.080053368912612,0.751256493548242,127.0275028771268,6.098860063598891,31.52107281499451,0.751256493548242
24.112074716477654,0.7478858542745737,126.97058645821652,6.098998202798255,31.564039353497886,0.7478858542745737
24.144096064042696,0.7445410125775089,126.9136444328073,6.0991363230146876,31.607005790628847,0.7445410125775089
24.17611741160774,0.7412217614363805,126.85667701017923,6.099274424224085,31.64997212481263,0.7412217614363805
24.208138759172783,0.7379278954975982,126.79968439794337,6.099412506402397,31.692938354475764,0.7379278954975982
24.24016010673783,0.7346592110619193,126.74266680205444,6.099550569525632,31.73590447804608,0.7346592110619193
24.27218145430287,0.7314155060615909,126.68562442683394,6.099688613569837,31.778870493952667,0.7314155060615909
24.304202801867913,0.7281965799031813,126.62855747512734,6.099826638511114,31.821836400625614,0.7281965799031813
24.336224149432958,0.7250022336706949,126.57146614810077,6.099964644325608,31.86480219649635,0.7250022336706949
24.368245496998,0.721832270089775,126.5143506452769,6.1001026309895146,31.907767879997525,0.721832270089775
24.400266844563046,0.7186864934704023,126.45721116459222,6.100240598479086,31.950733449563003,0.7186864934704023
24.432288192128087,0.7155647096944545,126.40004790240965,6.100378546770612,31.99369890362777,0.7155647096944545
24.46430953969313,0.7124667262033905,126.34286105353078,6.100516475840434,32.03666424062794,0.7124667262033905
24.496330887258175,0.7093923519860641,126.28565081120816,6.100654385664942,32.07962945900077,0.7093923519860641
24.528352234823217,0.7063413975666619,126.2284173671574,6.100792276220568,32.12259455718454,0.7063413975666619
24.560373582388262,0.7033136749927691,126.1711609115691,6.100930147483793,32.16555953361865,0.7033136749927691
24.592394929953304,0.700308997823564,126.11388163312066,6.101067999431141,32.208524386743505,0.700308997823564
24.624416277518346,0.6973271811181361,126.05657971898805,6.101205832039183,32.25148911500053,0.6973271811181361
24.65643762508339,0.6943680414239328,125.99925535485734,6.101343645284532,32.294453716832216,0.6943680414239328
24.688458972648434,0.6914313967653356,125.94190872493625,6.101481439143847,32.337418190681944,0.6914313967653356
24.72048032021348,0.6885170666323577,125.88454001196538,6.101619213593834,32.38038253499412,0.6885170666323577
24.75250166777852,0.6856248719694736,125.82714939722938,6.101756968611234,32.423346748214065,0.6856248719694736
24.784523015343563,0.6827546351181091,125.76973706061474,6.1018947041728335,32.466310828787954,0.6827546351181091
24.81654436290861,0.6799061797390538,125.71230318068746,6.102032420255458,32.50927477516271,0.6799061797390538
24.84856571047365,0.6770793310108745,125.65484793449416,6.102170116835978,32.55223858578625,0.6770793310108745
24.880587058038696,0.674273915523783,125.59737149766853,6.102307793891304,32.59520225910738,0.674273915523783
24.912608405603738,0.6714897612607693,125.53987404445019,6.10244545139839,32.638165793575745,0.6714897612607693
24.94462975316878,0.6687266975866715,125.48235574769572,6.10258308933423,32.6811291876418,0.6687266975866715
24.976651100733825,0.6659845552373616,125.42481677888941,6.102720707675853,32.72409243975675,0.6659845552373616
25.008672448298867,0.6632631663090418,125.36725730815402,6.102858306400334,32.76705554837265,0.6632631663090418
25.040693795863913,0.6605623642476527,125.30967750426149,6.102995885484785,32.81001851194226,0.6605623642476527
25.072715143428955,0.6578819838383926,125.25207753464333,6.103133444906353,32.85298132891908,0.6578819838383926
25.104736490993997,0.6552218611953503,125.19445756540105,6.103270984642232,32.89594399775734,0.6552218611953503
25.136757838559042,0.6525818337512491,125.13681776131645,6.103408504669646,32.93890651691198,0.6525818337512491
25.168779186124084,0.6499617402473027,125.07915828586178,6.103546004965858,32.98186888483857,0.6499617402473027
25.20080053368913,0.6473614207231815,125.0214793012099,6.103683485508173,33.02483109999342,0.6473614207231815
25.23282188125417,0.6447807165070959,124.963780968244,6.1038209462739275,33.067793160833396,0.6447807165070959
25.264843228819213,0.6422194702054087,124.90606344656824,6.103958387240497,33.110755065816065,0.6422194702054087
25.29686457638426,0.6396775255939138,124.84832689461662,6.104095808385289,33.15371681339944,0.6396775255939138
25.3288859239493,0.6371547277019822,124.79057146956863,6.104233209685748,33.19667840204205,0.6371547277019822
25.360907271514346,0.6346509228634966,124.73279732729821,6.104370591119354,33.23963983020317,0.6346509228634966
25.392928619079388,0.6321659586464163,124.67500462244448,6.10450795266362,33.282601096342546,0.6321659586464163
25.42494996664443,0.6296996838430806,124.61719350842125,6.104645294296097,33.325562198920494,0.6296996838430806
25.456971314209476,0.6272519484606114,124.55936413742678,6.10478261599437,33.368523136397855,0.6272519484606114
25.488992661774518,0.6248226037114155,124.50151666045325,6.104919917736055,33.41148390723591,0.6248226037114155
25.521014009339563,0.6224115020037826,124.44365122729624,6.105057199498803,33.45444450989645,0.6224115020037826
25.553035356904605,0.6200184969325853,124.38576798656402,6.1051944612602975,33.49740494284171,0.6200184969325853
25.585056704469647,0.6176434432700754,124.32786708568672,6.105331702998254,33.540365204534396,0.6176434432700754
25.617078052034692,0.6152861969567802,124.26994867092563,6.10546892469042,33.5833252934376,0.6152861969567802
25.649099399599734,0.6129466150924979,124.21201288738202,6.10560612631458,33.626285208014835,0.6129466150924979
25.68112074716478,0.610624555927389,124.15405987900621,6.105743307848541,33.669244946730025,0.610624555927389
25.71314209472982,0.6083198788531704,124.0960897886064,6.105880469270148,33.71220450804742,0.6083198788531704
25.745163442294864,0.6060324443944041,124.03810275785726,6.106017610557275,33.75516389043168,0.6060324443944041
25.77718478985991,0.6037621141838753,123.98009892732478,6.106154731687827,33.798123092347744,0.6037621141838753
25.80920613742495,0.6015087508635311,123.92207843656551,6.106291832639732,33.84108211226074,0.6015087508635311
25.841227484989997,0.5992722182445904,123.86404142396606,6.106428913390954,33.88404094863618,0.5992722182445904
25.87324883255504,0.5970523812502821,123.8059880268005,6.106565973919484,33.9269995999399,0.5970523812502821
25.90527018012008,0.594849105888698,123.74791838125766,6.106703014203346,33.969958064637986,0.594849105888698
25.937291527685126,0.5926622592442764,123.68983262244946,6.106840034220586,34.01291634119683,0.5926622592442764
25.969312875250168,0.5904917094693752,123.63173088441965,6.1069770339492875,34.05587442808299,0.5904917094693752
26.001334222815213,0.5883373257759259,123.57361330015188,6.1071140133675526,34.098832323763276,0.5883373257759259
26.033355570380255,0.5861989784271823,123.51548000157828,6.107250972453517,34.14179002670469,0.5861989784271823
26.0653769179453,0.5840765387295493,123.45733111958732,6.1073879111853415,34.18474753537446,0.5840765387295493
26.097398265510343,0.5819698790245044,123.39916678403223,6.107524829541216,34.22770484823996,0.5819698790245044
26.129419613075385,0.5798788726806006,123.34098712373878,6.107661727499355,34.27066196376872,0.5798788726806006
26.16144096064043,0.5778033940855611,123.28279226651338,6.107798605038001,34.313618880428386,0.5778033940855611
26.193462308205472,0.5757433186384602,123.22458233915077,6.107935462135423,34.3565755966868,0.5757433186384602
26.225483655770518,0.5736985227419871,123.1663574674419,6.108072298769911,34.39953211101185,0.5736985227419871
26.25750500333556,0.571668883794803,123.10811777618154,6.108209114919787,34.442488421871545,0.571668883794803
26.2895263509006,0.5696542801356549,123.04986338922429,6.1083459105633935,34.48544452773392,0.5696542801356549
26.321547698465647,0.5676545910298392,122.99159442949808,6.108482685679095,34.52840042706699,0.5676545910298392
26.35356904603069,0.5656696967787355,122.93331101889467,6.1086194402452865,34.5713561183389,0.5656696967787355
26.385590393595734,0.5636994786462257,122.87501327834302,6.1087561742403835,34.61431160001782,0.5636994786462257
26.417611741160776,0.5617438188498873,122.81670132781845,6.1088928876428295,34.65726687057197,0.5617438188498873
26.449633088725818,0.5598026005535113,122.75837528634989,6.109029580431084,34.70022192846955,0.5598026005535113
26.481654436290864,0.5578757078597011,122.70003527202749,6.1091662525836385,34.74317677217877,0.5578757078597011
26.513675783855906,0.5559630258025453,122.64168140200985,6.1093029040790015,34.786131400167754,0.5559630258025453
26.54569713142095,0.5540644403403676,122.58331379253138,6.109439534895709,34.82908581090466,0.5540644403403676
26.577718478985993,0.5521798383485554,122.5249325589094,6.1095761450123165,34.87204000285754,0.5521798383485554
26.609739826551035,0.5503091076124621,122.46653781555133,6.109712734407399,34.914993974494365,0.5503091076124621
26.64176117411608,0.548452136820389,122.40812967596169,6.109849303059559,34.95794772428308,0.548452136820389
26.673782521681122,0.5466088155566416,122.34970825274912,6.109985850947417,35.00090125069148,0.5466088155566416
26.705803869246168,0.544779034294664,122.29127365763311,6.110122378049618,35.04385455218726,0.544779034294664
26.73782521681121,0.5429626843902502,122.23282600145107,6.110258884344823,35.08680762723801,0.5429626843902502
26.76984656437625,0.5411596580716205,122.17436539416802,6.110395369811719,35.12976047431112,0.5411596580716205
26.801867911941297,0.5393698483561613,122.1158919449602,6.110531834429007,35.17271309187378,0.5393698483561613
26.83388925950634,0.5375931491459888,122.05740576211927,6.110668278175409,35.21566547839299,0.5375931491459888
26.865910607071385,0.535829455223939,121.9989069530562,6.110804701029671,35.25861763233566,0.535829455223939
26.897931954636427,0.5340786622178739,121.94039562433731,6.110941102970557,35.301569552168424,0.5340786622178739
26.92995330220147,0.5323406665940418,121.88187188169073,6.111077483976851,35.34452123635778,0.5323406665940418
26.961974649766514,0.5306153656505096,121.82333583001297,6.111213844027352,35.38747268336995,0.5306153656505096
26.993995997331556,0.5289026575106597,121.76478757337557,6.111350183100883,35.43042389167091,0.5289026575106597
27.0260173448966,0.5272024411167571,121.70622721503153,6.111486501176285,35.47337485972645,0.5272024411167571
27.058038692461643,0.5255146162235828,121.6476548574216,6.111622798232412,35.516325586002004,0.5255146162235828
27.090060040026685,0.5238390833921346,121.58907060218068,6.111759074248144,35.55927606896278,0.5238390833921346
27.12208138759173,0.522175743983396,121.53047455014402,6.111895329202371,35.60222630707368,0.522175743983396
27.154102735156773,0.520524500152174,121.47186680135347,6.112031563074005,35.6451762987993,0.520524500152174
27.18612408272182,0.5188852548410015,121.41324745506351,6.112167775841976,35.68812604260391,0.5188852548410015
27.21814543028686,0.5172579117741112,121.35461660974738,6.112303967485229,35.731075536951465,0.5172579117741112
27.250166777851902,0.5156423754514735,121.29597436310301,6.112440137982724,35.77402478030557,0.5156423754514735
27.282188125416948,0.5140385511231567,121.23732081207869,6.112576287313441,35.81697377112941,0.5140385511231567
27.31420947298199,0.5124463447371578,121.17865605292545,6.1127124154563734,35.85992250788576,0.5124463447371578
27.346230820547035,0.5108656630497537,121.11998018108636,6.112848522390528,35.90287098903706,0.5108656630497537
27.378252168112077,0.5092964135723687,121.06129329124992,6.112984608094933,35.94581921304534,0.5092964135723687
27.41027351567712,0.5077385045592796,121.00259547736223,6.113120672548629,35.98876717837226,0.5077385045592796
27.442294863242164,0.5061918450017867,120.94388683263303,6.11325671573067,36.03171488347902,0.5061918450017867
27.474316210807206,0.5046563446224442,120.8851674495412,6.113392737620134,36.074662326826406,0.5046563446224442
27.506337558372252,0.5031319138693505,120.82643741984086,6.113528738196101,36.117609506874736,0.5031319138693505
27.538358905937294,0.5016184639104975,120.76769683456672,6.113664717437674,36.16055642208389,0.5016184639104975
27.570380253502336,0.5001159066281795,120.70894578403987,6.113800675323971,36.203503070913264,0.5001159066281795
27.60240160106738,0.4986241546134632,120.65018435787317,6.113936611834117,36.24644945182174,0.4986241546134632
27.634422948632423,0.49714312116071585,120.59141264497697,6.1140725269472584,36.28939556326774,0.49714312116071585
27.66644429619747,0.49567272026219333,120.53263073356432,6.11420842064255,36.332341403709194,0.49567272026219333
27.69846564376251,0.4942128666026886,120.47383871115645,6.114344292899163,36.37528697160345,0.4942128666026886
27.730486991327552,0.4927634755542389,120.41503666458804,6.114480143696282,36.41823226540737,0.4927634755542389
27.762508338892598,0.49132446317088674,120.35622468001252,6.1146159730131,36.46117728357725,0.49132446317088674
27.79452968645764,0.48989574613657333,120.29740284295424,6.114751780828827,36.50412202456877,0.48989574613657333
27.826551034022685,0.48847724179250085,120.23857123828105,6.114887567122683,36.54706648683703,0.48847724179250085
27.858572381587727,0.4870688681807399,120.17972995016073,6.1150233318739,36.59001066883658,0.4870688681807399
27.89059372915277,0.48567054400157,120.12087906210354,6.115159075061724,36.63295456902138,0.48567054400157
27.922615076717815,0.48428218860830735,120.06201865696757,6.115294796665413,36.675898185844815,0.48428218860830735
27.954636424282857,0.4829037220021855,120.00314881696382,6.115430496664232,36.71884151775961,0.4829037220021855
27.986657771847902,0.4815350648272873,119.94426962366127,6.115566175037466,36.761784563217866,0.4815350648272873
28.018679119412944,0.4801761383655312,119.88538115799199,6.115701831764402,36.80472732067109,0.4801761383655312
28.050700466977986,0.47882686453170825,119.82648350025599,6.115837466824343,36.847669788570066,0.47882686453170825
28.08272181454303,0.4774871658685733,119.76757673012622,6.115973080196604,36.89061196536496,0.4774871658685733
28.114743162108073,0.4761569655419889,119.70866092665347,6.116108671860507,36.93355384950526,0.4761569655419889
28.14676450967312,0.47483618733611915,119.64973616827115,6.116244241795386,36.976495439439766,0.47483618733611915
28.17878585723816,0.4735247556486806,119.59080253280001,6.116379789980586,37.01943673361656,0.4735247556486806
28.210807204803203,0.4722225954862412,119.53186009745302,6.11651531639546,37.06237773048306,0.4722225954862412
28.24282855236825,0.47092963245957475,119.4729089388398,6.116650821019371,37.10531842848591,0.47092963245957475
28.27484989993329,0.4696457927730119,119.41394913297745,6.116786303831694,37.14825882607108,0.4696457927730119
28.306871247498336,0.4683710031685428,119.3549807553466,6.116921764811809,37.19119892168365,0.4683710031685428
28.338892595063378,0.46710519100727865,119.29600388080969,6.1170572039391065,37.234138713768054,0.46710519100727865
28.37091394262842,0.46584828424625474,119.23701858363422,6.117192621192988,37.277078200767924,0.46584828424625474
28.402935290193465,0.4646002114211307,119.17802493751014,6.117328016552858,37.320017381126156,0.4646002114211307
28.434956637758507,0.46336090164164867,119.1190230155544,6.117463389998138,37.362956253284835,0.46336090164164867
28.466977985323553,0.46213028458713507,119.06001289031549,6.117598741508254,37.40589481568529,0.46213028458713507
28.498999332888594,0.4609082905020522,119.00099463377778,6.117734071062639,37.44883306676796,0.4609082905020522
28.531020680453636,0.4596948501915925,118.94196831736612,6.117869378640732,37.491771004972556,0.4596948501915925
28.563042028018682,0.45848989501732235,118.88293401195006,6.1180046642219885,37.534708628737924,0.45848989501732235
28.595063375583724,0.4572933568928712,118.82389178784828,6.118139927785859,37.57764593650203,0.4572933568928712
28.62708472314877,0.45610516827966585,118.76484171483283,6.118275169311814,37.62058292670208,0.45610516827966585
28.65910607071381,0.45492526218271284,118.70578386213326,6.118410388779323,37.66351959777433,0.45492526218271284
28.691127418278853,0.4537535721464267,118.64671829844109,6.118545586167864,37.70645594815423,0.4537535721464267
28.7231487658439,0.4525900322505037,118.58764509191361,6.118680761456924,37.749391976276314,0.4525900322505037
28.75517011340894,0.4514345771058434,118.52856431017821,6.118815914625995,37.79232768057423,0.4514345771058434
28.787191460973986,0.45028714182909463,118.46947602035775,6.118951045654577,37.83526305948073,0.45028714182909463
28.819212808539028,0.4491476620246709,118.41038028908872,6.119086154522171,37.87819811142755,0.4491476620246709
28.851234156104073,0.4480160738509983,118.35127718245477,6.11922124120829,37.921132834845594,0.4480160738509983
28.883255503669115,0.4468923139807033,118.29216676602664,6.119356305692451,37.964067228164815,0.4468923139807033
28.915276851234157,0.44577631959507635,118.23304910486765,6.119491347954174,38.00700128981424,0.44577631959507635
28.947298198799203,0.44466802838008246,118.17392426353781,6.11962636797299,38.049935018221944,0.44466802838008246
28.979319546364245,0.4435673785224117,118.11479230609778,6.11976136572843,38.092868411815,0.4435673785224117
29.01134089392929,0.4424743087055706,118.05565329611265,6.119896341200038,38.13580146901956,0.4424743087055706
29.043362241494332,0.44138875810601563,117.99650729665599,6.120031294367351,38.17873418826075,0.44138875810601563
29.075383589059374,0.4403106663893256,117.93735437031357,6.120166225209923,38.22166656796272,0.4403106663893256
29.10740493662442,0.43923997370641693,117.87819457918722,6.120301133707307,38.26459860654867,0.43923997370641693
29.13942628418946,0.4381766206897988,117.81902798489863,6.120436019839059,38.30753030244067,0.4381766206897988
29.171447631754507,0.43712054844986875,117.75985464859296,6.120570883584744,38.35046165405986,0.43712054844986875
29.20346897931955,0.436071698571251,117.70067463094257,6.120705724923928,38.39339265982634,0.436071698571251
29.23549032688459,0.435030013109173,117.64148799215067,6.1208405438361835,38.43632331815914,0.435030013109173
29.267511674449636,0.43399543458505724,117.58229479195575,6.120975340301083,38.47925362747625,0.43399543458505724
29.29953302201468,0.43296790594362927,117.52309508967454,6.121110114298206,38.52218358619456,0.43296790594362927
29.331554369579724,0.4319473705953842,117.46388894415945,6.121244865807133,38.56511319272985,0.4319473705953842
29.363575717144766,0.4309337724235459,117.40467641379162,6.1213795948074505,38.6080424454969,0.4309337724235459
29.395597064709808,0.42992705576204215,117.34545755650305,6.1215143012787445,38.65097134290938,0.42992705576204215
29.427618412274853,0.42892716539196457,117.28623242978003,6.121648985200611,38.69389988337985,0.42892716539196457
29.459639759839895,0.42793404653806527,117.22700109066679,6.121783646552639,38.73682806531977,0.42793404653806527
29.49166110740494,0.42694764486528697,117.16776359576888,6.121918285314431,38.779755887139466,0.42694764486528697
29.523682454969983,0.42596790647533167,117.10852000125666,6.122052901465585,38.82268334724817,0.42596790647533167
29.555703802535024,0.42499477790326406,117.04927036286877,6.1221874949857025,38.86561044405395,0.42499477790326406
29.58772515010007,0.42402820611415126,116.99001473591537,6.122322065854392,38.90853717596372,0.42402820611415126
29.619746497665112,0.4230681384997393,116.93075317528155,6.1224566140512575,38.951463541383276,0.4230681384997393
29.651767845230157,0.42211452287516404,116.87148573543065,6.122591139555909,38.994389538717215,0.42211452287516404
29.6837891927952,0.42116730747570036,116.81221247040752,6.122725642347958,39.03731516636895,0.42116730747570036
29.71581054036024,0.4202264409535454,116.75293343384173,6.122860122407017,39.08024042274076,0.4202264409535454
29.747831887925287,0.41929187237463883,116.69364867895068,6.122994579712703,39.1231653062337,0.41929187237463883
29.77985323549033,0.4183635512073522,116.63435825855115,6.123129014244628,39.1660898152476,0.4183635512073522
29.811874583055374,0.4174414272900992,116.57506222509156,6.123263425982409,39.20901394818107,0.4174414272900992
29.843895930620416,0.4165254508909448,116.51576063059237,6.123397814905666,39.25193770343149,0.4165254508909448
29.875917278185458,0.4156155726821528,116.4564535266715,6.123532180994014,39.294861079395034,0.4156155726821528
29.907938625750504,0.41471174373219716,116.39714096455236,6.123666524227079,39.33778407446668,0.41471174373219716
29.939959973315545,0.41381391550265334,116.3378229950671,6.123800844584475,39.38070668704008,0.41381391550265334
29.97198132088059,0.4129220398451186,116.27849966865953,6.123935142045829,39.42362891550772,0.4129220398451186
30.004002668445633,0.412036068998168,116.21917103538823,6.124069416590756,39.46655075826073,0.412036068998168
30.036024016010675,0.4111559555843389,116.15983714492963,6.124203668198884,39.50947221368902,0.4111559555843389
30.06804536357572,0.4102816526071485,116.10049804658091,6.124337896849835,39.552393280181235,0.4102816526071485
30.100066711140762,0.40941311344814413,116.04115378926312,6.124472102523226,39.59531395612468,0.40941311344814413
30.132088058705808,0.4085502918639836,115.9818044215239,6.124606285198683,39.63823423990539,0.4085502918639836
30.16410940627085,0.4076931419835486,115.92244999154059,6.124740444855827,39.68115412990808,0.4076931419835486
30.19613075383589,0.4068416183050893,115.86309054712295,6.124874581474281,39.72407362451616,0.4068416183050893
30.228152101400937,0.40599567569340045,115.80372613571599,6.125008695033664,39.766992722111716,0.40599567569340045
30.26017344896598,0.40515526937703106,115.74435680440294,6.125142785513597,39.809911421075476,0.40515526937703106
30.292194796531025,0.4043203549241012,115.68498259992931,6.125276852893697,39.852829719786854,0.4043203549241012
30.324216144096066,0.4034908882471478,115.62560356869811,6.125410897153584,39.895747616623794,0.4034908882471478
30.35623749166111,0.40266682563508954,115.56621975673785,6.125544918272877,39.93866510996301,0.40266682563508954
30.388258839226154,0.40184812372799217,115.50683120972778,6.1256789162311875,39.981582198179794,0.40184812372799217
30.420280186791196,0.4010347395142276,115.44743797300075,6.125812891008133,40.02449887964807,0.4010347395142276
30.45230153435624,0.40022663032774275,115.38804009154602,6.125946842583327,40.067415152740416,0.40022663032774275
30.484322881921283,0.3994237538453561,115.32863761001191,6.126080770936381,40.11033101582794,0.3994237538453561
30.516344229486325,0.3986260680840832,115.26923057270848,6.126214676046904,40.15324646728039,0.3986260680840832
30.54836557705137,0.39783353139848837,115.20981902361021,6.126348557894505,40.196161505466144,0.39783353139848837
30.580386924616413,0.3970461024780677,115.1504030063587,6.126482416458791,40.23907612875206,0.3970461024780677
30.612408272181458,0.39626374034465617,115.09098256426512,6.126616251719367,40.281990335503664,0.39626374034465617
30.6444296197465,0.3954864043498659,115.03155774031295,6.126750063655833,40.324904124084995,0.3954864043498659
30.676450967311542,0.39471405417255073,114.97212857716038,6.12688385224779,40.36781749285867,0.39471405417255073
30.708472314876587,0.3939466498162997,114.9126951171429,6.127017617474835,40.41073044018586,0.3939466498162997
30.74049366244163,0.39318415160695774,114.85325740227584,6.127151359316564,40.453642964426244,0.39318415160695774
30.772515010006675,0.3924265201880367,114.7938154742589,6.127285077752568,40.496555063938054,0.3924265201880367
30.804536357571717,0.3916737164901391,114.7343693745068,6.127418772762435,40.539466737078,0.3916737164901391
30.83655770513676,0.3909257017710937,114.67491914410908,6.127552444325753,40.58237798220133,0.3909257017710937
30.868579052701804,0.39018243760825444,114.61546482383787,6.127686092422105,40.625288797661796,0.39018243760825444
30.900600400266846,0.3894438858875937,114.55600645415872,6.127819717031069,40.66819918181167,0.3894438858875937
30.93262174783189,0.3887100088012781,114.49654407523315,6.127953318132223,40.71110913300168,0.3887100088012781
30.964643095396934,0.38798076884527055,114.43707772692103,6.128086895705141,40.75401864958108,0.38798076884527055
30.996664442961976,0.3872561288169557,114.37760744878288,6.128220449729392,40.79692772989757,0.3872561288169557
31.02868579052702,0.38653605181279077,114.31813328008234,6.128353980184545,40.83983637229731,0.38653605181279077
31.060707138092063,0.3858205012259812,114.25865525978841,6.128487487050159,40.88274457512496,0.3858205012259812
31.09272848565711,0.3851094407441808,114.1991734265779,6.128620970305793,40.92565233672357,0.3851094407441808
31.12474983322215,0.3844028343472166,114.13968781883759,6.128754429931004,40.968559655434696,0.3844028343472166
31.156771180787192,0.38370064630483813,114.08019847466643,6.128887865905342,41.01146652959827,0.38370064630483813
31.188792528352238,0.3830028411744926,114.02070543187803,6.129021278208354,41.054372957552715,0.3830028411744926
31.22081387591728,0.3823093837991232,113.96120872800269,6.129154666819582,41.097278937634805,0.3823093837991232
31.252835223482325,0.38162023930499334,113.90170840028946,6.1292880317185645,41.14018446817979,0.38162023930499334
31.284856571047367,0.38093537309020364,113.84220448571807,6.129421372884833,41.18308954752125,0.38093537309020364
31.31687791861241,0.380254750810209,113.78269702101298,6.129554690297918,41.22599417399118,0.380254750810209
31.348899266177455,0.37957833841613675,113.72318604260526,6.129687983937341,41.26889834591998,0.37957833841613675
31.380920613742497,0.37890610213399134,113.66367158665344,6.129821253782622,41.311802061636385,0.37890610213399134
31.412941961307542,0.3782380084610812,113.60415368904688,6.129954499813277,41.35470531946756,0.3782380084610812
31.444963308872584,0.37757402416389013,113.54463238540824,6.130087722008813,41.39760811773903,0.37757402416389013
31.47698465643763,0.376914116275971,113.48510771109525,6.1302209203487354,41.44051045477466,0.376914116275971
31.50900600400267,0.37625825209586056,113.42557970120312,6.13035409481254,41.48341232889664,0.37625825209586056
31.541027351567713,0.37560639918501604,113.36604839056633,6.130487245379723,41.52631373842555,0.37560639918501604
31.57304869913276,0.37495852536577473,113.30651381376094,6.130620372029773,41.56921468168026,0.37495852536577473
31.6050700466978,0.37431459871933354,113.24697600510642,6.13075347474217,41.61211515697799,0.37431459871933354
31.637091394262846,0.37367458758375177,113.18743499866773,6.130886553496392,41.655015162634285,0.37367458758375177
31.669112741827888,0.3730384605519751,113.1278908282574,6.13101960827191,41.697914696963,0.3730384605519751
31.70113408939293,0.3724061864698818,113.06834352743732,6.1311526390481905,41.740813758276246,0.3724061864698818
31.733155436957976,0.37177773443434975,113.00879312952078,6.131285645804691,41.78371234488452,0.37177773443434975
31.765176784523018,0.3711530737912056,112.94923966757459,6.131418628520863,41.82661045509653,0.3711530737912056
31.797198132088063,0.37053217411378886,112.88968317444046,6.131551587176156,41.869508087219245,0.37053217411378886
31.829219479653105,0.3699150052201879,112.83012368271778,6.131684521750009,41.91240523955795,0.3699150052201879
31.861240827218147,0.36930153718234604,112.77056122475447,6.131817432221857,41.95530191041619,0.36930153718234604
31.893262174783192,0.3686917403125978,112.71099583266052,6.1319503185711275,41.99819809809574,0.3686917403125978
31.925283522348234,0.3680855851617802,112.65142753830993,6.13208318077724,42.041093800896675,0.3680855851617802
31.95730486991328,0.3674830425173627,112.59185637334247,6.13221601881961,42.08398901711728,0.3674830425173627
31.98932621747832,0.3668840834015978,112.5322823691656,6.132348832677647,42.12688374505408,0.3668840834015978
32.021347565043364,0.3662886790696893,112.47270555695638,6.132481622330749,42.16977798300183,0.3662886790696893
32.053368912608406,0.36569680100798113,112.41312596766318,6.132614387758315,42.21267172925351,0.36569680100798113
32.085390260173455,0.3651084209321645,112.35354363200751,6.132747128939724,42.25556498210034,0.3651084209321645
32.1174116077385,0.3645235107855046,112.29395858048593,6.1328798458543625,42.298457739831676,0.3645235107855046
32.14943295530354,0.3639420427370868,112.23437084337158,6.1330125384816006,42.341350000735126,0.3639420427370868
32.18145430286858,0.3633639891800812,112.17478045071617,6.133145206800803,42.38424176309648,0.3633639891800812
32.21347565043362,0.36278932273002734,112.11518743235149,6.133277850791331,42.42713302519972,0.36278932273002734
32.24549699799867,0.36221801622313793,112.05559181789127,6.133410470432533,42.47002378532701,0.36221801622313793
32.27751834556371,0.3616500427113597,111.99599363673612,6.133543065703751,42.51291404175863,0.3616500427113597
32.309539693128755,0.3610853754432856,111.93639291809254,6.133675636584321,42.555803792773055,0.3610853754432856
32.3415610406938,0.3605239878954802,111.87678969094176,6.133808183053571,42.59869303664689,0.3605239878954802
32.37358238825884,0.3599658537609844,111.817183984051,6.133940705090816,42.64158177165491,0.3599658537609844
32.40560373582389,0.3594109469441648,111.75757582597879,6.134073202675372,42.68446999607007,0.3594109469441648
32.43762508338893,0.3588592415590559,111.69796524507672,6.134205675786543,42.72735770816335,0.3588592415590559
32.46964643095397,0.35831071192771674,111.63835226949085,6.134338124403621,42.77024490620396,0.35831071192771674
32.501667778519014,0.3577653325786069,111.57873692716359,6.134470548505895,42.81313158845921,0.3577653325786069
32.533689126084056,0.3572230782449783,111.51911924583513,6.134602948072645,42.85601775319446,0.3572230782449783
32.565710473649105,0.3566839238632844,111.45949925304521,6.13473532308314,42.89890339867326,0.3566839238632844
32.59773182121415,0.3561478445716058,111.39987697613456,6.134867673516643,42.941788523157186,0.3561478445716058
32.62975316877919,0.3556148157080933,111.34025244224655,6.134999999352406,42.984673124905946,0.3556148157080933
32.66177451634423,0.3550848128094277,111.28062567832865,6.135132300569676,43.027557202177306,0.3550848128094277
32.69379586390927,0.35455781160929645,111.2209967111342,6.135264577147687,43.070440753227146,0.35455781160929645
32.72581721147432,0.3540337880368874,111.16136556722356,6.1353968290656695,43.113323776309365,0.3540337880368874
32.757838559039364,0.35351271821540026,111.1017322729659,6.135529056302841,43.15620626967597,0.35351271821540026
32.789859906604406,0.3529945784509195,111.04209685455027,6.135661258838409,43.19908823157695,0.3529945784509195
32.82188125416945,0.3524793452303886,110.98245933798762,6.135793436651575,43.24196966026041,0.3524793452303886
32.85390260173449,0.35196699524246927,110.92281974908988,6.13592558972153,43.28485055397243,0.35196699524246927
32.88592394929954,0.3514575053632811,110.8631781134843,6.1360577180274545,43.32773091095719,0.3514575053632811
32.91794529686458,0.35095085265471965,110.80353445661517,6.136189821548524,43.37061072945684,0.35095085265471965
32.94996664442962,0.35044701436299913,110.74388880374522,6.136321900263902,43.41349000771159,0.35044701436299913
32.981987991994664,0.3499459679172106,110.68424117995707,6.136453954152739,43.45636874395963,0.3499459679172106
33.014009339559706,0.3494476909278952,110.62459161015474,6.136585983194184,43.49924693643719,0.3494476909278952
33.046030687124755,0.34895216118563127,110.56494011906506,6.13671798736737,43.54212458337849,0.34895216118563127
33.0780520346898,0.3484593566596385,110.50528673123898,6.13684996665142,43.5850016830157,0.3484593566596385
33.11007338225484,0.34796925549639407,110.44563147105305,6.136981921025451,43.627878233579025,0.34796925549639407
33.14209472981988,0.3474818360182669,110.3859743627108,6.137113850468569,43.67075423329663,0.3474818360182669
33.17411607738492,0.3469970767221645,110.32631543024402,6.137245754959869,43.71362968039462,0.3469970767221645
33.20613742494997,0.34651495627819584,110.26665469751426,6.137377634478437,43.75650457309714,0.34651495627819584
33.238158772515014,0.34603545352834897,110.20699218821396,6.137509489003348,43.799378909626185,0.34603545352834897
33.270180120080056,0.3455585474845023,110.14732792586864,6.137641318513667,43.84225268820179,0.3455585474845023
33.3022014676451,0.3450842173121633,110.08766193385308,6.137773122988451,43.885125907041875,0.3450842173121633
33.33422281521014,0.34461244234947663,110.02799423537236,6.137904902406741,43.92799856436227,0.34461244234947663
33.36624416277519,0.3441432021059998,109.968324853463,6.138036656747576,43.9708706583768,0.3441432021059998
33.39826551034023,0.3436764762558988,109.90865381099987,6.138168385989975,44.01374218729719,0.3436764762558988
33.43028685790527,0.3432122446366549,109.84898113069745,6.1383000901129545,44.05661314933304,0.3432122446366549
33.462308205470315,0.34275048724778456,109.78930683511116,6.138431769095516,44.099483542691914,0.34275048724778456
33.49432955303536,0.34229118424957433,109.72963094663854,6.1385634229166515,44.142353365579226,0.34229118424957433
33.526350900600406,0.34183431596182623,109.66995348752062,6.138695051555343,44.18522261619834,0.34183431596182623
33.55837224816545,0.34137986286261846,109.61027447984318,6.1388266549905595,44.228091292750456,0.34137986286261846
33.59039359573049,0.34092780558707875,109.55059394553784,6.138958233201262,44.27095939343469,0.34092780558707875
33.62241494329553,0.34047812492616947,109.49091190638347,6.139089786166399,44.313826916448,0.34047812492616947
33.65443629086057,0.3400308018254886,109.43122838400723,6.139221313864908,44.35669385998524,0.3400308018254886
33.68645763842562,0.3395858173840813,109.37154339988591,6.139352816275714,44.399560222239096,0.3395858173840813
33.718478985990664,0.33914315285326646,109.31185697534701,6.139484293377736,44.442426001400115,0.33914315285326646
33.750500333555706,0.33870278963547507,109.25216913156997,6.139615745149874,44.48529119565671,0.33870278963547507
33.78252168112075,0.3382647092791237,109.1924798895913,6.139747171571024,44.5281558031951,0.3382647092791237
33.81454302868579,0.3378288934687248,109.1327892703145,6.139878572620062,44.57101982219932,0.3378288934687248
33.84656437625084,0.33739532404629435,109.07309729448858,6.140009948275862,44.613883250851266,0.33739532404629435
33.87858572381588,0.3369639830008823,109.01340398271861,6.140141298517282,44.65674608733063,0.3369639830008823
33.91060707138092,0.3365348524662445,108.95370935546806,6.140272623323167,44.69960832981492,0.3365348524662445
33.942628418945965,0.336107914719708,108.89401343305984,6.140403922672353,44.74246997647947,0.336107914719708
33.97464976651101,0.3356831521810467,108.83431623567765,6.140535196543662,44.78533102549737,0.3356831521810467
34.006671114076056,0.33526054741136946,108.77461778336676,6.140666444915905,44.82819147503956,0.33526054741136946
34.0386924616411,0.33484008311201946,108.7149180960356,6.140797667767885,44.8710513232747,0.33484008311201946
34.07071380920614,0.33442174212348524,108.65521719345635,6.140928865078385,44.913910568369275,0.33442174212348524
34.10273515677118,0.33400550742432317,108.59551509526638,6.141060036826182,44.95676920848751,0.33400550742432317
34.134756504336224,0.3335913621300921,108.53581182096919,6.141191182990042,44.999627241791394,0.3335913621300921
34.16677785190127,0.33317928949229875,108.47610738993546,6.141322303548712,45.042484666440714,0.33317928949229875
34.198799199466315,0.33276927289735586,108.4164018214042,6.141453398480936,45.08534148059296,0.33276927289735586
34.23082054703136,0.332361295865551,108.3566951344836,6.141584467765436,45.12819768240338,0.332361295865551
34.2628418945964,0.331955342050023,108.29698734815238,6.14171551138093,45.17105327002496,0.331955342050023
34.29486324216144,0.33155139522642846,108.2372784812698,6.141846529306118,45.21390824160843,0.33155139522642846
34.32688458972649,0.3311494392987875,108.17756855257001,6.141977521519691,45.256762595302185,0.3311494392987875
34.35890593729153,0.3307494583075025,108.117857580654,6.142108488000323,45.29961632925238,0.3307494583075025
34.39092728485657,0.330351436421195,108.05814558399781,6.1422394287266835,45.34246944160286,0.330351436421195
34.422948632421615,0.3299553579356973,107.99843258095338,6.142370343677419,45.38532193049521,0.3299553579356973
34.45496997998666,0.3295612072730564,107.93871858974983,6.14250123283117,45.42817379406866,0.3295612072730564
34.486991327551706,0.3291689689805459,107.87900362849419,6.142632096166565,45.47102503046019,0.3291689689805459
34.51901267511675,0.3287786277296897,107.81928771517259,6.1427629336622145,45.5138756378044,0.3287786277296897
34.55103402268179,0.3283901683152958,107.7595708676511,6.142893745296719,45.55672561423359,0.3283901683152958
34.58305537024683,0.3280035756544997,107.6998531036768,6.143024531048668,45.59957495787775,0.3280035756544997
34.615076717811874,0.3276188347858181,107.64013444087861,6.143155290896635,45.642423666864495,0.3276188347858181
34.64709806537692,0.3272359308682135,107.58041489676839,6.143286024819181,45.68527173931914,0.3272359308682135
34.679119412941965,0.32685484918016927,107.52069448874171,6.143416732794855,45.7281191733646,0.32685484918016927
34.71114076050701,0.3264755751187728,107.46097323407895,6.143547414802191,45.77096596712145,0.3264755751187728
34.74316210807205,0.3260980941988123,107.40125114994602,6.143678070819711,45.81381211870792,0.3260980941988123
34.77518345563709,0.325722392050637,107.3415282533967,6.143808700825923,45.85665762623986,0.325722392050637
34.80720480320214,0.3253484544093359,107.28180456138337,6.143939304799323,45.8995024878307,0.3253484544093359
34.83922615076718,0.3249762671307418,107.222080090741,6.144069882718392,45.94234670159151,0.3249762671307418
34.871247498332224,0.32460581618669127,107.162354858192,6.1442004345615935,45.985190265630955,0.32460581618669127
34.903268845897266,0.32423708766173814,107.10262888034936,6.1443309603073875,46.02803317805535,0.32423708766173814
34.93529019346231,0.3238700677522677,107.04290217371762,6.144461459934212,46.07087543696855,0.3238700677522677
34.96731154102736,0.32350474276562136,106.98317475469382,6.144591933420495,46.11371704047202,0.32350474276562136
34.9993328885924,0.32314109911922984,106.92344663956834,6.144722380744648,46.156557986664815,0.32314109911922984
35.03135423615744,0.3227791233397554,106.8637178445257,6.1448528018850705,46.19939827364354,0.3227791233397554
35.06337558372248,0.3224188020622429,106.80398838564541,6.14498319682015,46.2422378995024,0.3224188020622429
35.095396931287524,0.32206012202927986,106.74425827890302,6.1451135655282565,46.285076862333135,0.32206012202927986
35.12741827885257,0.32170307009016635,106.68452754017066,6.145243907987747,46.32791516022505,0.32170307009016635
35.159439626417615,0.32134763320009324,106.62479618521819,6.145374224176966,46.370752791265005,0.32134763320009324
35.19146097398266,0.3209937984193292,106.56506422971368,6.145504514074243,46.41358975353736,0.3209937984193292
35.2234823215477,0.32064155291241764,106.50533168922458,6.145634777657891,46.45642604512406,0.32064155291241764
35.25550366911274,0.3202908839473814,106.44559857921816,6.145765014906214,46.49926166410457,0.3202908839473814
35.28752501667779,0.3199417788906496,106.38586491506696,6.1458952257974975,46.542096608555866,0.3199417788906496
35.31954636424283,0.3195942252038345,106.32613071205175,6.1460254103100125,46.584930876552356,0.3195942252038345
35.351567711807874,0.31924821045644447,106.26639598534898,6.146155568422018,46.627764466166084,0.31924821045644447
35.383589059372916,0.31890372231812864,106.20666075003842,6.146285700111756,46.670597375466514,0.31890372231812864
35.41561040693796,0.3185607485576254,106.14692502110431,6.146415805357458,46.71342960252064,0.3185607485576254
35.44763175450301,0.3182192770419855,106.08718881343607,6.1465458841373355,46.75626114539293,0.3182192770419855
35.47965310206805,0.3178792957358028,106.02745214182923,6.146675936429592,46.79909200214532,0.3178792957358028
35.51167444963309,0.31754079270045277,105.96771502098602,6.146805962212408,46.84192217083724,0.31754079270045277
35.54369579719813,0.31720375609333934,105.90797746551627,6.1469359614639565,46.884751649525576,0.31720375609333934
35.57571714476318,0.31686817416714946,105.84823948993802,6.147065934162392,46.927580436264684,0.31686817416714946
35.607738492328224,0.31653403526911633,105.78850110867845,6.147195880285858,46.97040852910636,0.31653403526911633
35.639759839893266,0.316201327840289,105.72876233607451,6.147325799812477,47.013235926099846,0.316201327840289
35.67178118745831,0.3158700404148116,105.6690231863736,6.147455692720363,47.05606262529184,0.3158700404148116
35.70380253502335,0.31554016161921006,105.6092836737344,6.147585558987608,47.09888862472646,0.31554016161921006
35.7358238825884,0.31521168017168594,105.54954381222757,6.147715398592297,47.141713922445255,0.31521168017168594
35.76784523015344,0.3148845848812377,105.48980361583658,6.147845211512493,47.18453851648718,0.3148845848812377
35.79986657771848,0.31455886463924837,105.43006309846618,6.147974997726249,47.22736240488861,0.31455886463924837
35.831887925283525,0.3142345084280151,105.37032227393387,6.1481047572115965,47.27018558568331,0.3142345084280151
35.863909272848566,0.3139115053218386,105.31058115596879,6.148234489946559,47.313008056902476,0.3139115053218386
35.895930620413615,0.3135898444828191,105.25083975821599,6.148364195909141,47.35582981657466,0.3135898444828191
35.92795196797866,0.31326951516016716,105.1910980942371,6.148493875077332,47.39865086272582,0.31326951516016716
35.9599733155437,0.3129505066895207,105.13135617751094,6.148623527429103,47.44147119337931,0.3129505066895207
35.99199466310874,0.3126328084922694,105.0716140214344,6.148753152942415,47.48429080655582,0.3126328084922694
36.02401601067378,0.3123164100748861,105.01187163932289,6.148882751595213,47.52710970027341,0.3123164100748861
36.05603735823883,0.312001301028266,104.9521290444112,6.1490123233654215,47.569927872547545,0.312001301028266
36.088058705803874,0.31168747102707106,104.89238624985406,6.149141868230955,47.612745321390975,0.31168747102707106
36.120080053368916,0.3113749098290835,104.83264326872687,6.149271386169707,47.65556204481385,0.3113749098290835
36.15210140093396,0.3110636072745646,104.77290011402619,6.149400877159558,47.698378040823606,0.3110636072745646
36.184122748499,0.310753553285622,104.71315679867058,6.149530341178376,47.74119330742507,0.310753553285622
36.21614409606405,0.3104447378655825,104.65341333550118,6.149659778204006,47.78400784262036,0.3104447378655825
36.24816544362909,0.31013715109837364,104.59366973728226,6.149789188214283,47.82682164440891,0.31013715109837364
36.28018679119413,0.30983078314625745,104.53392601670355,6.149918571187027,47.86963471078745,0.30983078314625745
36.312208138759175,0.3095256242436351,104.4741821863865,6.150047927100034,47.91244703975005,0.3095256242436351
36.34422948632422,0.30922166470865636,104.41443825887256,6.150177255931092,47.95525862928801,0.30922166470865636
36.376250833889266,0.30891889493816915,104.35469424662831,6.150306557657968,47.998069477390025,0.30891889493816915
36.40827218145431,0.30861730540620697,104.29495016204709,6.150435832258418,48.04087958204197,0.30861730540620697
36.44029352901935,0.308316886663382,104.23520601744929,6.150565079710176,48.08368894122707,0.308316886663382
36.47231487658439,0.30801762933628657,104.17546182508333,6.150694299990962,48.12649755292575,0.30801762933628657
36.504336224149434,0.30771952412689935,104.11571759712609,6.150823493078484,48.16930541511578,0.30771952412689935
36.53635757171448,0.3074225618119984,104.05597334568344,6.150952658950427,48.21211252577214,0.3074225618119984
36.568378919279525,0.3071267332425802,103.99622908279095,6.151081797584464,48.25491888286707,0.3071267332425802
36.60040026684457,0.30683202934328513,103.93648482041449,6.151210908958249,48.297724484370015,0.30683202934328513
36.63242161440961,0.3065384411118286,103.87674057045068,6.151339993049422,48.340529328247726,0.3065384411118286
36.66444296197465,0.30624595961843887,103.81699634472756,6.151469049835605,48.38333341246413,0.30624595961843887
36.6964643095397,0.30595457600530107,103.7572521550051,6.151598079294402,48.4261367349804,0.30595457600530107
36.72848565710474,0.30566428148600716,103.69750801297589,6.151727081403405,48.46893929375492,0.30566428148600716
36.76050700466978,0.3053750673450122,103.63776393026548,6.151856056140185,48.511741086743264,0.3053750673450122
36.792528352234825,0.3050869249328263,103.57801991843738,6.151985003482298,48.55454211189822,0.3050869249328263
36.82454969979987,0.3047998456672179,103.5182759889918,6.152113923407281,48.59734236716976,0.3047998456672179
36.856571047364916,0.30451382103921537,103.45853215335963,6.1522428158926585,48.64014185050506,0.30451382103921537
36.88859239492996,0.3042288426082494,103.39878842290734,6.152371680915937,48.68294055984846,0.3042288426082494
36.920613742495,0.3039449020016047,103.33904480893757,6.152500518454601,48.72573849314148,0.3039449020016047
36.95263509006004,0.30366199091388796,103.27930132268956,6.152629328486125,48.7685356483228,0.30366199091388796
36.984656437625084,0.3033801011065013,103.21955797533981,6.152758110987964,48.8113320233283,0.3033801011065013
37.01667778519013,0.30309922440712145,103.15981477800256,6.152886865937555,48.85412761609097,0.30309922440712145
37.048699132755175,0.30281935270918375,103.10007174173029,6.153015593312316,48.896922424540925,0.30281935270918375
37.08072048032022,0.30254047797137235,103.04032887751427,6.153144293089653,48.93971644660548,0.30254047797137235
37.11274182788526,0.30226259221711527,102.98058619628515,6.153272965246954,48.98250968020906,0.30226259221711527
37.1447631754503,0.30198568753408583,102.92084370891325,6.153401609761584,49.02530212327321,0.30198568753408583
37.17678452301535,0.3017097560737079,102.86110142620929,6.153530226610897,49.06809377371657,0.3017097560737079
37.20880587058039,0.3014347900506685,102.80135935892481,6.153658815772229,49.110884629454944,0.3014347900506685
37.240827218145434,0.30116078174243466,102.74161751775262,6.153787377222895,49.15367468840118,0.30116078174243466
37.272848565710476,0.3008877234883318,102.68187591332777,6.153915910940195,49.19646394846528,0.3008877234883318
37.30486991327552,0.300615607683599,102.62213455623353,6.154044416901412,49.239252407554275,0.300615607683599
37.33689126084057,0.300344426787313,102.56239345699342,6.15417289508381,49.28204006357234,0.300344426787313
37.36891260840561,0.3000741733207505,102.5026526260729,6.1543013454646385,49.32482691442067,0.3000741733207505
37.40093395597065,0.29980483986531065,102.44291207388144,6.154429768021126,49.36761295799755,0.29980483986531065
37.43295530353569,0.29953641906204453,102.38317181077296,6.154558162730484,49.41039819219836,0.29953641906204453
37.464976651100734,0.299268903611187,102.32343184704645,6.154686529569908,49.453182614915484,0.299268903611187
37.49699799866578,0.2990022862716948,102.26369219294621,6.154814868516574,49.49596622403843,0.2990022862716948
37.529019346230825,0.298736559860789,102.20395285866249,6.154943179547644,49.53874901745363,0.298736559860789
37.56104069379587,0.2984717172535017,102.14421385433202,6.155071462640255,49.58153099304464,0.2984717172535017
37.59306204136091,0.2982077513822283,102.08447519003822,6.155199717771536,49.624312148692034,0.2982077513822283
37.62508338892595,0.2979446552362849,102.02473687581187,6.155327944918588,49.66709248227338,0.2979446552362849
37.657104736491,0.2976824218614692,101.9649989216314,6.155456144058501,49.7098719916633,0.2976824218614692
37.68912608405604,0.29742104435962774,101.90526133742355,6.155584315168346,49.752650674733346,0.29742104435962774
37.721147431621084,0.29716051588822623,101.84552413306353,6.155712458225171,49.795428529352144,0.29716051588822623
37.753168779186126,0.29690082965992687,101.7857873183757,6.155840573206015,49.83820555338529,0.29690082965992687
37.78519012675117,0.2966419789402951,101.72605090313571,6.155968660087892,49.88098174469535,0.2966419789402951
37.81721147431622,0.296383957045105,101.66631489707329,6.156096718847797,49.92375710114187,0.296383957045105
37.84923282188126,0.2961267573477344,101.60657930986488,6.156224749462711,49.966531620581335,0.2961267573477344
37.8812541694463,0.2958703732750929,101.54684415113759,6.156352751909598,50.009305300867254,0.2958703732750929
37.91327551701134,0.29561479830694526,101.48710943047006,6.156480726165395,50.052078139850074,0.29561479830694526
37.945296864576385,0.29536002597549693,101.42737515739266,6.156608672207034,50.09485013537717,0.29536002597549693
37.977318212141434,0.29510604986498373,101.3676413413882,6.156736590011418,50.13762128529288,0.29510604986498373
38.009339559706476,0.29485286361126556,101.30790799189204,6.156864479555432,50.180391587438464,0.29485286361126556
38.04136090727152,0.29460046090142483,101.2481751182928,6.156992340815953,50.223161039652105,0.29460046090142483
38.07338225483656,0.2943488354733686,101.1884427299325,6.157120173769825,50.26592963976891,0.2943488354733686
38.1054036024016,0.2940979811154355,101.1287108361071,6.157247978393886,50.30869738562093,0.2940979811154355
38.13742494996665,0.2938478916660063,101.06897944606696,6.1573757546649475,50.35146427503709,0.2938478916660063
38.16944629753169,0.29359856101311954,101.00924856901706,6.157503502559804,50.394230305843195,0.29359856101311954
38.201467645096734,0.29334998309409016,100.94951821411753,6.157631222055237,50.436995475861984,0.29334998309409016
38.233488992661776,0.29310215189513417,100.88978839048401,6.157758913128,50.47975978291308,0.29310215189513417
38.26551034022682,0.2928550614509615,100.83005910718802,6.157886575754836,50.522523224812936,0.2928550614509615
38.29753168779187,0.292608705840554,100.77033037326123,6.158014209912464,50.56528579937492,0.292608705840554
38.32955303535691,0.29236307919068383,100.710602197692,6.158141815577587,50.60804750440923,0.29236307919068383
38.36157438292195,0.2921181756775299,100.65087458942368,6.158269392726889,50.65080833772293,0.2921181756775299
38.39359573048699,0.2918739895241054,100.59114755735719,6.158396941337031,50.69356829711992,0.2918739895241054
38.425617078052035,0.2916305149998894,100.53142111035149,6.158524461384663,50.73632738040097,0.2916305149998894
38.457638425617084,0.29138774642046283,100.47169525722389,6.158651952846409,50.77908558536368,0.29138774642046283
38.489659773182126,0.29114567814714853,100.41197000675042,6.158779415698877,50.821842909802456,0.29114567814714853
38.52168112074717,0.29090430458665395,100.35224536766624,6.158906849918656,50.864599351508524,0.29090430458665395
38.55370246831221,0.29066362019071873,100.29252134866596,6.159034255482315,50.90735490826993,0.29066362019071873
38.58572381587725,0.2904236194557653,100.23279795840402,6.159161632366405,50.95010957787154,0.2904236194557653
38.6177451634423,0.29018429692255343,100.17307520549501,6.1592889805474575,50.99286335809498,0.29018429692255343
38.64976651100734,0.28994564717583926,100.1133530985141,6.159416300001983,51.03561624671868,0.28994564717583926
38.681787858572385,0.28970766484403637,100.05363164599737,6.159543590706477,51.07836824151787,0.28970766484403637
38.71380920613743,0.28947034459888227,99.99391085644196,6.159670852637411,51.12111934026454,0.28947034459888227
38.74583055370247,0.28923368115510795,99.93419073830678,6.15979808577124,51.16386954072746,0.28923368115510795
38.77785190126752,0.2889976692694471,99.87447130001317,6.159925290084399,51.206618840672135,0.2889976692694471
38.80987324883256,0.2887623037369614,99.81475254994882,6.160052465553305,51.249367237860824,0.2887623037369614
38.8418945963976,0.2885275793971653,99.75503449646148,6.1601796121543515,51.29211473005252,0.2885275793971653
38.87391594396264,0.2882934911317232,99.69531714786142,6.160306729863918,51.33486131500301,0.2882934911317232
38.905937291527685,0.28806003386347195,99.63560051242229,6.160433818658359,51.37760699046473,0.28806003386347195
38.937958639092734,0.28782720255609784,99.57588459838152,6.160560878514014,51.42035175418693,0.28782720255609784
38.969979986657776,0.2875949922138172,99.51616941394072,6.160687909407201,51.46309560391548,0.2875949922138172
39.00200133422282,0.28736339788105925,99.45645496726581,6.160814911314219,51.50583853739302,0.28736339788105925
39.03402268178786,0.2871324146421535,99.39674126648754,6.160941884211345,51.54858055235889,0.2871324146421535
39.0660440293529,0.28690203762101957,99.33702831970173,6.16106882807484,51.59132164654909,0.28690203762101957
39.09806537691795,0.28667226198086054,99.27731613496955,6.161195742880941,51.63406181769632,0.28667226198086054
39.13008672448299,0.28644308292385995,99.21760472031792,6.161322628605871,51.67680106352997,0.28644308292385995
39.162108072048035,0.2862144956908816,99.15789408373979,6.161449485225829,51.71953938177607,0.2862144956908816
39.19412941961308,0.28598649556117306,99.09818423319439,6.161576312716994,51.76227677015735,0.28598649556117306
39.22615076717812,0.2857590778520718,99.03847517660756,6.161703111055528,51.80501322639317,0.2857590778520718
39.25817211474317,0.2855322379187157,98.97876692187208,6.161829880217566,51.84774874819955,0.2855322379187157
39.29019346230821,0.2853059711515392,98.91905947685028,6.161956620179236,51.890483333289104,0.2853059711515392
39.32221480987325,0.2850802729761193,98.85935284937399,6.162083330916633,51.933216979371146,0.2850802729761193
39.354236157438294,0.28485513885779024,98.79964704724006,6.162210012405839,51.975949684151544,0.28485513885779024
39.386257505003336,0.2846305642984502,98.7399420782136,6.162336664622915,52.018681445332824,0.2846305642984502
39.418278852568385,0.2844065448362337,98.68023795002814,6.1624632875439,52.061412260614155,0.2844065448362337
39.45030020013343,0.2841830760452242,98.6205346703862,6.162589881144813,52.104142127691205,0.2841830760452242
39.48232154769847,0.28396015353516757,98.5608322469594,6.162716445401656,52.14687104425633,0.28396015353516757
39.51434289526351,0.2837377729511844,98.50113068738871,6.162842980290408,52.189599007998446,0.2837377729511844
39.54636424282855,0.28351592997348324,98.4414299992849,6.162969485787028,52.23232601660305,0.28351592997348324
39.5783855903936,0.28329462031707364,98.38173019022885,6.163095961867453,52.27505206775218,0.28329462031707364
39.61040693795864,0.2830738397314788,98.32203126777166,6.163222408507606,52.31777715912446,0.2830738397314788
39.642428285523685,0.2828535840004488,98.2623332394351,6.163348825683381,52.36050128839509,0.2828535840004488
39.67444963308873,0.2826338489416732,98.20263611271184,6.16347521337066,52.40322445323578,0.2826338489416732
39.70647098065377,0.28241463040649417,98.14293989506587,6.163601571545298,52.445946651314806,0.28241463040649417
39.73849232821882,0.2821959242796193,98.08324459393256,6.163727900183133,52.48866788029699,0.2821959242796193
39.77051367578386,0.28197772647883645,98.02355021671926,6.163854199259982,52.53138813784361,0.28197772647883645
39.8025350233489,0.2817600329547566,97.96385677080534,6.163980468751639,52.57410742161248,0.2817600329547566
39.834556370913944,0.2815428396904836,97.90416426354267,6.16410670863388,52.61682572925792,0.2815428396904836
39.866577718478986,0.2813261427013287,97.84447270225579,6.164232918882461,52.65954305843078,0.2813261427013287
39.898599066044035,0.2811099380345341,97.7847820942422,6.164359099473114,52.70225940677837,0.2811099380345341
39.93062041360908,0.2808942217689867,97.7250924467728,6.164485250381556,52.7449747719445,0.2808942217689867
39.96264176117412,0.28067899001493035,97.6654037670921,6.164611371583477,52.78768915156948,0.28067899001493035
39.99466310873916,0.28046423891367916,97.60571606241838,6.164737463054549,52.83040254329008,0.28046423891367916
40.0266844563042,0.2802499646373305,97.54602933994431,6.164863524770425,52.87311494473949,0.2802499646373305
40.05870580386925,0.28003616338847764,97.48634360683693,6.1649895567067325,52.91582635354744,0.28003616338847764
40.090727151434294,0.2798228313999235,97.42665887023814,6.165115558839082,52.958536767340014,0.2798228313999235
40.122748498999336,0.27960996493439266,97.36697513726492,6.165241531143063,53.001246183739816,0.27960996493439266
40.15476984656438,0.2793975602842449,97.30729241500966,6.16536747359424,53.04395460036582,0.2793975602842449
40.18679119412942,0.2791856137711882,97.24761071054044,6.165493386168164,53.086662014833465,0.2791856137711882
40.21881254169447,0.2789741217459912,97.1879300309013,6.165619268840357,53.129368424754574,0.2789741217459912
40.25083388925951,0.27876308058819693,97.12825038311264,6.165745121586323,53.172073827737414,0.27876308058819693
40.28285523682455,0.2785524867108572,97.06857177416639,6.165870944381547,53.21477822138658,0.2785524867108572
40.314876584389594,0.2783423365702052,97.00889421101664,6.165996737201492,53.25748160330298,0.2783423365702052
40.346897931954636,0.2781326266377676,96.94921770060705,6.1661225000216,53.300183971083975,0.2781326266377676
40.378919279519685,0.27792335341192154,96.88954224985959,6.166248232817287,53.342885322323355,0.27792335341192154
40.41094062708473,0.2777145134190069,96.82986786567336,6.166373935563955,53.385585654611205,0.2777145134190069
40.44296197464977,0.2775061032130629,96.77019455492494,6.1664996082369825,53.42828496553401,0.2775061032130629
40.47498332221481,0.2772981193755653,96.7105223244686,6.166625250811721,53.470983252674614,0.2772981193755653
40.50700466977985,0.27709055851516295,96.65085118113653,6.16675086326351,53.5136805136122,0.27709055851516295
40.5390260173449,0.2768834172674147,96.59118113173929,6.1668764455676595,53.55637674592227,0.2768834172674147
40.571047364909944,0.276676692294527,96.5315121830659,6.1670019976994634,53.59907194717665,0.276676692294527
40.603068712474986,0.2764703802850895,96.47184434188418,6.16712751963419,53.64176611494349,0.2764703802850895
40.63509006004003,0.27626447795381315,96.4121776149411,6.16725301134709,53.68445924678727,0.27626447795381315
40.66711140760507,0.27605898204126667,96.3525120089629,6.16737847281339,53.72715134026875,0.27605898204126667
40.69913275517012,0.27585388931361304,96.29284753065551,6.1675039040082975,53.769842392944994,0.27585388931361304
40.73115410273516,0.27564919656234715,96.23318418670473,6.167629304906995,53.81253240236935,0.27564919656234715
40.7631754503002,0.27544490060404814,96.17352198377655,6.167754675484644,53.85522136609144,0.27544490060404814
40.795196797865245,0.27524099829694115,96.1138609285007,6.167880015716388,53.89790928165706,0.27524099829694115
40.82721814543029,0.2750374865268617,96.05420102748465,6.168005325577348,53.94059614660819,0.2750374865268617
40.859239492995336,0.27483436219201146,95.99454228732861,6.168130605042619,53.98328195848324,0.27483436219201146
40.89126084056038,0.2746316222153905,95.93488471461336,6.16825585408728,54.02596671481677,0.2746316222153905
40.92328218812542,0.27442926354456465,95.87522831590034,6.1683810726863815,54.06865041313963,0.27442926354456465
40.95530353569046,0.2742272831514334,95.81557309773207,6.168506260814958,54.11133305097888,0.2742272831514334
40.98732488325551,0.2740256780319974,95.75591906663216,6.168631418448019,54.154014625857826,0.2740256780319974
41.01934623082055,0.2738244452061261,95.69626622910586,6.168756545560552,54.19669513529591,0.2738244452061261
41.051367578385594,0.2736235817173252,95.63661459164001,6.168881642127528,54.23937457680887,0.2736235817173252
41.083388925950636,0.2734230846325048,95.57696416070351,6.169006708123886,54.282052947908554,0.2734230846325048
41.11541027351568,0.27322295104174643,95.51731494274738,6.169131743524553,54.32473024610308,0.27322295104174643
41.14743162108073,0.27302317805807086,95.45766694420513,6.169256748304426,54.367406468896675,0.27302317805807086
41.17945296864577,0.272823762817206,95.398020171493,6.169381722438387,54.410081613789735,0.272823762817206
41.21147431621081,0.27262470247735443,95.33837463101008,6.169506665901288,54.452755678278876,0.27262470247735443
41.24349566377585,0.2724259942189605,95.27873032913874,6.169631578667968,54.495428659856806,0.2724259942189605
41.275517011340895,0.2722276352468276,95.21908727224232,6.169756460713237,54.538100556012395,0.2722276352468276
41.307538358905944,0.272029622807269,95.15944546664852,6.169881312011883,54.58077136423046,0.272029622807269
41.339559706470986,0.2718319541569528,95.09980491867987,6.170006132538677,54.623441081992034,0.2718319541569528
41.37158105403603,0.27163462657034415,95.0401656346466,6.170130922268364,54.666109706774314,0.27163462657034415
41.40360240160107,0.2714376373436937,94.98052762084258,6.170255681175666,54.708777236050615,0.2714376373436937
41.43562374916611,0.27124098379483186,94.92089088354567,6.170380409235284,54.751443667290324,0.27124098379483186
41.46764509673116,0.2710446632629643,94.86125542901776,6.170505106421896,54.79410899795895,0.2710446632629643
41.4996664442962,0.2708486731084665,94.80162126350524,6.170629772710159,54.83677322551806,0.2708486731084665
41.531687791861245,0.270653010712679,94.74198839323897,6.170754408074704,54.87943634742529,0.270653010712679
41.56370913942629,0.27045767347770155,94.6823568244346,6.170879012490147,54.92209836113437,0.27045767347770155
41.59573048699133,0.270262658826189,94.62272656329284,6.171003585931072,54.96475926409505,0.270262658826189
41.62775183455638,0.2700679642011454,94.56309761599955,6.171128128372048,55.00741905375317,0.2700679642011454
41.65977318212142,0.2698735870657195,94.50346998872611,6.171252639787614,55.05007772755056,0.2698735870657195
41.69179452968646,0.2696795249029992,94.4438436876295,6.171377120152294,55.09273528292511,0.2696795249029992
41.7238158772515,0.26948577521580663,94.38421871885254,6.1715015694405855,55.135391717310746,0.26948577521580663
41.755837224816545,0.26929233552649323,94.32459508852423,6.171625987626964,55.17804702813738,0.26929233552649323
41.787858572381595,0.26909920338470833,94.26497280275196,6.171750374685882,55.22070121283086,0.26909920338470833
41.81987991994664,0.2689063763706334,94.2053518676184,6.17187473059177,55.26335426881289,0.2689063763706334
41.85190126751168,0.26871385207062837,94.14573228920557,6.171999055319034,55.306006193501325,0.26871385207062837
41.88392261507672,0.26852162808993735,94.08611407358221,6.172123348842061,55.34865698430998,0.26852162808993735
41.91594396264176,0.2683297020529471,94.0264972268036,6.17224761113521,55.39130663864865,0.2683297020529471
41.94796531020681,0.2681380716030064,93.96688175491173,6.172371842172821,55.43395515392309,0.2681380716030064
41.97998665777185,0.26794673440224503,93.90726766393566,6.172496041929209,55.47660252753498,0.26794673440224503
42.012008005336895,0.26775568813139317,93.84765495989139,6.172620210378668,55.51924875688195,0.26775568813139317
42.04402935290194,0.2675649304896008,93.78804364878235,6.172744347495466,55.56189383935759,0.2675649304896008
42.07605070046698,0.26737445919425656,93.72843373659946,6.17286845325385,55.60453777235137,0.26737445919425656
42.10807204803203,0.2671842719808074,93.66882522932129,6.172992527628046,55.64718055324873,0.2671842719808074
42.14009339559707,0.26699436660257797,93.60921813291438,6.173116570592251,55.689822179430934,0.26699436660257797
42.17211474316211,0.2668047408305895,93.5496124533333,6.173240582120646,55.732462648275224,0.2668047408305895
42.204136090727154,0.26661539245337906,93.4900081965209,6.173364562187382,55.775101957154675,0.26661539245337906
42.236157438292196,0.26642631927681926,93.43040536840856,6.173488510766595,55.81774010343827,0.26642631927681926
42.268178785857245,0.2662375191243075,93.37080397491584,6.173612427832387,55.86037708449085,0.2662375191243075
42.30020013342229,0.26604898985051895,93.31120402193729,6.173736313358845,55.90301289767293,0.26604898985051895
42.33222148098733,0.26586072932365884,93.25160551535957,6.173860167320034,55.94564754034091,0.26586072932365884
42.36424282855237,0.26567273542279535,93.19200846106433,6.1739839896899875,55.9882810098471,0.26567273542279535
42.39626417611741,0.26548500604397607,93.13241286492202,6.174107780442722,56.0309133035397,0.26548500604397607
42.42828552368246,0.26529753910006887,93.07281873279221,6.17423153955223,56.07354441876269,0.26529753910006887
42.460306871247504,0.2651103325206028,93.01322607052376,6.174355266992479,56.11617435285581,0.2651103325206028
42.492328218812546,0.26492338425160833,92.95363488395482,6.174478962737412,56.15880310315472,0.26492338425160833
42.52434956637759,0.2647366922554581,92.89404517891327,6.174602626760953,56.20143066699075,0.2647366922554581
42.55637091394263,0.2645502545107077,92.83445696121666,6.174726259036995,56.244057041691114,0.2645502545107077
42.58839226150768,0.2643640690119364,92.77487023667241,6.174849859539417,56.286682224578755,0.2643640690119364
42.62041360907272,0.2641781337695876,92.71528501107825,6.174973428242066,56.32930621297238,0.2641781337695876
42.65243495663776,0.2639924468098099,92.65570129022196,6.175096965118769,56.371929004186455,0.2639924468098099
42.684456304202804,0.26380700617429703,92.59611907988187,6.175220470143331,56.414550595531225,0.26380700617429703
42.716477651767846,0.2636218099201292,92.53653838582692,6.17534394328953,56.457170984312626,0.2636218099201292
42.748498999332895,0.26343685611961354,92.47695921381684,6.175467384531122,56.49979016783239,0.26343685611961354
42.78052034689794,0.26325214286321846,92.41738156959929,6.17559079384184,56.54240814338785,0.26325214286321846
42.81254169446298,0.2630676682690078,92.35780545890063,6.175714171195391,56.5850249082719,0.2630676682690078
42.84456304202802,0.262883430460273,92.29823088744793,6.175837516565458,56.62764045977324,0.262883430460273
42.87658438959306,0.26269942757379905,92.23865786096071,6.175960829925707,56.67025479517633,0.26269942757379905
42.90860573715811,0.2625156577612905,92.17908638514969,6.176084111249769,56.71286791176131,0.2625156577612905
42.940627084723154,0.262332119189231,92.11951646571693,6.17620736051126,56.755479806803926,0.262332119189231
42.972648432288196,0.26214881003874224,92.05994810835594,6.176330577683768,56.79809047757568,0.26214881003874224
43.00466977985324,0.26196572850544425,92.00038131875186,6.176453762740857,56.84069992134365,0.26196572850544425
43.03669112741828,0.26178287279931456,91.94081610258165,6.17657691565607,56.88330813537059,0.26178287279931456
43.06871247498333,0.261600241144547,91.88125246551417,6.176700036402922,56.92591511691488,0.261600241144547
43.10073382254837,0.26141783177941247,91.82169041321036,6.1768231249549075,56.968520863230516,0.26141783177941247
43.13275517011341,0.26123564295611745,91.7621299513235,6.176946181285492,57.01112537156712,0.26123564295611745
43.164776517678455,0.2610536729406636,91.70257108549914,6.177069205368125,57.0537286391699,0.2610536729406636
43.1967978652435,0.26087192001270787,91.64301382137546,6.177192197176222,57.09633066327968,0.26087192001270787
43.228819212808546,0.26069038246542114,91.5834581645833,6.177315156683181,57.138931441132875,0.26069038246542114
43.26084056037359,0.26050905860534834,91.5239041207464,6.177438083862374,57.18153096996145,0.26050905860534834
43.29286190793863,0.2603279467601215,91.46435169547384,6.177560978687151,57.224129246992796,0.2603279467601215
43.32488325550367,0.26014704527434684,91.40480089436413,6.17768384113083,57.266726269449784,0.26014704527434684
43.35690460306871,0.2599663524981633,91.34525172301628,6.177806671166715,57.30932203455098,0.2599663524981633
43.38892595063376,0.25978586679493043,91.28570418702238,6.177929468768079,57.35191653951049,0.25978586679493043
43.420947298198804,0.25960558654111804,91.22615829196776,6.178052233908171,57.394509781537934,0.25960558654111804
43.452968645763846,0.25942551012618126,91.16661404343104,6.17817496656022,57.43710175783843,0.25942551012618126
43.48498999332889,0.2592456359524376,91.10707144698429,6.178297666697424,57.479692465612644,0.2592456359524376
43.51701134089393,0.25906596243494245,91.04753050819325,6.178420334292963,57.5222819020567,0.25906596243494245
43.54903268845898,0.2588864880013652,90.98799123261738,6.178542969319988,57.564870064362225,0.2588864880013652
43.58105403602402,0.25870721109186584,90.92845362581008,6.178665571751625,57.60745694971629,0.25870721109186584
43.61307538358906,0.2585281301589704,90.86891769331866,6.178788141560981,57.65004255530145,0.2585281301589704
43.645096731154105,0.25834924366744755,90.80938344068468,6.17891067872113,57.69262687829572,0.25834924366744755
43.67711807871915,0.25817055009418455,90.74985087344396,6.17903318320513,57.73520991587257,0.25817055009418455
43.709139426284196,0.2579920479280633,90.69031999712676,6.179155654986008,57.777791665200894,0.2579920479280633
43.74116077384924,0.25781373566983634,90.63079081725795,6.17927809403677,57.82037212344499,0.25781373566983634
43.77318212141428,0.2576356118328588,90.57126333935624,6.179400500330396,57.862951287764595,0.2576356118328588
43.80520346897932,0.257457674952688,90.51173756892497,6.179522873839837,57.90552915531456,0.257457674952688
43.837224816544364,0.2572799235713531,90.45221351146736,6.179645214538028,57.948105723245284,0.2572799235713531
43.86924616410941,0.25710235623978545,90.39269117248406,6.179767522397873,57.99068098870258,0.25710235623978545
43.901267511674455,0.2569249715205456,90.33317055747075,6.179889797392253,58.03325494882767,0.2569249715205456
43.9332888592395,0.2567477679877135,90.27365167191797,6.180012039494022,58.07582760075711,0.2567477679877135
43.96531020680454,0.2565707442267795,90.21413452131154,6.180134248676012,58.11839894162279,0.2565707442267795
43.99733155436958,0.256393898834535,90.15461911113238,6.180256424911027,58.16096896855201,0.256393898834535
44.02935290193463,0.25621723041896327,90.09510544685696,6.180378568171848,58.203537678667345,0.25621723041896327
44.06137424949967,0.2560407375991303,90.03559353395724,6.180500678431233,58.24610506908666,0.2560407375991303
44.09339559706471,0.25586441900507545,89.97608337790068,6.18062275566191,58.28867113692319,0.25586441900507545
44.125416944629755,0.255688273277702,89.91657498415064,6.180744799836587,58.33123587928545,0.255688273277702
44.1574382921948,0.25551229906866846,89.85706835816627,6.180866810927941,58.37379929327726,0.25551229906866846
44.189459639759846,0.2553364950402787,89.79756350540278,6.180988788908628,58.4163613759977,0.2553364950402787
44.22148098732489,0.2551608598653734,89.7380604313115,6.181110733751279,58.45892212454109,0.2551608598653734
44.25350233488993,0.2549853922272198,89.67855914133993,6.181232645428497,58.50148153599708,0.2549853922272198
44.28552368245497,0.25481009082288053,89.61905964092874,6.181354523912864,58.54403960745041,0.25481009082288053
44.317545030020014,0.2546349543667527,89.55956193550816,6.1814763691769326,58.586596335980886,0.2546349543667527
44.34956637758506,0.25445998157643657,89.50006603051166,6.1815981811932295,58.62915171866375,0.25445998157643657
44.381587725150105,0.2542851711794129,89.44057193136966,6.181719959934265,58.671705752569416,0.2542851711794129
44.41360907271515,0.25411052191338057,89.38107964350895,6.181841705372507,58.714258434763565,0.25411052191338057
44.44563042028019,0.2539360325261613,89.32158917235316,6.181963417480417,58.75680976230703,0.2539360325261613
44.47765176784523,0.253761701775603,89.26210052332252,6.182085096230418,58.79935973225581,0.253761701775603
44.50967311541028,0.25358752842948307,89.20261370183418,6.1822067415949125,58.84190834166117,0.25358752842948307
44.54169446297532,0.25341351126541317,89.14312871330239,6.182328353546276,58.88445558756939,0.25341351126541317
44.573715810540364,0.25323964907074165,89.0836455631383,6.182449932056858,58.927001467022,0.25323964907074165
44.605737158105406,0.253065940642458,89.02416425675042,6.182571477098988,58.969545977055645,0.253065940642458
44.63775850567045,0.2528923847870959,88.96468479954453,6.18269298864496,59.012089114702086,0.2528923847870959
44.6697798532355,0.25271898032063805,88.90520719692375,6.18281446666705,59.05463087698823,0.25271898032063805
44.70180120080054,0.2525457260684183,88.84573145428891,6.182935911137507,59.09717126093605,0.2525457260684183
44.73382254836558,0.2523726208650266,88.78625757703836,6.183057322028552,59.139710263562655,0.2523726208650266
44.76584389593062,0.252199663554286,88.72678557056815,6.183178699312382,59.18224788188022,0.252199663554286
44.797865243495664,0.252026852996152,88.66731544026554,6.183300042961167,59.224784112895755,0.252026852996152
44.82988659106071,0.2518541880590647,88.60784719151616,6.183421352947055,59.26731895361136,0.2518541880590647
44.861907938625755,0.2516816676166671,88.5483808297073,6.18354262924216,59.30985240102428,0.2516816676166671
44.8939292861908,0.2515092905516673,88.4889163602241,6.183663871818579,59.352384452126856,0.2515092905516673
44.92595063375584,0.25133705575575327,88.42945378844975,6.183785080648378,59.394915103906406,0.25133705575575327
44.95797198132088,0.2511649621295082,88.36999311976557,6.1839062557036,59.43744435334529,0.2511649621295082
44.98999332888593,0.25099300858232526,88.3105343595511,6.1840273969562585,59.479972197420885,0.25099300858232526
45.02201467645097,0.2508211940323233,88.25107751318427,6.184148504378346,59.52249863310551,0.2508211940323233
45.054036024016014,0.250649517406261,88.19162258604128,6.18426957794182,59.56502365736652,0.250649517406261
45.086057371581056,0.2504779776394527,88.13216958349706,6.184390617618623,59.6075472671662,0.2504779776394527
45.1180787191461,0.2503065736756828,88.07271851092496,6.184511623380667,59.65006945946182,0.2503065736756828
45.15010006671115,0.250135304467122,88.01326937369718,6.184632595199831,59.692590231205614,0.250135304467122
45.18212141427619,0.24996416897424092,87.95382217718476,6.184753533047981,59.73510957934471,0.24996416897424092
45.21414276184123,0.24979316616572603,87.89437692675762,6.184874436896945,59.7776275008212,0.24979316616572603
45.24616410940627,0.2496222950183946,87.83493362778468,6.18499530671853,59.8201439925721,0.2496222950183946
45.278185456971315,0.24945155451836146,87.77549228563286,6.18511614248452,59.86265905152926,0.24945155451836146
45.310206804536364,0.24928094366679585,87.7160529056616,6.185236944166665,59.90517267461914,0.24928094366679585
45.342228152101406,0.24911046146802587,87.65661549323413,6.1853577117366925,59.94768485876324,0.24911046146802587
45.37424949966645,0.24894010693327992,87.59718005371393,6.185478445166307,59.99019560087803,0.24894010693327992
45.40627084723149,0.24876987908175313,87.53774659246376,6.185599144427181,60.03270489787483,0.24876987908175313
45.43829219479653,0.24859977694053206,87.47831511484574,6.185719809490965,60.075212746659766,0.24859977694053206
45.47031354236158,0.24842979954452019,87.41888562622144,6.185840440329279,60.11771914413382,0.24842979954452019
45.50233488992662,0.24825994593636277,87.35945813195208,6.185961036913719,60.1602240871928,0.24825994593636277
45.534356237491664,0.24809021516637209,87.30003263739837,6.186081599215853,60.202727572727305,0.24809021516637209
45.566377585056706,0.24792060629245247,87.24060914792085,6.186202127207228,60.245229597622725,0.24792060629245247
45.59839893262175,0.24775111838002548,87.18118766887989,6.186322620859355,60.287730158759274,0.24775111838002548
45.6304202801868,0.24758175050195494,87.12176820563569,6.186443080143724,60.33022925301191,0.24758175050195494
45.66244162775184,0.2474125017384722,87.06235076354855,6.1865635050318,60.37272687725036,0.2474125017384722
45.69446297531688,0.24724337117710124,87.00293534797882,6.186683895495019,60.41522302833911,0.24724337117710124
45.72648432288192,0.24707435791258356,86.94352196428704,6.186804251504788,60.45771770313738,0.24707435791258356
45.758505670446965,0.2469054610468035,86.88411061783404,6.186924573032491,60.50021089849915,0.2469054610468035
45.790527018012014,0.24673667969226765,86.82470131397767,6.187044860049482,60.542702611272894,0.24673667969226765
45.822548365577056,0.2465680129716025,86.7652940580734,6.187165112527092,60.585192838301666,0.2465680129716025
45.8545697131421,0.2463994600100018,86.70588885548125,6.187285330436623,60.627681576423406,0.2463994600100018
45.88659106070714,0.24623101993967378,86.64648571156172,6.1874055137493515,60.67016882247077,0.24623101993967378
45.91861240827218,0.24606269189982813,86.58708463167582,6.1875256624365225,60.71265457327106,0.24606269189982813
45.95063375583723,0.2458944750366098,86.52768562118516,6.187645776469361,60.75513882564625,0.2458944750366098
45.98265510340227,0.24572636850303334,86.46828868545204,6.187765855819058,60.797621576412894,0.24572636850303334
46.014676450967315,0.24555837145891643,86.40889382983953,6.187885900456784,60.84010282238224,0.24555837145891643
46.04669779853236,0.2453904830708143,86.34950105971143,6.188005910353678,60.88258256036013,0.2453904830708143
46.0787191460974,0.24522270251195327,86.29011038043267,6.188125885480855,60.92506078714701,0.24522270251195327
46.11074049366245,0.24505502896216505,86.23072179736896,6.188245825809399,60.96753749953792,0.24505502896216505
46.14276184122749,0.24488746160782066,86.17133531588726,6.188365731310371,61.01001269432248,0.24488746160782066
46.17478318879253,0.2447199996417643,86.11195094135566,6.188485601954802,61.052486368284875,0.2447199996417643
46.20680453635757,0.24455264226324736,86.05256867914346,6.188605437713698,61.09495851820385,0.24455264226324736
46.238825883922615,0.24438538867786236,85.99318853462132,6.188725238558035,61.13742914085273,0.24438538867786236
46.270847231487664,0.24421823809775933,85.93381051316109,6.188845004458765,61.179898232999314,0.24421823809775933
46.302868579052706,0.24405118974680912,85.87443462013103,6.188964735386811,61.222365791405586,0.24405118974680912
46.33488992661775,0.24388424285297883,85.8150608609029,6.189084431313068,61.264831812828206,0.24388424285297883
46.36691127418279,0.24371739664864886,85.75568924085161,6.189204092208407,61.307296294018414,0.24371739664864886
46.39893262174783,0.24355065037241147,85.69631976535366,6.1893237180436635,61.34975923172193,0.24355065037241147
46.43095396931288,0.24338400326901238,85.63695243978714,6.189443308789658,61.39222062267894,0.24338400326901238
46.46297531687792,0.2432174545892927,85.57758726953196,6.189562864417172,61.434680463624055,0.2432174545892927
46.494996664442965,0.24305100359013074,85.51822425996964,6.189682384896966,61.47713875128637,0.24305100359013074
46.52701801200801,0.24288464953438346,85.45886341648378,6.189801870199772,61.51959548238938,0.24288464953438346
46.559039359573056,0.24271839169082868,85.39950474445973,6.1899213202962935,61.562050653651035,0.24271839169082868
46.5910607071381,0.24255222933410675,85.340148249285,6.190040735157207,61.60450426178363,0.24255222933410675
46.62308205470314,0.24238616174466224,85.28079393634907,6.190160114753157,61.646956303493894,0.24238616174466224
46.65510340226818,0.2422201882086857,85.22144181104363,6.1902794590547705,61.68940677548292,0.2422201882086857
46.687124749833224,0.24205430801805564,85.16209187876265,6.190398768032638,61.73185567444618,0.24205430801805564
46.71914609739827,0.24188852047028,85.10274414490237,6.1905180416573256,61.77430299707351,0.24188852047028
46.751167444963315,0.24172282486843844,85.04339861486145,6.190637279899369,61.81674874004906,0.24172282486843844
46.78318879252836,0.24155722052261744,84.98405529403962,6.190756482729283,61.85919290005119,0.24155722052261744
46.8152101400934,0.24139170675261565,84.92471418783538,6.190875650117546,61.90163547375235,0.24139170675261565
46.84723148765844,0.24122628287998238,84.86537530165312,6.190994782034613,61.94407645781947,0.24122628287998238
46.87925283522349,0.24106094823140511,84.80603864090006,6.191113878450912,61.986515848913825,0.24106094823140511
46.91127418278853,0.2408957021390313,84.74670421098607,6.191232939336841,62.02895364369099,0.2408957021390313
46.94329553035357,0.24073054394041712,84.68737201732367,6.191351964662772,62.07138983880076,0.24073054394041712
46.975316877918615,0.240565472978476,84.62804206532812,6.191470954399046,62.11382443088717,0.240565472978476
47.00733822548366,0.24040048860142746,84.56871436041749,6.191589908515979,62.15625741658854,0.24040048860142746
47.039359573048706,0.24023559016274565,84.50938890801272,6.191708826983858,62.19868879253735,0.24023559016274565
47.07138092061375,0.240070777021108,84.45006571353775,6.191827709772941,62.241118555360295,0.240070777021108
47.10340226817879,0.2399060485403441,84.3907447824195,6.191946556853461,62.283546701678304,0.2399060485403441
47.13542361574383,0.23974140408938416,84.33142612008797,6.192065368195619,62.32597322810646,0.23974140408938416
47.167444963308874,0.23957684304220775,84.27210973197631,6.192184143769588,62.36839813125404,0.23957684304220775
47.19946631087392,0.23941236477779246,84.21279562352093,6.192302883545518,62.41082140772444,0.23941236477779246
47.231487658438965,0.2392479686800627,84.15348380016154,6.1924215874935244,62.4532430541152,0.2392479686800627
47.26350900600401,0.23908365413784385,84.09417426734115,6.192540255583698,62.495663067018036,0.23908365413784385
47.29553035356905,0.2389194205481946,84.03486703050326,6.1926588877861,62.53808144301844,0.2389194205481946
47.32755170113409,0.23875526731345953,83.97556209509449,6.192777484070767,62.58049817869597,0.23875526731345953
47.35957304869914,0.2385911938384216,83.91625946656696,6.192896044407699,62.62291327062454,0.2385911938384216
47.39159439626418,0.2384271995327088,83.8569591503764,6.193014568766876,62.665326715372025,0.2384271995327088
47.423615743829224,0.23826328381074838,83.79766115198198,6.193133057118246,62.70773850950045,0.23826328381074838
47.455637091394266,0.23809944609172196,83.73836547684661,6.193251509431726,62.75014864956582,0.23809944609172196
47.48765843895931,0.23793568579952015,83.67907213043684,6.19336992567721,62.79255713211823,0.23793568579952015
47.51967978652436,0.23777200236269727,83.61978111822297,6.193488305824561,62.83496395370173,0.23777200236269727
47.5517011340894,0.2376083952144263,83.5604924456792,6.193606649843612,62.87736911085439,0.2376083952144263
47.58372248165444,0.2374448637924533,83.5012061182835,6.193724957704171,62.91977260010829,0.2374448637924533
47.61574382921948,0.23728140753905244,83.44192214151788,6.193843229376012,62.962174417989445,0.23728140753905244
47.647765176784524,0.23711802590098058,83.3826405208683,6.193961464828885,63.00457456101787,0.23711802590098058
47.67978652434957,0.23695471832943205,83.32336126182487,6.194079664032512,63.04697302570753,0.23695471832943205
47.711807871914615,0.2367914842799936,83.26408436988176,6.194197826956582,63.08936980856629,0.2367914842799936
47.74382921947966,0.23662832321259883,83.20480985053737,6.194315953570758,63.13176490609596,0.23662832321259883
47.7758505670447,0.23646523459172747,83.14553770929423,6.194434043844672,63.17415831479223,0.23646523459172747
47.80787191460974,0.23630221788831138,83.08626795165725,6.194552097747932,63.21655003114449,0.23630221788831138
47.83989326217479,0.23613927257690817,83.02700058313614,6.194670115250115,63.25894005163602,0.23613927257690817
47.87191460973983,0.23597639813617818,82.96773560924537,6.194788096320764,63.301328372744024,0.23597639813617818
47.903935957304874,0.23581359404923052,82.90847303550346,6.194906040929402,63.34371499093948,0.23581359404923052
47.935957304869916,0.23565085980360237,82.84921286743325,6.195023949045515,63.386099902687235,0.23565085980360237
47.96797865243496,0.23548819489123762,82.78995511056195,6.195141820638565,63.42848310444587,0.23548819489123762
48.0,0.23532559880846585,82.7306997704211,6.195259655677984,63.47086459266778,0.23532559880846585
