time_h,biomass,sugar_ref,ethanol
0.0,1.2,240.0,0.0
0.0400266844563042,1.2128898796367191,239.75219987297606,0.11580762139664928
0.0800533689126084,1.2259001369599605,239.50211557428705,0.23268085338064856
0.12008005336891261,1.2390315343321423,239.24973326893357,0.3506261102014922
0.1601067378252168,1.2522847938426118,238.99503987696693,0.4696494544425744
0.200133422281521,1.2656606440654785,238.73802221109483,0.5897569977681472
0.24016010673782523,1.2791598098032988,238.4786671726829,0.7109548093968182
0.2801867911941294,1.2927830109464347,238.21696177005586,0.8332489077758356
0.3202134756504336,1.3065309638428937,237.95289308824206,0.9566452749664239
0.3602401601067378,1.3204043761341318,237.68644839793478,1.0811498051148114
0.400266844563042,1.334403954124706,237.41761500025765,1.2067683778495961
0.4402935290193462,1.348530399363621,237.14638030018997,1.3335068234840475
0.48032021347565046,1.3627844076298832,236.87273182822943,1.4613709127569507
0.5203468979319547,1.3771666677398031,236.59665726092857,1.5903663473849319
0.5603735823882589,1.3916778586395493,236.31814447095636,1.720498737031871
0.600400266844563,1.406318655020442,236.03718143041164,1.8517736437890417
0.6404269513008672,1.4210897254458708,235.75375624307458,1.9841965673379536
0.6804536357571714,1.4359917321200832,235.46785714838788,2.1177729431188808
0.7204803202134756,1.4510253289542876,235.1794725523424,2.2525081282909007
0.7605070046697798,1.4661911598878685,234.8885910542884,2.388407389544041
0.800533689126084,1.481489864172875,234.59520136253903,2.52547594146428
0.8405603735823882,1.4969220741572624,234.2992923297729,2.6637189304400497
0.8805870580386924,1.512488415213629,234.0008529541726,2.803141434144858
0.9206137424949966,1.5281894998563408,233.699872489739,2.943748410156854
0.9606404269513009,1.5440259283601554,233.3963404346909,3.0855447013618287
1.0006671114076051,1.5599982969656756,233.09024637759833,3.2285351076188133
1.0406937958639093,1.5761071936436954,232.7815800768082,3.372724348766326
1.0807204803202135,1.5923531979995242,232.4703314622226,3.5181170637953776
1.1207471647765177,1.6087368732251555,232.15649078479578,3.6647177413097936
1.160773849232822,1.625258771647278,231.84004851347416,3.8125307674654345
1.200800533689126,1.6419194393058019,231.52099525014447,3.9615604655323917
1.2408272181454303,1.6587194126033669,231.19932179187336,4.111811066944011
1.2808539026017345,1.6756592174709057,230.8750191461783,4.263286704208323
1.3208805870580387,1.6927393542940552,230.54807880689364,4.41599128285583
1.3609072715143429,1.7099603176455362,230.21849239307468,4.569928649051966
1.400933955970647,1.727322595645113,229.88625166077918,4.725102584123645
1.4409606404269513,1.7448266648447703,229.55134859675195,4.8815167610675765
1.4809873248832555,1.7624729898750142,229.21377542497544,5.039174741504512
1.5210140093395597,1.780262023091171,228.87352461322016,5.198079972633529
1.5610406937958639,1.7981942042196914,228.53058887959526,5.358235784186284
1.601067378252168,1.816269960004449,228.184961199099,5.51964538538129
1.6410940627084722,1.834489703853042,227.83663481016941,5.682311861878173
1.6811207471647764,1.8528538354830948,227.48560322123464,5.846238172731942
1.7211474316210806,1.8713627325416318,227.1318603532045,6.0114270849674085
1.7611741160773848,1.8900167504361598,226.77540054289153,6.177881171969418
1.801200800533689,1.908816237854178,226.41621828073917,6.345602933793022
1.8412274849899932,1.9277615273518014,226.05430837076943,6.514594723727568
1.8812541694462974,1.946852934850208,225.68966593967147,6.684858744086418
1.9212808539026018,1.9660907592182573,225.32228644443043,6.856397042666297
1.961307538358906,1.9854752818551071,224.95216567995658,7.029211509206668
2.0013342228152102,2.0050067662728335,224.57929978671447,7.2033038718490925
2.0413609072715144,2.024685457679045,224.20368525835173,7.378675693596598
2.0813875917278186,2.044511582559506,223.82531894932825,7.5553283687730435
2.121414276184123,2.0644853519718467,223.44419800705788,7.733263155020533
2.161440960640427,2.084606978151843,223.06031953326058,7.912481332779935
2.201467645096731,2.104876642425341,222.67368123580263,8.092983898466843
2.2414943295530354,2.125294504481795,222.28428123920366,8.274771653732675
2.2815210140093396,2.1458607048777396,221.89211803285247,8.45784522989458
2.321547698465644,2.1665753647120365,221.49719047675222,8.642205085281844
2.361574382921948,2.1874385853011225,221.09949780726515,8.82785150258226
2.401601067378252,2.20845044785425,220.69903964285726,9.01478458618853
2.4416277518345564,2.229611013148742,220.2958159898436,9.203004259544667
2.4816544362908606,2.250920321205235,219.88982724813295,9.392510262492367
2.5216811207471648,2.2723783910125976,219.48107421551694,9.583302149329068
2.561707805203469,2.2939852237723306,219.06955798883013,9.775379337285223
2.601734489659773,2.3157407990415417,218.655280073199,9.968741053268152
2.6417611741160774,2.3376450728939626,218.23824243215805,10.163386309515802
2.6817878585723816,2.3596979793506128,217.81844744195624,10.359313926090916
2.7218145430286858,2.3818994300735485,217.39589789675952,10.556522528492525
2.76184122748499,2.404249314059619,216.97059701385396,10.755010545267451
2.801867911941294,2.4267474973342154,216.5425484388477,10.954776205621807
2.8418945963975983,2.4493938226450274,216.11175625087412,11.155817537032524
2.8819212808539025,2.472188109155791,215.67822496779405,11.358132362858806
2.9219479653102067,2.495130152140045,215.24195955139868,11.561718299953675
2.961974649766511,2.51821972459556,214.80296535748528,11.766572783179102
3.002001334222815,2.5414565789350956,214.36124808374242,11.972693090990191
3.0420280186791193,2.5648404397307267,213.91681397441292,12.180076245703713
3.0820547031354235,2.5883710066422956,213.4696697326553,12.388719056419076
3.1220813875917277,2.6120479543120285,213.01982251998072,12.598618119443515
3.162108072048032,2.6358709320803286,212.56727996082364,12.809769816212215
3.202134756504336,2.659839563701554,212.11205014711186,13.022170311208434
3.2421614409606403,2.683953447059809,211.65414164283672,13.235815549883629
3.2821881254169445,2.708212153884726,211.1935634886234,13.45070125657758
3.3222148098732487,2.732615229467252,210.7303252063012,13.666822932438507
3.362241494329553,2.757162193315566,210.26443678127455,13.884175863976218
3.402268178785857,2.781852548401853,209.79590844204233,14.10275522877902
3.4422948632421613,2.806685766540432,209.32475100331675,14.32255593127299
3.4823215476984655,2.8316612904060245,208.8509758162268,14.543572626683481
3.5223482321547697,2.8567785356401076,208.37459471644033,14.76579974599291
3.562374916611074,2.882036890612756,207.8956200276469,14.989231494381789
3.602401601067378,2.907435716184481,207.41406456504103,15.213861849669716
3.6424282855236823,2.93297434546807,206.92994163880414,15.439684560756385
3.6824549699799864,2.9586520835904278,206.44326505758815,15.666693146062583
3.7224816544362906,2.9844682074544138,205.9540491319976,15.89488089197121
3.762508338892595,3.0104219655006834,205.46230867807293,16.124240851268272
3.802535023348899,3.0365125908779413,204.9680587297089,16.354765979696804
3.8425617078052037,3.0627392935224838,204.47131470890133,16.586449055266623
3.882588392261508,3.089101243815132,203.97209277882837,16.81928251080731
3.922615076717812,3.1155975837747847,203.47040959917865,17.05325855016118
3.9626417611741163,3.1422274268718944,202.96628232851288,17.288369147156157
4.0026684456304205,3.168989857841139,202.4597286266434,17.52460604457039
4.042695130086725,3.1958839324940933,201.95076665701345,17.761960753096833
4.082721814543029,3.222908677531903,201.4394150890765,18.00042455030788
4.122748498999333,3.250063090357954,200.92569310067552,18.239988479619917
4.162775183455637,3.277346138890546,200.40962038042247,18.480643349257974
4.202801867911941,3.304756761375564,199.8912171300773,18.722379731220304
4.242828552368246,3.3322938661991515,199.37050406692774,18.965187960242982
4.28285523682455,3.3599563387225473,198.84750228103084,19.20905820122879
4.322881921280854,3.3877430754144555,198.32223252825742,19.453980782819826
4.362908605737158,3.4156529181260895,197.7947165872328,19.699945557387466
4.402935290193462,3.4436846739663043,197.26497684705643,19.946942095600715
4.442961974649767,3.4718371215772277,196.73303617610114,20.19495974840295
4.482988659106071,3.500109011056632,196.19891792212584,20.44398764704604
4.523015343562375,3.528499063880296,195.66264591238726,20.694014703124402
4.563042028018679,3.557005972824373,195.12424445375245,20.945029608609126
4.603068712474983,3.5856284018877504,194.58373833281053,21.197020835882025
4.643095396931288,3.614364986214427,194.0411528159849,21.449976637769755
4.683122081387592,3.6432143320158707,193.49651364964546,21.70388504757789
4.723148765843896,3.672175016493387,192.94984706022083,21.958733879125038
4.7631754503002,3.701245587762839,192.4011797542647,22.214510726798135
4.803202134756504,3.7304246002901094,191.85053823298995,22.4712032861659
4.843228819212809,3.7597105918772624,191.29794923516283,22.728799146966118
4.883255503669113,3.7891020453525517,190.7434404752884,22.987285448013417
4.923282188125417,3.8185974168440926,190.18704009640248,23.24664913316268
4.963308872581721,3.8481951358322894,189.62877666767298,23.506876952517196
5.003335557038025,3.8778936052022557,189.068679182001,23.767955463636778
5.0433622414943295,3.907691201296237,188.50677705362267,24.029871032745916
5.083388925950634,3.9375862739660414,187.94310011571008,24.29260983594188
5.123415610406938,3.967577146625457,187.37767861797283,24.556157860402873
5.163442294863242,3.997662116302678,186.81054322425936,24.820500905596166
5.203468979319546,4.027839453692731,186.2417250101584,25.085624584486197
5.2434956637758505,4.058107403209892,185.67125546060018,25.351514324742748
5.283522348232155,4.088464193026643,185.09916628608795,25.618155454045873
5.323549032688459,4.118908079730745,184.52548861021336,25.88553357691127
5.363575717144763,4.1494372608543255,183.9502545568102,26.153633838861566
5.403602401601067,4.180049902905542,183.37349673941125,26.422441163248592
5.4436290860573715,4.210744149474301,182.79524811259046,26.6919403202785
5.483655770513676,4.241518121430558,182.215541966915,26.96211592944829
5.52368245496998,4.272369917122588,181.63441192389726,27.23295246198228
5.563709139426284,4.3032976125753075,181.0518919309473,27.504434243268634
5.603735823882588,4.334299261688545,180.4680162563247,27.776545455295846
5.6437625083388925,4.365372896435349,179.8828194840909,28.04927013908928
5.683789192795197,4.39651652706027,179.29633650906143,28.32259219714761
5.723815877251501,4.427728142277667,178.70860253175783,28.596495395879387
5.763842561707805,4.459005709492535,178.1196530529812,28.870963368213108
5.803869246164109,4.490347215713958,177.52952318471745,29.145979929535255
5.8438959306204135,4.521750638717925,176.9382481329087,29.421528856557295
5.883922615076718,4.5532139080528,176.34586385087553,29.69759358797243
5.923949299533022,4.5847349357268605,175.75240652202572,29.974157461655427
5.963975983989326,4.616311616551017,175.15791255238022,30.25120371821117
6.00400266844563,4.647941828481533,174.56241856309865,30.528715504523213
6.044029352901934,4.6796234329627335,173.96596138300492,30.806675877302315
6.084056037358239,4.711354275269733,173.36857804111344,31.08506780663502
6.124082721814543,4.743132184851147,172.77030575915418,31.363874179532186
6.164109406270847,4.774954975671812,172.17118194409886,31.643077803477524
6.204136090727151,4.8068204465554984,171.57124418068645,31.922661409976204
6.244162775183455,4.838726381527638,170.97053022394903,32.202607658103325
6.28418945963976,4.87067055929981,170.36907785502135,32.48289919950033
6.324216144096064,4.90265079091298,169.76692431583436,32.76351893264445
6.364242828552368,4.934664844789388,169.16410742762156,33.044449500318876
6.404269513008672,4.966710472127028,168.56066520879304,33.32567346155038
6.444296197464976,4.998785413700549,167.95663577087902,33.607173338567605
6.484322881921281,5.0308874003290995,167.3520573091842,33.88893162119056
6.524349566377585,5.063014153344156,166.7469680934423,34.170930771220156
6.564376250833889,5.095163385057364,166.14140645847067,34.453153226827844
6.604402935290193,5.127332799228376,165.53541079482483,34.735581406945066
6.644429619746497,5.159520091532679,164.92901953945292,35.0181977156529
6.684456304202802,5.191722950029441,164.3222711663505,35.30098454657155
6.724482988659106,5.223939055629342,163.71520417721484,35.583924287249936
6.76450967311541,5.256166082592793,163.10785709174505,35.86699932370659
6.804536357571714,5.2884017197630175,162.50026819593825,36.15019214825641
6.844563042028018,5.320643656133257,161.89247570665148,36.43348528967788
6.8845897264843225,5.352889563381674,161.28451797153735,36.71686122828461
6.924616410940627,5.385137110703154,160.67643329200124,37.00030247189241
6.964643095396931,5.417383965496894,160.06825991120732,37.283791561347996
7.004669779853235,5.449627794071067,159.46003600185264,37.56731107615981
7.044696464309539,5.481866262364542,158.8517996537089,37.85084364023159
7.0847231487658435,5.5140970366857065,158.24358886093216,38.134371927698204
7.124749833222148,5.546317784468349,157.63544150914038,38.41787866886422
7.164776517678452,5.578526175044617,157.02739536225857,38.70134665624471
7.204803202134756,5.610719880435048,156.419488049132,38.984758750708764
7.24482988659106,5.64289657615568,155.8117570499073,39.26809788772529
7.2848565710473645,5.675053937350838,155.20423976852337,39.55134704360097
7.324883255503669,5.70718962160544,154.5969738504414,39.8344890877868
7.364909939959973,5.739301305584364,153.98999650979883,40.11750709535278
7.404936624416277,5.771386673776006,153.3833447381416,40.40038424991843
7.444963308872581,5.803443416418792,152.77705534423143,40.68310382505292
7.4849899933288855,5.835469230242886,152.17116494212283,40.96564918970057
7.52501667778519,5.86746181922296,151.56570993911834,41.24800381365783
7.565043362241494,5.899418895342076,150.96072652360232,41.53015127310149
7.605070046697798,5.931338179366622,150.35625065275198,41.81207525616807
7.645096731154102,5.963217401632371,149.75231804012694,42.09375956858469
7.685123415610407,5.995054302841598,149.14896414313674,42.37518813935109
7.7251501000667115,6.026846634871296,148.5462241503864,42.65634502647299
7.765176784523016,6.058592161510354,147.94413297024892,42.937214422130644
7.80520346897932,6.090288629812015,147.34272570222117,43.21778043736744
7.845230153435624,6.121933793808809,146.74203724814535,43.49802727957692
7.885256837891928,6.153525438052061,146.14210192637285,43.77793942864153
7.9252835223482325,6.18506135928791,145.54295377370784,44.05750149897446
7.965310206804537,6.216539367063422,144.94462653643393,44.33669824354547
8.005336891260841,6.2479572843340385,144.34715366137928,44.61551455788484
8.045363575717145,6.279312948072349,143.7505682870192,44.89393548406545
8.08539026017345,6.310604209878198,143.1549032346178,45.171946214662945
8.125416944629754,6.341828936590148,142.56019099940744,45.449532096694156
8.165443629086058,6.372985010898236,141.96646374180648,45.72667863553337
8.205470313542362,6.404070331958099,141.3737532786755,46.00337149880703
8.245496997998666,6.435082816006413,140.78209107461163,46.27959652026634
8.28552368245497,6.466020391874832,140.19150831391696,46.55533966704755
8.325550366911274,6.4968809836951085,139.6020361750341,46.83058691505378
8.365577051367579,6.527662548147456,139.013705243138,47.1053245154138
8.405603735823883,6.558363062211907,138.42654570494878,47.379538905985584
8.445630420280187,6.588980520960334,137.8405873849383,47.65321669482601
8.485657104736491,6.619512938008095,137.2558597395692,47.92634466270043
8.525683789192795,6.649958345960901,136.67239185166858,48.1989097655264
8.5657104736491,6.680314796856878,136.09021242493657,48.47089913675151
8.605737158105404,6.710580362603843,135.5093497785897,48.74230008966559
8.645763842561708,6.740753135411791,134.92983184214026,49.01310011964694
8.685790527018012,6.770831228220595,134.35168615030966,49.28328690634293
8.725817211474316,6.800812775122901,133.77493983807727,49.55284831578468
8.76584389593062,6.8306959317373295,133.19961963647538,49.8217724021663
8.805870580386925,6.860478865622184,132.6257520039197,50.0900473497868
8.845897264843229,6.890159764987518,132.05336300872096,50.35766152482479
8.885923949299533,6.919736845925565,131.48247823181953,50.62460351817986
8.925950633755837,6.949208346667669,130.91312284605115,50.89086211037962
8.965977318212142,6.978572527889496,130.34532161321536,51.15642627276539
9.006004002668446,7.007827673008206,129.77909888132433,51.421285168592824
9.04603068712475,7.036972088471621,129.21447858202905,51.68542815404747
9.086057371581054,7.06600410403936,128.65148422822546,51.94884477917496
9.126084056037358,7.094922073055972,128.09013891183906,52.211524788726095
9.166110740493663,7.123724372716037,127.53046530178875,52.47345812291678
9.206137424949967,7.152409404321244,126.97248564212929,52.73463491810274
9.246164109406271,7.1809755935294675,126.41622175037297,52.99504550736914
9.286190793862575,7.209421388858805,125.86169503100967,53.25468041516681
9.32621747831888,7.237745256357586,125.30892652228826,53.513530338938345
9.366244162775184,7.265945691568384,124.75793679357072,53.77158618910927
9.406270847231488,7.294021215480606,124.2087459812428,54.02883907493062
9.446297531687792,7.3219703738949615,123.6613737952324,54.28528030178976
9.486324216144096,7.349791737569318,123.11583951888126,54.54090137110266
9.5263509006004,7.3774839023545296,122.57216200901283,54.79569398011437
9.566377585056705,7.4050454893203135,122.03035969619596,55.04965002160763
9.606404269513009,7.4324751448711375,121.49045058520431,55.30276158351971
9.646430953969313,7.459771540852119,120.95245225567203,55.555020948467465
9.686457638425617,7.4869333746449405,120.41638186294506,55.80642059318049
9.726484322881921,7.513959369253788,119.8822561391286,56.05695318784255
9.766511007338226,7.540848273367678,119.35009139417309,56.30661159544086
9.80653769179453,7.567598859349076,118.81990349337917,56.55538888611132
9.846564376250834,7.59420992512097,118.29170788012972,56.803278322817384
9.886591060707138,7.620680295463826,117.76551959213407,57.05027335117846
9.926617745163442,7.647008820845685,117.24135324956069,57.29636760716875
9.966644429619747,7.673194377430136,116.71922305705185,57.54155491603989
10.00667111407605,7.699235867073623,116.19914280592654,57.78582929115666
10.046697798532355,7.725132217312143,115.68112587657161,58.029184932745636
10.086724482988659,7.750882381337271,115.16518524102166,58.27161622655685
10.126751167444963,7.776485337961576,114.65133346572685,58.51311774243836
10.166777851901267,7.8019400915733845,114.13958271450944,58.753684232823915
10.206804536357572,7.827245672080908,113.62994475170846,58.99331063113347
10.246831220813876,7.852401134845723,113.12243094551285,59.23199205008678
10.28685790527018,7.877405561100938,112.61705224651215,59.469723792567926
10.326884589726484,7.902258059308246,112.11381911856266,59.70650138663144
10.366911274182788,7.926957761907263,111.6127417016083,59.942320503122986
10.406937958639093,7.951503826388158,111.11382975619152,60.177176983796436
10.446964643095397,7.975895435382805,110.61709265709706,60.41106684457296
10.486991327551701,8.000131796549296,110.12253939706693,60.643986273711086
10.527018012008005,8.024212142446318,109.63017859067767,60.87593162990326
10.56704469646431,8.048135730397428,109.14001847837888,61.10689944029871
10.607071380920614,8.071901842345214,108.65206693069365,61.33688639845295
10.647098065376918,8.095509784695372,108.16633145258092,61.56588936220364
10.687124749833222,8.118958888150617,107.68281918795914,61.793905351473
10.727151434289526,8.142248507534541,107.20153692439204,62.02093154599657
10.76717811874583,8.165378021646656,106.72249109682727,62.2469652835163
10.807204803202135,8.18834683766197,106.2456876692928,62.47200411718202
10.847231487658439,8.211154386652032,105.77113225470065,62.69604575745057
10.887258172114743,8.233800120944775,105.29883018520475,62.91908803797623
10.927284856571047,8.256283516422902,104.82878644994474,63.14112894583812
10.967311541027351,8.278604072326308,104.36100569964972,63.36216661933808
11.007338225483656,8.300761311045765,103.89549225136564,63.58219934574387
11.04736490993996,8.322754777907917,103.43225009330621,63.801225558976846
11.087391594396264,8.344584040951647,102.97128288982766,64.01924383724509
11.127418278852568,8.366248690695665,102.51259398652667,64.23625290062114
11.167444963308872,8.38774833989749,102.05618641546232,64.45225160856485
11.207471647765177,8.40908262330368,101.60206290050141,64.66723895739125
11.24749833222148,8.43025119739142,101.15022586278731,64.88121407768311
11.287525016677785,8.451253742037567,100.70067738466226,65.09417625140199
11.32755170113409,8.472089965377005,100.25341910488483,65.30612496157062
11.367578385590393,8.4927595919122,99.80845247425488,65.51705977111433
11.407605070046698,8.513262366702229,99.36577866510969,65.7269803657824
11.447631754503002,8.533598055781876,98.92539856189417,65.9358865586407
11.487658438959306,8.553766445905913,98.48731276619102,66.14377828771396
11.52768512341561,8.573767344286631,98.05152160183265,66.35065561359258
11.567711807871914,8.59360057832466,97.6180251200942,66.5565187170045
11.607738492328219,8.613265995333029,97.18682310496877,66.76136789635181
11.647765176784523,8.632763462254486,96.75791507852375,66.96520356521226
11.687791861240827,8.652092865372115,96.33130030633905,67.16802624980575
11.727818545697131,8.67125411001318,95.90697780302665,67.3698365864255
11.767845230153435,8.690247120328756,95.4849463362956,67.5706353195492
11.80787191460974,8.709071845998364,95.0652043020435,67.77042335996441
11.847898599066044,8.727728255072984,94.64774985748018,67.969201722834
11.887925283522348,8.746216330443463,94.23258098670924,68.1669714971918
11.927951967978652,8.764536073162814,93.8196954386609,68.36373387483637
11.967978652434956,8.782687502168411,93.40909073200663,68.55949014806092
12.00800533689126,8.800670653999637,93.00076416011566,68.75424170736645
12.048032021347565,8.818485582510867,92.59471279605354,68.94799003915813
12.088058705803869,8.836132358579887,92.19093349762254,69.14073672342522
12.128085390260173,8.853611069811686,91.78942291244412,69.33248343140423
12.168112074716477,8.870921820237653,91.39017748308324,69.52323192322513
12.208138759172781,8.888064730010138,90.99319345221457,69.71298404554138
12.248165443629086,8.905039935092443,90.59846686783081,69.90174172914291
12.28819212808539,8.921847589066134,90.20599355368498,70.08950700244463
12.328218812541694,8.938487867913944,89.81576903088869,70.27628202727816
12.368245496997998,8.954960957715238,89.42778871977332,70.46206900672685
12.408272181454302,8.97126705907746,89.04204786718603,70.64687021832088
12.448298865910607,8.987406387493067,88.65854154058917,70.83068801673478
12.48832555036691,9.003379173058784,88.27726463258654,71.01352483172654
12.528352234823215,9.019185660192258,87.89821186545832,71.19538316607554
12.56837891927952,9.034826107346126,87.52137779570484,71.37626559351864
12.608405603735823,9.050300786719516,87.146756818599,71.55617475668497
12.648432288192128,9.065609983966958,86.77434317274741,71.73511336502919
12.688458972648432,9.080753997904717,86.40413094466037,71.91308419276304
12.728485657104736,9.095733140214506,86.03611407333048,72.0900900767856
12.76851234156104,9.110547735231016,85.67028635358083,72.26613391516484
12.808539026017344,9.12519812544032,85.30664135738914,72.4412187022125
12.848565710473649,9.139684665267511,84.94517252332275,72.61534748856675
12.888592394929953,9.154007718497008,84.58587319378762,72.78852336455758
12.928619079386257,9.168167660828518,84.22873657851461,72.96074947648023
12.968645763842561,9.18216487961314,83.8737557585036,73.13202902482276
13.008672448298865,9.195999773588607,83.52092368995147,73.30236526250313
13.04869913275517,9.20967275261364,83.17023320816408,73.47176149311575
13.088725817211474,9.223184237401501,82.82167703145197,73.6402210691878
13.128752501667778,9.236534659252673,82.47524776501011,73.80774739044489
13.168779186124082,9.249724459786686,82.13093790478136,73.97434390208652
13.208805870580386,9.26275409067309,81.78873984130381,74.14001409307099
13.24883255503669,9.275624013361583,81.44864586354227,74.30476149440982
13.288859239492995,9.288334700301217,81.11064814457416,74.46858968528564
13.328885923949299,9.300886637907334,80.77473870598365,74.63150230834943
13.368912608405603,9.313280318366116,80.44090951804905,74.79350302649304
13.408939292861907,9.32551624259554,80.10915246415634,74.9545955381435
13.448965977318212,9.337594920393553,79.77945933941152,75.11478357781972
13.488992661774516,9.349516870200981,79.45182185391404,75.27407091468353
13.52901934623082,9.361282618864937,79.12623163599748,75.4324613511068
13.569046030687124,9.372892701402728,78.80268023543823,75.58995872125541
13.609072715143428,9.384347660766233,78.48115912663106,75.7465668896899
13.649099399599733,9.395648047606825,78.16165971173255,75.90228974998269
13.689126084056037,9.406794420040747,77.84417332377194,76.05713122335185
13.729152768512341,9.417787343414988,77.52869122972943,76.21109525731177
13.769179452968645,9.428627390132672,77.21520463302491,76.36418582456432
13.80920613742495,9.439315142635868,76.9037046461685,76.51640693390117
13.849232821881253,9.449851189763105,76.59418232593472,76.66776261594909
13.889259506337558,9.460236125455038,76.28662868633972,76.81825691785096
13.929286190793862,9.470470550031676,75.98103468731071,76.9678939077327
13.969312875250166,9.48055506998742,75.67739123732233,77.11667767355254
14.00933955970647,9.490490297787519,75.37568919599141,77.26461232197144
14.049366244162774,9.500276851665962,75.07591937663032,77.4117019772429
14.089392928619079,9.509915355424805,74.77807254875883,77.55795078012345
14.129419613075383,9.519406438234961,74.48213944057463,77.70336288680339
14.169446297531687,9.528750734438413,74.18811074138229,77.84794246785752
14.209472981987991,9.537948883351879,73.89597710398077,77.99169370721636
14.249499666444295,9.547001529071919,73.60572914700963,78.13462080115741
14.2895263509006,9.555909320959167,73.31735745368009,78.2767279583942
14.329553035356904,9.564672914773043,73.0308525670431,78.41801940121785
14.369579719813208,9.573292969087495,72.7462050101048,78.55849935915275
14.409606404269512,9.581770146523734,72.46340528050996,78.69817207028981
14.449633088725816,9.59010511372961,72.18244385179983,78.83704178064454
14.48965977318212,9.598298541209724,71.9033111754233,78.97511274329582
14.529686457638425,9.606351103157579,71.62599768270321,79.1123892175457
14.569713142094729,9.614263477289745,71.35049378675879,79.24887546810069
14.609739826551033,9.622036344682048,71.0767898843829,79.38457576427373
14.649766511007337,9.629670389607767,70.80487635787526,79.51949437920771
14.689793195463642,9.637166299377888,70.53474357683078,79.65363558911999
14.729819879919946,9.644524764183352,70.26638189988373,79.7870036725681
14.76984656437625,9.651746476960737,69.99978167649061,79.91960290966641
14.809873248832554,9.658832134204651,69.7349332523599,80.05143757823005
14.849899933288858,9.665782434753114,69.47182696690929,80.18251195658551
14.889926617745163,9.672598079374968,69.21045315380448,80.312830323782
14.929953302201467,9.679279771053217,68.9508021441644,80.44239695755155
14.969979986657771,9.685828214847172,68.69286426806825,80.57121613367615
15.010006671114075,9.692244117756903,68.43662985601947,80.69929212537528
15.05003335557038,9.698528188590034,68.1820892403659,80.82662920271358
15.090060040026684,9.704681137830768,67.92923275667692,80.95323163202876
15.130086724482988,9.710703677511281,67.67805074507692,81.07910367537977
15.170113408939292,9.716596521085393,67.42853355153532,81.2042495900153
15.210140093395596,9.722360383304535,67.18067152911335,81.32867362786222
15.2501667778519,9.727995980096035,66.9344550391673,81.45238003503479
15.290193462308205,9.733504024655963,66.68987446607906,81.57537304873344
15.330220146764509,9.738885220683393,66.44692024219346,81.69765689217796
15.370246831220815,9.744140280122165,66.20558278491434,81.81923578657553
15.410273515677119,9.749269915376736,65.96585252522038,81.94011394538397
15.450300200133423,9.75427483839175,65.72771991155396,82.06029557335907
15.490326884589727,9.759155760457196,65.49117541107567,82.17978486612468
15.530353569046031,9.763913392012764,65.25620951088587,82.29858600976061
15.570380253502336,9.76854844245141,65.0228127192147,82.41670318040887
15.61040693795864,9.773061619922178,64.79097556657904,82.5341405438978
15.650433622414944,9.777453631132174,64.56068860690736,82.65090225538447
15.690460306871248,9.781725181147813,64.33194241863241,82.766992459015
15.730486991327552,9.785876973195258,64.10472760575104,82.88241528760314
15.770513675783857,9.78990970952063,63.879034796876255,82.99717486209667
15.81054036024016,9.793824131498043,63.65485457112485,83.11127528254485
15.850567044696465,9.79762097352124,63.43217754461747,83.22472063779308
15.89059372915277,9.801300954051166,63.21099438771249,83.33751500713258
15.930620413609073,9.804864792522675,62.99129579402313,83.44966245635636
15.970647098065378,9.808313209460552,62.77307248068682,83.56116703747671
16.010673782521682,9.81164692660633,62.556315188580314,83.67203278845848
16.050700466977986,9.81486666705588,62.34101468248118,83.7822637329677
16.09072715143429,9.817973155407806,62.127161751175116,83.89186388013601
16.130753835890594,9.820967117922628,61.91474720750961,84.0008372243404
16.1707805203469,9.823849282692734,61.703761888393345,84.10918774499895
16.210807204803203,9.826620379823153,61.49419665474204,84.21691940638158
16.250833889259507,9.829281141623088,61.28604239137007,84.32403615743698
16.29086057371581,9.831832289647496,61.079290041440046,84.43054192914325
16.330887258172115,9.834274514308989,60.87393066042618,84.5364406304656
16.37091394262842,9.836608533489306,60.66995526228983,84.6417361592834
16.410940627084724,9.83883506707062,60.467354886753434,84.74643239741292
16.450967311541028,9.840954834745224,60.26612060532847,84.85053321005103
16.490993995997332,9.842968555984244,60.06624352164002,84.9540424456407
16.531020680453636,9.844876950006931,59.86771477172416,85.05696393575062
16.57104736490994,9.846680735750528,59.67052552429831,85.15930149496786
16.611074049366245,9.84838063184074,59.47466698100445,85.26105892080497
16.65110073382255,9.84997735656277,59.28013037662529,85.36223999361984
16.691127418278853,9.851471627832954,59.08690697927333,85.46284847655004
16.731154102735157,9.852864163170983,58.89498809055283,85.56288811546017
16.77118078719146,9.854155678589908,58.70436504891306,85.6623626385019
16.811207471647766,9.855346853450822,58.51502933413859,85.76127574306808
16.85123415610407,9.856438371746915,58.326972444645,85.85963111109758
16.891260840560374,9.8574309278626,58.1401858803393,85.95743241122206
16.93128752501668,9.858325212352048,57.95466118484247,86.05468329351856
16.971314209472983,9.859121911638471,57.77038994631086,86.1513873894362
17.011340893929287,9.859821707703926,57.58736379825993,86.24754831173347
17.05136757838559,9.860425277769766,57.405574420390764,86.3431696544248
17.091394262841895,9.860933293967694,57.225013539418974,86.43825499273778
17.1314209472982,9.861346423001402,57.045672929906424,86.53280788307977
17.171447631754504,9.8616653257988,56.86754441509532,86.62683186301459
17.211474316210808,9.861890657154884,56.690619867745035,86.72033045124951
17.251501000667112,9.862023065365168,56.51489121097155,86.81330714763162
17.291527685123416,9.86206921501753,56.34033667159499,86.90576546414721
17.33155436957972,9.86206367170607,56.166870829649206,86.9977090375491
17.371581054036024,9.862054872935383,55.99437662263862,87.08914156578395
17.41160773849233,9.862054979756532,55.8228188322037,87.18006706604353
17.451634422948633,9.862054979756532,55.652210389000814,87.27048954094104
17.491661107404937,9.862054979756532,55.482543709607775,87.36041288101936
17.53168779186124,9.862054979756532,55.313811522851886,87.44984094
17.571714476317545,9.862054979756532,55.146006631996116,87.53877753215356
17.61174116077385,9.862054979756532,54.97912193279365,87.62722642273086
17.651767845230154,9.862054979756532,54.813150354606734,87.7151913591699
17.691794529686458,9.862054979756532,54.648084887283595,87.80267605685118
17.731821214142762,9.862054979756532,54.483918594294224,87.88968419213553
17.771847898599066,9.862054979756532,54.32064461273039,87.97621940236436
17.81187458305537,9.862054979756532,54.15825615330563,88.0622852858595
17.851901267511675,9.862054979756532,53.99674650035526,88.1478854019232
17.89192795196798,9.862054979756532,53.83610898376298,88.23302328571711
17.931954636424283,9.862054979756532,53.676336963886314,88.31770245625174
17.971981320880587,9.862054979756532,53.51742390990256,88.40192637486314
18.01200800533689,9.862054979756532,53.35936336178319,88.4856984653664
18.052034689793196,9.862054979756532,53.20214892917155,88.56902211465058
18.0920613742495,9.862054979756532,53.04577429138289,88.65190067267856
18.132088058705804,9.862054979756532,52.89023319740429,88.73433745248722
18.17211474316211,9.862054979756532,52.735519457591195,88.81633573458815
18.212141427618413,9.862054979756532,52.58162681883232,88.89789883313037
18.252168112074717,9.862054979756532,52.42854913163651,88.97903000734415
18.29219479653102,9.862054979756532,52.27628034267789,89.05973246549222
18.332221480987325,9.862054979756532,52.12481445961533,89.14000938351536
18.37224816544363,9.862054979756532,51.97414555109232,89.21986390503257
18.412274849899934,9.862054979756532,51.824267746737085,89.29929914134082
18.452301534356238,9.862054979756532,51.675175237162506,89.37831817141537
18.492328218812542,9.862054979756532,51.52686224085885,89.45692405945633
18.532354903268846,9.862054979756532,51.37932298040288,89.535119867498
18.57238158772515,9.862054979756532,51.23255178391901,89.61290860163443
18.612408272181455,9.862054979756532,51.08654303736899,89.69029323730594
18.65243495663776,9.862054979756532,50.941291182747406,89.76727672025537
18.692461641094063,9.862054979756532,50.79679071808157,89.84386196652827
18.732488325550367,9.862054979756532,50.653036197431554,89.92005186247279
18.77251501000667,9.862054979756532,50.51002222721102,89.99584926668966
18.812541694462976,9.862054979756532,50.36774340137885,90.0712570443807
18.85256837891928,9.862054979756532,50.22619438506969,90.14627802302456
18.892595063375584,9.862054979756532,50.08536991444676,90.22091499245472
18.932621747831888,9.862054979756532,49.94526477718711,90.29517071520232
18.972648432288192,9.862054979756532,49.80587381248172,90.3690479264962
19.012675116744497,9.862054979756532,49.66719191103541,90.44254933426275
19.0527018012008,9.862054979756532,49.529214015066884,90.51567761912605
19.092728485657105,9.862054979756532,49.391935087050214,90.58843545097487
19.13275517011341,9.862054979756532,49.25535008629267,90.66082550137637
19.172781854569713,9.862054979756532,49.119454073540844,90.73285038813485
19.212808539026017,9.862054979756532,48.98424215828124,90.80451270322243
19.25283522348232,9.862054979756532,48.84970949560145,90.87581501444272
19.292861907938626,9.862054979756532,48.71585128539137,90.94675986585408
19.33288859239493,9.862054979756532,48.58266277154451,91.01734977819291
19.372915276851234,9.862054979756532,48.45013924115916,91.08758724929713
19.41294196130754,9.862054979756532,48.318276023739706,91.15747475452945
19.452968645763843,9.862054979756532,48.18706849039779,91.22701474720066
19.492995330220147,9.862054979756532,48.05651205305368,91.29620965899305
19.53302201467645,9.862054979756532,47.92660216363737,91.3650619003837
19.573048699132755,9.862054979756532,47.7973343133551,91.4335738610333
19.61307538358906,9.862054979756532,47.66870403302049,91.50174790961064
19.653102068045364,9.862054979756532,47.54070689067722,91.56958639505258
19.693128752501668,9.862054979756532,47.41333849087684,91.63709164694677
19.733155436957972,9.862054979756532,47.286594474254144,91.70426597575681
19.773182121414276,9.862054979756532,47.16047051673163,91.77111167324372
19.81320880587058,9.862054979756532,47.03496232872393,91.83763101288783
19.853235490326885,9.862054979756532,46.91006565434223,91.90382625031012
19.89326217478319,9.862054979756532,46.785776270598774,91.96969962369415
19.933288859239493,9.862054979756532,46.66208998661124,92.03525335420754
19.973315543695797,9.862054979756532,46.53900264280724,92.10048964642367
20.0133422281521,9.862054979756532,46.416510110128684,92.16541068874331
20.053368912608406,9.862054979756532,46.2946082892363,92.23001865381626
20.09339559706471,9.862054979756532,46.17329316743601,92.29431566837043
20.133422281521014,9.862054979756532,46.05256085317462,92.35830379492894
20.173448965977318,9.862054979756532,45.93240739366419,92.42198512846949
20.213475650433622,9.862054979756532,45.81282886626107,92.48536174799314
20.253502334889927,9.862054979756532,45.69382138156501,92.54843571488206
20.29352901934623,9.862054979756532,45.57538108297211,92.61120907313628
20.333555703802535,9.862054979756532,45.45750414622771,92.67368384961082
20.37358238825884,9.862054979756532,45.34018677897925,92.7358620542525
20.413609072715143,9.862054979756532,45.22342522032919,92.79774568033704
20.453635757171448,9.862054979756532,45.10721574038788,92.85933670470591
20.49366244162775,9.862054979756532,44.99155463982646,92.92063708800347
20.533689126084056,9.862054979756532,44.87643824942973,92.98164877491374
20.57371581054036,9.862054979756532,44.76186293148045,93.04237369342687
20.613742494996664,9.862054979756532,44.64782510762512,93.10281374007018
20.65376917945297,9.862054979756532,44.534321217878244,93.16297080163604
20.693795863909273,9.862054979756532,44.42134772330852,93.22284675375799
20.733822548365577,9.862054979756532,44.30890111454781,93.28244345640117
20.77384923282188,9.862054979756532,44.19697791142419,93.34176275405669
20.813875917278185,9.862054979756532,44.08557466259491,93.4008064759362
20.85390260173449,9.862054979756532,43.97468794517931,93.45957643616647
20.893929286190794,9.862054979756532,43.86431436439192,93.51807443398378
20.933955970647098,9.862054979756532,43.75445055317536,93.57630225392856
20.973982655103402,9.862054979756532,43.64509317183333,93.63426166603985
21.014009339559706,9.862054979756532,43.53623890766361,93.6919544260498
21.05403602401601,9.862054979756532,43.427884474591046,93.74938227557826
21.094062708472315,9.862054979756532,43.320026621796536,93.80654693755936
21.13408939292862,9.862054979756532,43.21266213769641,93.86345011413242
21.174116077384923,9.862054979756532,43.105787823110376,93.920093500863
21.214142761841227,9.862054979756532,42.999400504637755,93.97647877965349
21.25416944629753,9.862054979756532,42.89349703479057,94.03260761867251
21.294196130753836,9.862054979756532,42.78807429167853,94.0884816725219
21.33422281521014,9.862054979756532,42.68312917869403,94.14410258240369
21.374249499666444,9.862054979756532,42.578658624197175,94.199471976287
21.41427618412275,9.862054979756532,42.47465958120071,94.25459146907514
21.454302868579052,9.862054979756532,42.37112902705507,94.30946266277232
21.494329553035357,9.862054979756532,42.26806396313333,94.36408714665083
21.53435623749166,9.862054979756532,42.16546141451623,94.41846649741791
21.574382921947965,9.862054979756532,42.06331843079629,94.47260227878947
21.61440960640427,9.862054979756532,41.96163210125987,94.5264960334438
21.654436290860573,9.862054979756532,41.860399531832726,94.58014929524018
21.694462975316878,9.862054979756532,41.75961784712667,94.6335635881344
21.734489659773182,9.862054979756532,41.659284194810176,94.68674042386212
21.774516344229486,9.862054979756532,41.55939574533725,94.73968130208277
21.81454302868579,9.862054979756532,41.45994969167627,94.79238771052309
21.854569713142094,9.862054979756532,41.360943249038925,94.84486112512089
21.8945963975984,9.862054979756532,41.262373654609085,94.89710301016869
21.934623082054703,9.862054979756532,41.16423816727161,94.94911481845756
21.974649766511007,9.862054979756532,41.066534067341316,95.00089799142062
22.01467645096731,9.862054979756532,40.969258656291785,95.05245395927687
22.054703135423615,9.862054979756532,40.87240925648429,95.10378414117484
22.09472981987992,9.862054979756532,40.77598321609014,95.15488994258376
22.134756504336224,9.862054979756532,40.67997791107521,95.20577275424166
22.174783188792528,9.862054979756532,40.5843907307751,95.25643395980072
22.214809873248832,9.862054979756532,40.489219085044134,95.30687493203813
22.254836557705136,9.862054979756532,40.39446040427422,95.35709703284618
22.29486324216144,9.862054979756532,40.30011213921603,95.40710161332703
22.334889926617745,9.862054979756532,40.20617176080656,95.45689001388405
22.37491661107405,9.862054979756532,40.11263676000305,95.50646356430991
22.414943295530353,9.862054979756532,40.01950464762331,95.55582358387119
22.454969979986657,9.862054979756532,39.926772954192316,95.6049713813896
22.49499666444296,9.862054979756532,39.8344392297953,95.65390825532002
22.535023348899266,9.862054979756532,39.74250104393705,95.70263549382489
22.57505003335557,9.862054979756532,39.65095598508016,95.75115437501903
22.615076717811874,9.862054979756532,39.559801656361415,95.79946616923996
22.65510340226818,9.862054979756532,39.46903568146147,95.84757213593693
22.695130086724483,9.862054979756532,39.378655703779096,95.89547352410861
22.735156771180787,9.862054979756532,39.28865938513932,95.94317157298768
22.77518345563709,9.862054979756532,39.1990444056589,95.9906675121123
22.815210140093395,9.862054979756532,39.10980846361697,96.03796256139452
22.8552368245497,9.862054979756532,39.02094927533092,96.08505793118614
22.895263509006003,9.862054979756532,38.932464575037464,96.13195482234164
22.935290193462308,9.862054979756532,38.84435211477894,96.17865442627865
22.975316877918612,9.862054979756532,38.75660966429482,96.22515792503528
23.015343562374916,9.862054979756532,38.669235010918364,96.27146649132477
23.05537024683122,9.862054979756532,38.58222595947861,96.31758128858785
23.095396931287524,9.862054979756532,38.49558032784566,96.36350347335332
23.13542361574383,9.862054979756532,38.409295945459746,96.40923419601783
23.175450300200133,9.862054979756532,38.32337066433712,96.45477459501284
23.215476984656437,9.862054979756532,38.23780235304724,96.50012579999647
23.25550366911274,9.862054979756532,38.152588896443824,96.54528893199628
23.295530353569045,9.862054979756532,38.06772819553286,96.59026510347908
23.33555703802535,9.862054979756532,37.98321816734381,96.63505541841927
23.375583722481654,9.862054979756532,37.89905674480352,96.67966097236565
23.415610406937958,9.862054979756532,37.81524187661311,96.72408285250657
23.455637091394262,9.862054979756532,37.73177152712788,96.76832213773373
23.495663775850566,9.862054979756532,37.64864367623996,96.81237989870432
23.53569046030687,9.862054979756532,37.56585631926397,96.8562571979016
23.575717144763175,9.862054979756532,37.48340746649214,96.89995508987067
23.61574382921948,9.862054979756532,37.40129513926601,96.94347462330052
23.655770513675783,9.862054979756532,37.31951737551019,96.98681683809112
23.695797198132087,9.862054979756532,37.23807222882767,97.02998276583284
23.73582388258839,9.862054979756532,37.1569577673598,97.07297343041083
23.775850567044696,9.862054979756532,37.07617207365969,97.11578984807186
23.815877251501,9.862054979756532,36.99571324456764,97.15843302749067
23.855903935957304,9.862054979756532,36.915579391088315,97.2009039698347
23.89593062041361,9.862054979756532,36.83576863826979,97.24320366882854
23.935957304869913,9.862054979756532,36.756279125084525,97.28533311081671
23.975983989326217,9.862054979756532,36.67710900431209,97.3272932748261
24.01601067378252,9.862054979756532,36.59825644242376,97.3690851326269
24.056037358238825,9.862054979756532,36.519719619469,97.41070964879295
24.09606404269513,9.862054979756532,36.441496728373245,97.45216778107368
24.136090727151434,9.862054979756532,36.36358597470653,97.49346048051704
24.176117411607738,9.862054979756532,36.28598557797305,97.5345886907858
24.216144096064042,9.862054979756532,36.208693770737604,97.57555334862056
24.256170780520346,9.862054979756532,36.13170879849923,97.61635538390689
24.29619746497665,9.862054979756532,36.055028919580316,97.65699571973393
24.336224149432955,9.862054979756532,35.97865240501719,97.6974752724524
24.37625083388926,9.862054979756532,35.90257753845244,97.73779495173171
24.416277518345563,9.862054979756532,35.82680261602856,97.77795566061637
24.456304202801867,9.862054979756532,35.75132594628334,97.81795829558132
24.49633088725817,9.862054979756532,35.676145850046694,97.85780374658675
24.536357571714476,9.862054979756532,35.601260660339115,97.89749289713176
24.57638425617078,9.862054979756532,35.52666872219703,97.9370266243471
24.616410940627084,9.862054979756532,35.45236839180075,97.9764057994571
24.656437625083388,9.862054979756532,35.37835803754681,98.01563128721169
24.696464309539692,9.862054979756532,35.304636039760496,98.05470394603844
24.736490993995996,9.862054979756532,35.23120079040046,98.09362462819925
24.7765176784523,9.862054979756532,35.15805069296035,98.13239417984252
24.816544362908605,9.862054979756532,35.08518416237187,98.17101344105443
24.85657104736491,9.862054979756532,35.01259962490912,98.20948324590967
24.896597731821213,9.862054979756532,34.94029551809433,98.2478044225215
24.936624416277517,9.862054979756532,34.86827029060488,98.28597779309094
24.97665110073382,9.862054979756532,34.79652240218162,98.32400417395525
25.016677785190126,9.862054979756532,34.725050323538696,98.36188437563601
25.05670446964643,9.862054979756532,34.65385253627442,98.39961920288604
25.096731154102734,9.862054979756532,34.58292753241107,98.43720945493364
25.13675783855904,9.862054979756532,34.51227381427133,98.4746559255477
25.176784523015343,9.862054979756532,34.441889895212704,98.51195940264877
25.216811207471647,9.862054979756532,34.37177429908286,98.54912066859758
25.25683789192795,9.862054979756532,34.30192556012575,98.58614050024485
25.296864576384255,9.862054979756532,34.232342222895625,98.62301966897682
25.33689126084056,9.862054979756532,34.163022842172026,98.65975894076033
25.376917945296864,9.862054979756532,34.09396598287608,98.69635907618719
25.416944629753168,9.862054979756532,34.025170219987814,98.73282083051795
25.456971314209472,9.862054979756532,33.95663413846479,98.76914495372517
25.496997998665776,9.862054979756532,33.88835633316166,98.80533219053582
25.53702468312208,9.862054979756532,33.82033540875117,98.84138328047338
25.577051367578385,9.862054979756532,33.75256997958672,98.87729895793052
25.61707805203469,9.862054979756532,33.685058669067274,98.91307995250584
25.657104736490993,9.862054979756532,33.617800110425506,98.94872698858597
25.697131420947297,9.862054979756532,33.550792946493544,98.98424078546992
25.7371581054036,9.862054979756532,33.4840358294903,99.01962205748166
25.777184789859906,9.862054979756532,33.41752742094482,99.05487151401074
25.81721147431621,9.862054979756532,33.35126639162067,99.08998985955255
25.857238158772514,9.862054979756532,33.285251421441316,99.12497779374759
25.897264843228818,9.862054979756532,33.21948119941655,99.15983601142074
25.937291527685122,9.862054979756532,33.15395442356981,99.19456520261951
25.977318212141427,9.862054979756532,33.088669800866526,99.22916605265225
26.01734489659773,9.862054979756532,33.02362604714358,99.26363924212541
26.057371581054035,9.862054979756532,32.95882188703963,99.29798544698049
26.09739826551034,9.862054979756532,32.89425605363971,99.33220533868247
26.137424949966643,9.862054979756532,32.82992728840818,99.36629958425519
26.177451634422948,9.862054979756532,32.765834341705705,99.40026884600749
26.21747831887925,9.862054979756532,32.70197597238676,99.43411378174652
26.257505003335556,9.862054979756532,32.63835094772757,99.4678350448159
26.29753168779186,9.862054979756532,32.57495804335878,99.50143328413137
26.337558372248164,9.862054979756532,32.51179604319872,99.5349091442162
26.37758505670447,9.862054979756532,32.44886373938784,99.56826326523594
26.417611741160773,9.862054979756532,32.38615993222373,99.60149628303293
26.457638425617077,9.862054979756532,32.32368343009721,99.63460882915999
26.49766511007338,9.862054979756532,32.261433049429144,99.66760153091407
26.537691794529685,9.862054979756532,32.199407614608184,99.70047501136919
26.57771847898599,9.862054979756532,32.1376059578828,99.7332298894336
26.617745163442294,9.862054979756532,32.076026918901356,99.76586678009379
26.657771847898598,9.862054979756532,32.01466934528491,99.7983862941105
26.697798532354902,9.862054979756532,31.953532092439108,99.83078903811878
26.737825216811206,9.862054979756532,31.89261402340096,99.86307561470899
26.77785190126751,9.862054979756532,31.831914008778472,99.89524662245891
26.817878585723815,9.862054979756532,31.7714309266912,99.92730265596516
26.85790527018012,9.862054979756532,31.71116366271146,99.95924430587442
26.897931954636423,9.862054979756532,31.651111109806376,99.99107215891414
26.937958639092727,9.862054979756532,31.59127216828057,100.02278679792279
26.97798532354903,9.862054979756532,31.531645745719736,100.05438880188005
27.018012008005336,9.862054979756532,31.472230756934792,100.08587874593606
27.05803869246164,9.862054979756532,31.413026123906963,100.11725720144081
27.098065376917944,9.862054979756532,31.35403077551697,100.14852473608751
27.13809206137425,9.862054979756532,31.29524364751277,100.17968191392974
27.178118745830552,9.862054979756532,31.23666368286404,100.21072929519354
27.218145430286857,9.862054979756532,31.178289831468803,100.24166743643305
27.25817211474316,9.862054979756532,31.120121050097534,100.2724968905598
27.298198799199465,9.862054979756532,31.06215630233999,100.30321820687129
27.33822548365577,9.862054979756532,31.004394558552516,100.33383193107866
27.378252168112073,9.862054979756532,30.946834795806158,100.36433860533424
27.418278852568378,9.862054979756532,30.88947599783531,100.39473876825879
27.458305537024682,9.862054979756532,30.8323171549871,100.42503295496833
27.498332221480986,9.862054979756532,30.775357264171358,100.45522169710065
27.53835890593729,9.862054979756532,30.718595328811304,100.4853055228415
27.578385590393594,9.862054979756532,30.662030358757654,100.51528495696996
27.6184122748499,9.862054979756532,30.605661369950383,100.5451605210378
27.658438959306203,9.862054979756532,30.54948738484182,100.57493273314533
27.698465643762507,9.862054979756532,30.493507432245266,100.60460210802151
27.73849232821881,9.862054979756532,30.437720547222415,100.63416915708363
27.778519012675115,9.862054979756532,30.38212577103563,100.66363438846264
27.81854569713142,9.862054979756532,30.326722151100775,100.6929983070281
27.858572381587724,9.862054979756532,30.27150874094056,100.72226141441301
27.898599066044028,9.862054979756532,30.21648460013855,100.75142420903806
27.938625750500332,9.862054979756532,30.161648794293647,100.78048718613586
27.978652434956636,9.862054979756532,30.107000394975206,100.80945083777465
28.01867911941294,9.862054979756532,30.052538479678688,100.8383156528818
28.058705803869245,9.862054979756532,29.998262131781924,100.86708211726707
28.09873248832555,9.862054979756532,29.94417044033618,100.89575071373332
28.138759172781853,9.862054979756532,29.890262500055066,100.92432192208231
28.178785857238157,9.862054979756532,29.836537411559426,100.952796218985
28.21881254169446,9.862054979756532,29.78299428116091,100.98117407809622
28.258839226150766,9.862054979756532,29.72963222081812,101.0094559700779
28.29886591060707,9.862054979756532,29.676450348094246,101.03764236262155
28.338892595063374,9.862054979756532,29.623447786115197,101.06573372047045
28.37891927951968,9.862054979756532,29.570623663528202,101.09373050544156
28.418945963975982,9.862054979756532,29.517977114460898,101.12163317644722
28.458972648432287,9.862054979756532,29.465507278481002,101.14944218951658
28.49899933288859,9.862054979756532,29.413213300556354,101.17715799781664
28.539026017344895,9.862054979756532,29.36109433101555,101.20478105167327
28.5790527018012,9.862054979756532,29.309149525479228,101.23231179860753
28.619079386257503,9.862054979756532,29.25737804460934,101.25975068346855
28.659106070713808,9.862054979756532,29.205779054423704,101.28709814826694
28.699132755170112,9.862054979756532,29.154351726174138,101.31435463223917
28.739159439626416,9.862054979756532,29.103095236262917,101.34152057189215
28.77918612408272,9.862054979756532,29.052008766204683,101.368596401023
28.819212808539024,9.862054979756532,29.001091502588725,101.39558255073949
28.85923949299533,9.862054979756532,28.950342637041743,101.42247944947937
28.899266177451633,9.862054979756532,28.89976136619102,101.44928752303025
28.939292861907937,9.862054979756532,28.849346891628052,101.47600719454863
28.97931954636424,9.862054979756532,28.799098419872585,101.50263888457903
29.019346230820545,9.862054979756532,28.749015162337102,101.52918301107285
29.05937291527685,9.862054979756532,28.699096335291774,101.55563998940687
29.099399599733154,9.862054979756532,28.649341159701887,101.5820102324695
29.139426284189458,9.862054979756532,28.599748861229234,101.60829415066002
29.179452968645762,9.862054979756532,28.55031867040153,101.63449215179868
29.219479653102066,9.862054979756532,28.501049822451424,101.66060464121225
29.25950633755837,9.862054979756532,28.451941557281742,101.68663202175217
29.299533022014675,9.862054979756532,28.402993119431482,101.71257469381281
29.33955970647098,9.862054979756532,28.354203758042306,101.73843305534908
29.379586390927283,9.862054979756532,28.305572726825233,101.7642075018941
29.419613075383587,9.862054979756532,28.25709928402791,101.78989842657671
29.45963975983989,9.862054979756532,28.20878269240212,101.81550622013839
29.499666444296196,9.862054979756532,28.160622219171756,101.84103127095048
29.5396931287525,9.862054979756532,28.112617136001152,101.86647396503089
29.579719813208804,9.862054979756532,28.064766718939698,101.89183468607347
29.61974649766511,9.862054979756532,28.01707024823451,101.91711381554721
29.659773182121413,9.862054979756532,27.969527008565947,101.94231173257154
29.699799866577717,9.862054979756532,27.922136288949304,101.96742881396835
29.73982655103402,9.862054979756532,27.874897382672184,101.99246543429521
29.779853235490325,9.862054979756532,27.827809587263815,102.01742196586167
29.81987991994663,9.862054979756532,27.780872204464735,102.0422987787452
29.859906604402934,9.862054979756532,27.734084540196815,102.06709624080717
29.899933288859238,9.862054979756532,27.68744590453362,102.09181471770867
29.939959973315542,9.862054979756532,27.640955611671078,102.11645457292583
29.979986657771846,9.862054979756532,27.594612979898503,102.14101616776529
30.02001334222815,9.862054979756532,27.548417331570004,102.1654998613794
30.060040026684455,9.862054979756532,27.50236799307613,102.18990601078116
30.10006671114076,9.862054979756532,27.45646429471639,102.21423497091182
30.140093395597063,9.862054979756532,27.410705570707655,102.23848709463645
30.180120080053367,9.862054979756532,27.365091159301354,102.26266273268179
30.22014676450967,9.862054979756532,27.319620402662764,102.28676223370023
30.260173448965975,9.862054979756532,27.27429264684316,102.31078594428463
30.30020013342228,9.862054979756532,27.229107241752413,102.33473420898272
30.340226817878584,9.862054979756532,27.184063541131856,102.35860737031162
30.380253502334888,9.862054979756532,27.139160902527472,102.38240576877193
30.420280186791192,9.862054979756532,27.094398687263386,102.4061297428619
30.460306871247496,9.862054979756532,27.04977626041563,102.42977962909121
30.5003335557038,9.862054979756532,27.005292990786216,102.45335576199481
30.540360240160105,9.862054979756532,26.960948250877518,102.47685847414641
30.58038692461641,9.862054979756532,26.91674141684742,102.50028809618237
30.620413609072713,9.862054979756532,26.87267186836812,102.52364495687641
30.660440293529017,9.862054979756532,26.828738988803753,102.54692938304552
30.70046697798532,9.862054979756532,26.784942165130946,102.5701416995921
30.74049366244163,9.862054979756532,26.74128078789128,102.59328222952914
30.780520346897934,9.862054979756532,26.697754251166465,102.61635129399329
30.820547031354238,9.862054979756532,26.654361952553785,102.63934921225801
30.860573715810542,9.862054979756532,26.61110329314181,102.66227630174635
30.900600400266846,9.862054979756532,26.567977677486383,102.68513287804373
30.94062708472315,9.862054979756532,26.524984513586826,102.70791925491051
30.980653769179455,9.862054979756532,26.482123212862458,102.7306357442944
31.02068045363576,9.862054979756532,26.43939319012935,102.75328265634295
31.060707138092063,9.862054979756532,26.39679386357734,102.77586029941553
31.100733822548367,9.862054979756532,26.35432465466921,102.79836898013681
31.14076050700467,9.862054979756532,26.311984988152815,102.82080900339051
31.180787191460976,9.862054979756532,26.269774292141854,102.84318067227633
31.22081387591728,9.862054979756532,26.227691998024724,102.86548428815838
31.260840560373584,9.862054979756532,26.185737540442037,102.88772015067723
31.300867244829888,9.862054979756532,26.143910357264303,102.90988855776142
31.340893929286192,9.862054979756532,26.10220988956993,102.93198980563945
31.380920613742497,9.862054979756532,26.060635581623423,102.9540241888511
31.4209472981988,9.862054979756532,26.01918688085378,102.975992000259
31.460973982655105,9.862054979756532,25.977863237833223,102.99789353105987
31.50100066711141,9.862054979756532,25.936664106256053,103.0197290707958
31.541027351567713,9.862054979756532,25.895588942917787,103.04149890736508
31.581054036024018,9.862054979756532,25.854637207678575,103.06320332704186
31.62108072048032,9.862054979756532,25.8138083633561,103.08484261453276
31.661107404936626,9.862054979756532,25.773101875860277,103.10641705290556
31.70113408939293,9.862054979756532,25.732517214128944,103.12792692362316
31.741160773849234,9.862054979756532,25.692053850091348,103.1493725065631
31.78118745830554,9.862054979756532,25.651711258647975,103.17075408002808
31.821214142761843,9.862054979756532,25.61148891765051,103.19207192075673
31.861240827218147,9.862054979756532,25.57138630788206,103.21332630393401
31.90126751167445,9.862054979756532,25.531402913037546,103.23451750320163
31.941294196130755,9.862054979756532,25.491538219704314,103.2556457906682
31.98132088058706,9.862054979756532,25.45179171734296,103.27671143691974
32.021347565043364,9.862054979756532,25.412162898268317,103.29771471102929
32.061374249499664,9.862054979756532,25.372651257630753,103.3186558805672
32.10140093395597,9.862054979756532,25.333256293335772,103.33953521164355
32.14142761841227,9.862054979756532,25.293977506057836,103.36035296890086
32.18145430286858,9.862054979756532,25.25481439929563,103.38110941548484
32.22148098732488,9.862054979756532,25.215766479302843,103.40180481308101
32.26150767178119,9.862054979756532,25.17683325506974,103.42243942192454
32.30153435623749,9.862054979756532,25.138014238305004,103.44301350080984
32.3415610406938,9.862054979756532,25.0993089434177,103.46352730710012
32.3815877251501,9.862054979756532,25.060716887499478,103.48398109673678
32.421614409606406,9.862054979756532,25.022237590306904,103.50437512424885
32.461641094062706,9.862054979756532,24.983870574244005,103.5247096427622
32.501667778519014,9.862054979756532,24.94561536434499,103.54498490400867
32.541694462975315,9.862054979756532,24.907471488257176,103.5652011583352
32.58172114743162,9.862054979756532,24.86943847621094,103.58535865471971
32.62174783188792,9.862054979756532,24.831515860937937,103.60545764081441
32.66177451634423,9.862054979756532,24.793703177773818,103.62549836289138
32.70180120080053,9.862054979756532,24.75599996460606,103.6454810658703
32.74182788525684,9.862054979756532,24.71840576184558,103.66540599333335
32.78185456971314,9.862054979756532,24.68092011241032,103.68527338753404
32.82188125416945,9.862054979756532,24.643542561708713,103.70508348940591
32.86190793862575,9.862054979756532,24.606272657623563,103.72483653857104
32.901934623082056,9.862054979756532,24.569109950495847,103.74453277334872
32.94196130753836,9.862054979756532,24.532053993108924,103.7641724307638
32.981987991994664,9.862054979756532,24.495104340672682,103.78375574655499
33.022014676450965,9.862054979756532,24.458260550808035,103.80328295518325
33.06204136090727,9.862054979756532,24.421522183531426,103.82275428983988
33.10206804536357,9.862054979756532,24.38488880119048,103.84216998248056
33.14209472981988,9.862054979756532,24.34835996847803,103.86153026381817
33.18212141427618,9.862054979756532,24.31193525246967,103.8808353633026
33.22214809873249,9.862054979756532,24.2756142225707,103.90008550914905
33.26217478318879,9.862054979756532,24.23939645050109,103.91928092834594
33.3022014676451,9.862054979756532,24.20328151028044,103.93842184666288
33.3422281521014,9.862054979756532,24.167268978213258,103.95750848865848
33.382254836557706,9.862054979756532,24.13135843287423,103.97654107768817
33.42228152101401,9.862054979756532,24.095549455093753,103.99551983591182
33.462308205470315,9.862054979756532,24.059841627943502,104.01444498430146
33.502334889926615,9.862054979756532,24.024234536722286,104.03331674264871
33.54236157438292,9.862054979756532,23.98872776894187,104.05213532957232
33.582388258839224,9.862054979756532,23.95332091430233,104.07090096253127
33.62241494329553,9.862054979756532,23.91801356462901,104.08961385785815
33.66244162775183,9.862054979756532,23.882805313951472,104.10827423071723
33.70246831220814,9.862054979756532,23.847695758460837,104.12688229512726
33.74249499666444,9.862054979756532,23.81268449648771,104.14543826397302
33.78252168112075,9.862054979756532,23.77777112848852,104.16394234901259
33.82254836557705,9.862054979756532,23.742955257032026,104.18239476088455
33.86257505003336,9.862054979756532,23.708236486785875,104.200795709115
33.90260173448966,9.862054979756532,23.673614424503388,104.21914540212471
33.942628418945965,9.862054979756532,23.639088679010406,104.23744404723597
33.982655103402266,9.862054979756532,23.6046588611923,104.2556918506796
34.02268178785857,9.862054979756532,23.570324583981062,104.27388901760155
34.062708472314874,9.862054979756532,23.53608546234262,104.29203575206992
34.10273515677118,9.862054979756532,23.501941113224838,104.31013225710232
34.14276184122748,9.862054979756532,23.467891155571074,104.32817873465883
34.18278852568379,9.862054979756532,23.43393521034536,104.34617538562848
34.22281521014009,9.862054979756532,23.40007290049148,104.36412240985102
34.2628418945964,9.862054979756532,23.366303850920495,104.38202000612365
34.3028685790527,9.862054979756532,23.33262768849843,104.39986837220735
34.34289526350901,9.862054979756532,23.299044042033923,104.41766770483352
34.38292194796531,9.862054979756532,23.26555254226622,104.4354181997104
34.422948632421615,9.862054979756532,23.232152821853106,104.45312005152938
34.462975316877916,9.862054979756532,23.198844515359003,104.47077345397123
34.503002001334224,9.862054979756532,23.165627259243198,104.4883785997126
34.543028685790524,9.862054979756532,23.132500691848215,104.50593568043195
34.58305537024683,9.862054979756532,23.099464453379234,104.52344488682053
34.62308205470313,9.862054979756532,23.06651818585546,104.54090640860812
34.66310873915944,9.862054979756532,23.033661533170854,104.55832043453096
34.70313542361574,9.862054979756532,23.000894141059376,104.57568715235003
34.74316210807205,9.862054979756532,22.96821565707747,104.59300674886045
34.78318879252835,9.862054979756532,22.935625730592804,104.61027940989733
34.82321547698466,9.862054979756532,22.903124012773016,104.6275053203418
34.86324216144096,9.862054979756532,22.870710156574663,104.64468466412693
34.903268845897266,9.862054979756532,22.838383816732193,104.66181762424344
34.943295530353566,9.862054979756532,22.806144649747058,104.67890438274556
34.983322214809874,9.862054979756532,22.773992313876914,104.69594512075675
35.023348899266175,9.862054979756532,22.74192646912495,104.71294001847528
35.06337558372248,9.862054979756532,22.709946777229252,104.72988925518
35.10340226817878,9.862054979756532,22.678052901620777,104.74679300925251
35.14342895263509,9.862054979756532,22.64624450743578,104.76365145817056
35.18345563709139,9.862054979756532,22.61452126153254,104.78046477849927
35.2234823215477,9.862054979756532,22.582882832459454,104.79723314590801
35.263509006004,9.862054979756532,22.55132889044473,104.8139567351758
35.30353569046031,9.862054979756532,22.519859107386097,104.83063572019688
35.34356237491661,9.862054979756532,22.488473156840644,104.84727027398597
35.383589059372916,9.862054979756532,22.457170714014733,104.86386056868369
35.42361574382922,9.862054979756532,22.425951455754,104.8804067755619
35.463642428285524,9.862054979756532,22.394815060533464,104.89690906502878
35.503669112741825,9.862054979756532,22.363761208447762,104.91336760663418
35.54369579719813,9.862054979756532,22.33278958120136,104.9297825690748
35.58372248165443,9.862054979756532,22.30189986209157,104.94615412020299
35.62374916611074,9.862054979756532,22.271091735970522,104.96248242704715
35.66377585056704,9.862054979756532,22.24036488929236,104.97876765578658
35.70380253502335,9.862054979756532,22.20971901008462,104.99500997176666
35.74382921947965,9.862054979756532,22.179153787934343,105.01120953950631
35.78385590393596,9.862054979756532,22.148668913978653,105.02736652270282
35.82388258839226,9.862054979756532,22.11826408089543,105.04348108423694
35.863909272848566,9.862054979756532,22.08793898289403,105.05955338617767
35.90393595730487,9.862054979756532,22.057693315706185,105.07558358978724
35.943962641761175,9.862054979756532,22.027526776576824,105.09157185552579
35.983989326217475,9.862054979756532,21.99743906425517,105.10751834305628
36.02401601067378,9.862054979756532,21.967429878985737,105.12342321124909
36.064042695130084,9.862054979756532,21.9374989224995,105.13928661818677
36.10406937958639,9.862054979756532,21.90764589797966,105.1551087211823
36.14409606404269,9.862054979756532,21.877870510072878,105.17088967677287
36.184122748499,9.862054979756532,21.848172464900006,105.18662964071451
36.2241494329553,9.862054979756532,21.818551470031192,105.20232876799497
36.26417611741161,9.862054979756532,21.78900723447715,105.21798721283862
36.30420280186791,9.862054979756532,21.759539468680654,105.23360512871079
36.34422948632422,9.862054979756532,21.73014788450801,105.24918266832226
36.38425617078052,9.862054979756532,21.700832195240654,105.26471998363398
36.424282855236825,9.862054979756532,21.671592115566774,105.28021722586114
36.464309539693126,9.862054979756532,21.64242736157307,105.29567454547778
36.504336224149434,9.862054979756532,21.61333765073652,105.31109209222117
36.544362908605734,9.862054979756532,21.584322701916324,105.32647001509586
36.58438959306204,9.862054979756532,21.555382235339533,105.34180846238158
36.62441627751834,9.862054979756532,21.52651597257139,105.35710758164869
36.66444296197465,9.862054979756532,21.497723636551992,105.37236751973897
36.70446964643095,9.862054979756532,21.46900495157279,105.38758842277795
36.74449633088726,9.862054979756532,21.440359643265328,105.40277043618092
36.78452301534356,9.862054979756532,21.41178743859348,105.41791370465697
36.82454969979987,9.862054979756532,21.38328806584556,105.4330183722134
36.86457638425617,9.862054979756532,21.354861254626606,105.44808458215942
36.904603068712476,9.862054979756532,21.326506735850685,105.46311247711067
36.944629753168776,9.862054979756532,21.2982242417333,105.47810219899287
36.984656437625084,9.862054979756532,21.270013505783837,105.4930538890461
37.024683122081385,9.862054979756532,21.241874262798095,105.50796768782855
37.06470980653769,9.862054979756532,21.21380624885077,105.52284373522063
37.10473649099399,9.862054979756532,21.185809201267567,105.53768217043974
37.1447631754503,9.862054979756532,21.157882858635062,105.55248313203496
37.1847898599066,9.862054979756532,21.13002696080747,105.56724675788358
37.22481654436291,9.862054979756532,21.102241248886838,105.58197318520152
37.26484322881921,9.862054979756532,21.074525465215867,105.59666255054712
37.30486991327552,9.862054979756532,21.046879353370674,105.61131498982508
37.34489659773182,9.862054979756532,21.019302658153713,105.62593063829006
37.384923282188126,9.862054979756532,20.991795125586634,105.64050963055061
37.42494996664443,9.862054979756532,20.964356502903353,105.65505210057276
37.464976651100734,9.862054979756532,20.936986538543035,105.66955818168371
37.505003335557035,9.862054979756532,20.90968498214326,105.68402800657559
37.54503002001334,9.862054979756532,20.88245158453317,105.69846170730894
37.58505670446964,9.862054979756532,20.855286097721457,105.71285941531913
37.62508338892595,9.862054979756532,20.82818827487299,105.72722126142882
37.66511007338225,9.862054979756532,20.801157870337473,105.74154737583267
37.70513675783856,9.862054979756532,20.774194639629975,105.75583788810764
37.74516344229486,9.862054979756532,20.74729833942193,105.77009292721789
37.78519012675117,9.862054979756532,20.720468727534463,105.78431262151825
37.82521681120747,9.862054979756532,20.69370556293187,105.79849709875762
37.865243495663776,9.862054979756532,20.66700860571505,105.81264648608254
37.90527018012008,9.862054979756532,20.640377617115103,105.8267609100405
37.945296864576385,9.862054979756532,20.61381235948686,105.84084049658345
37.985323549032685,9.862054979756532,20.58731259630261,105.85488537107115
38.02535023348899,9.862054979756532,20.560878092145717,105.86889565827428
38.065376917945294,9.862054979756532,20.534508612704347,105.88287148237823
38.1054036024016,9.862054979756532,20.50820392474851,105.89681296699483
38.1454302868579,9.862054979756532,20.48196379613878,105.91072023515798
38.18545697131421,9.862054979756532,20.455787995830118,105.92459340932157
38.22548365577051,9.862054979756532,20.429676293856282,105.93843261136769
38.26551034022682,9.862054979756532,20.403628461323624,105.95223796261001
38.30553702468312,9.862054979756532,20.377644270405085,105.96600958379682
38.34556370913943,9.862054979756532,20.35172349433418,105.97974759511442
38.38559039359573,9.862054979756532,20.325865907399013,105.99345211619004
38.425617078052035,9.862054979756532,20.300071284936394,106.00712326609523
38.465643762508336,9.862054979756532,20.27433940332596,106.02076116334878
38.50567044696464,9.862054979756532,20.24867003998438,106.03436592591981
38.545697131420944,9.862054979756532,20.223062973359575,106.04793767123094
38.58572381587725,9.862054979756532,20.19751798292058,106.06147651616361
38.62575050033355,9.862054979756532,20.172034849139077,106.07498257706781
38.66577718478986,9.862054979756532,20.146613353511814,106.08845596975026
38.70580386924616,9.862054979756532,20.121253278544522,106.10189680948294
38.74583055370247,9.862054979756532,20.09595440774451,106.11530521100694
38.78585723815877,9.862054979756532,20.070716525615126,106.1286812885355
38.82588392261508,9.862054979756532,20.045539417650115,106.14202515575697
38.86591060707138,9.862054979756532,20.020422870328225,106.15533692583757
38.905937291527685,9.862054979756532,19.99536667110763,106.16861671142448
38.945963975983986,9.862054979756532,19.970370608420627,106.1818646246486
38.985990660440294,9.862054979756532,19.945434471668214,106.19508077712737
39.026017344896594,9.862054979756532,19.920558051214726,106.20826527996772
39.0660440293529,9.862054979756532,19.895741138382512,106.2214182437688
39.1060707138092,9.862054979756532,19.87098352543302,106.23453977863204
39.14609739826551,9.862054979756532,19.84628500557433,106.24762999415714
39.18612408272181,9.862054979756532,19.82164537296316,106.26068899944107
39.22615076717812,9.862054979756532,19.79706442269225,106.27371690308463
39.26617745163442,9.862054979756532,19.77254195078526,106.28671381319533
39.30620413609073,9.862054979756532,19.748077754191563,106.29967983738999
39.34623082054703,9.862054979756532,19.723671630781244,106.31261508279748
39.386257505003336,9.862054979756532,19.69932337933998,106.32551965606135
39.426284189459636,9.862054979756532,19.675032799564075,106.33839366334256
39.466310873915944,9.862054979756532,19.65079969205548,106.35123721032214
39.506337558372245,9.862054979756532,19.62662385831688,106.3640504022036
39.54636424282855,9.862054979756532,19.602505100746782,106.37683334371575
39.58639092728485,9.862054979756532,19.578443222630952,106.38958613911711
39.62641761174116,9.862054979756532,19.554438028127702,106.40230889220385
39.66644429619746,9.862054979756532,19.530489322285565,106.41500170630016
39.70647098065377,9.862054979756532,19.506596911029863,106.42766468426571
39.74649766511007,9.862054979756532,19.482760601156695,106.44029792849848
39.78652434956638,9.862054979756532,19.45898020032813,106.45290154093762
39.82655103402268,9.862054979756532,19.435255517067574,106.46547562306571
39.866577718478986,9.862054979756532,19.411586360755024,106.47802027591136
39.90660440293529,9.862054979756532,19.387972541622506,106.49053560005162
39.946631087391594,9.862054979756532,19.3644138707494,106.50302169561434
39.986657771847895,9.862054979756532,19.340910160057977,106.5154786622808
40.0266844563042,9.862054979756532,19.317461222308786,106.52790659928787
40.0667111407605,9.862054979756532,19.294066871096103,106.54030560543059
40.10673782521681,9.862054979756532,19.270726920832274,106.55267577907043
40.14676450967311,9.862054979756532,19.247441186754298,106.56501721813174
40.18679119412942,9.862054979756532,19.224209484924398,106.57733002010158
40.22681787858572,9.862054979756532,19.201031632219983,106.58961428203493
40.26684456304203,9.862054979756532,19.177907446329222,106.60187010055705
40.30687124749833,9.862054979756532,19.154836745746696,106.61409757186578
40.346897931954636,9.862054979756532,19.131819349769042,106.62629679173392
40.38692461641094,9.862054979756532,19.10885507849074,106.63846785551144
40.426951300867245,9.862054979756532,19.085943752799743,106.65061085812765
40.466977985323545,9.862054979756532,19.06308519437335,106.66272589409365
40.50700466977985,9.862054979756532,19.040279225673974,106.67481305750432
40.547031354236154,9.862054979756532,19.017525669944995,106.68687244204067
40.58705803869246,9.862054979756532,18.994824351203416,106.69890414097371
40.62708472314876,9.862054979756532,18.972175094228184,106.71090824717061
40.66711140760507,9.862054979756532,18.949577724574084,106.72288485308728
40.70713809206137,9.862054979756532,18.927032068560564,106.73483405077444
40.74716477651768,9.862054979756532,18.904537953266722,106.74675593188017
40.78719146097398,9.862054979756532,18.88209520652728,106.7586505876521
40.82721814543029,9.862054979756532,18.859703656928513,106.77051810893941
40.86724482988659,9.862054979756532,18.8373631338044,106.78235858619522
40.907271514342895,9.862054979756532,18.815073467232523,106.7941721094783
40.947298198799196,9.862054979756532,18.792834488030266,106.8059587684555
40.9873248832555,9.862054979756532,18.770646027750857,106.81771865240358
41.02735156771181,9.862054979756532,18.74850791867958,106.82945185021136
41.06737825216811,9.862054979756532,18.726419993829758,106.84115845038176
41.10740493662442,9.862054979756532,18.70438208692979,106.85283854103874
41.14743162108072,9.862054979756532,18.682394032428828,106.86449220992426
41.18745830553703,9.862054979756532,18.660455665496492,106.8761195443984
41.22748498999333,9.862054979756532,18.638566822014734,106.88772063144373
41.267511674449636,9.862054979756532,18.616727338574066,106.89929555766729
41.30753835890594,9.862054979756532,18.594937052469824,106.91084440930253
41.347565043362245,9.862054979756532,18.57319580169851,106.92236727221132
41.387591727818545,9.862054979756532,18.551503424954117,106.93386423188583
41.42761841227485,9.862054979756532,18.529859761624472,106.94533537345056
41.467645096731154,9.862054979756532,18.508264651787677,106.95678078166407
41.50767178118746,9.862054979756532,18.48671793620848,106.96820054092105
41.54769846564376,9.862054979756532,18.46521945633476,106.97959473525412
41.58772515010007,9.862054979756532,18.44376905429125,106.99096344833717
41.62775183455637,9.862054979756532,18.422366572870164,107.00230676349034
41.66777851901268,9.862054979756532,18.401011855542176,107.01362476367419
41.70780520346898,9.862054979756532,18.37970474644711,107.02491753149457
41.74783188792529,9.862054979756532,18.358445090389687,107.03618514920498
41.78785857238159,9.862054979756532,18.337232732836156,107.04742769870838
41.827885256837895,9.862054979756532,18.3160675199108,107.05864526155882
41.867911941294196,9.862054979756532,18.294949298392584,107.06983791896346
41.9079386257505,9.862054979756532,18.273877915711733,107.0810057517843
41.947965310206804,9.862054979756532,18.25285321994643,107.09214884053993
41.98799199466311,9.862054979756532,18.231875059819462,107.10326726540723
42.02801867911941,9.862054979756532,18.210943284694924,107.11436110622321
42.06804536357572,9.862054979756532,18.19005774457481,107.12543044248689
42.10807204803202,9.862054979756532,18.1692182900882,107.13647535336479
42.14809873248833,9.862054979756532,18.1484247724961,107.1474959176886
42.18812541694463,9.862054979756532,18.12767704369067,107.15849221395548
42.22815210140094,9.862054979756532,18.106974956188548,107.16946432033161
42.26817878585724,9.862054979756532,18.086318363127617,107.1804123146539
42.308205470313546,9.862054979756532,18.065707118263845,107.1913362744317
42.348232154769846,9.862054979756532,18.045141075968118,107.20223627684842
42.388258839226154,9.862054979756532,18.02462009122308,107.21311239876331
42.428285523682455,9.862054979756532,18.004144019620064,107.2239647167129
42.46831220813876,9.862054979756532,17.983712717355942,107.23479330691288
42.50833889259506,9.862054979756532,17.96332604123013,107.24559824525956
42.54836557705137,9.862054979756532,17.942983848641465,107.25637960733157
42.58839226150767,9.862054979756532,17.922685997582892,107.2671374683926
42.62841894596398,9.862054979756532,17.9024323466339,107.27787190339559
42.66844563042028,9.862054979756532,17.88222275496924,107.28858298697781
42.70847231487659,9.862054979756532,17.862057082351043,107.29927079346547
42.74849899933289,9.862054979756532,17.841935189125348,107.30993539687509
42.788525683789196,9.862054979756532,17.82185693621913,107.3205768709154
42.8285523682455,9.862054979756532,17.80182218513736,107.33119528898874
42.868579052701804,9.862054979756532,17.781830797960087,107.34179072419269
42.908605737158105,9.862054979756532,17.76188263733953,107.3523632493216
42.94863242161441,9.862054979756532,17.741977566497226,107.362912936868
42.98865910607071,9.862054979756532,17.722115449221157,107.37343985902433
43.02868579052702,9.862054979756532,17.702296149862914,107.3839440876842
43.06871247498332,9.862054979756532,17.682519533334762,107.39442569444411
43.10873915943963,9.862054979756532,17.662785465100576,107.40488475060823
43.14876584389593,9.862054979756532,17.643093811180012,107.41532132718613
43.18879252835224,9.862054979756532,17.623444438147352,107.42573549489342
43.22881921280854,9.862054979756532,17.6038372131261,107.43612732415471
43.268845897264846,9.862054979756532,17.584272003786115,107.44649688510489
43.30887258172115,9.862054979756532,17.564748678340983,107.45684424759081
43.348899266177455,9.862054979756532,17.54526710554521,107.46716948117255
43.388925950633755,9.862054979756532,17.525827154691598,107.47747265512497
43.42895263509006,9.862054979756532,17.506428695608502,107.48775383843902
43.468979319546364,9.862054979756532,17.487071598657224,107.4980130998232
43.50900600400267,9.862054979756532,17.46775573472934,107.50825050770497
43.54903268845897,9.862054979756532,17.448480975244095,107.51846613023216
43.58905937291528,9.862054979756532,17.42924719214378,107.52866003527534
43.62908605737158,9.862054979756532,17.410054257887644,107.53883229043106
43.66911274182789,9.862054979756532,17.3909020454588,107.54898296301837
43.70913942628419,9.862054979756532,17.3717904283576,107.55911212008199
43.7491661107405,9.862054979756532,17.3527192805987,107.56921982839422
43.7891927951968,9.862054979756532,17.33368847670849,107.57930615445603
43.829219479653105,9.862054979756532,17.314697891722584,107.58937116449856
43.869246164109406,9.862054979756532,17.2957474011833,107.59941492448439
43.90927284856571,9.862054979756532,17.276836881137154,107.60943750010883
43.949299533022014,9.862054979756532,17.257966208132395,107.61943895680137
43.98932621747832,9.862054979756532,17.23913525921654,107.62941935972675
44.02935290193462,9.862054979756532,17.220343911933924,107.63937877378656
44.06937958639093,9.862054979756532,17.201592044323156,107.64931726362026
44.10940627084723,9.862054979756532,17.182879534909528,107.65923489360948
44.14943295530354,9.862054979756532,17.164206262708525,107.66913172787602
44.18945963975984,9.862054979756532,17.145572107224577,107.67900783028252
44.22948632421615,9.862054979756532,17.126976948446497,107.6888632644349
44.26951300867245,9.862054979756532,17.108420666845117,107.69869809368363
44.309539693128755,9.862054979756532,17.089903143370925,107.70851238112496
44.349566377585056,9.862054979756532,17.071424259451714,107.71830618960213
44.389593062041364,9.862054979756532,17.05298389699027,107.7280795817067
44.429619746497664,9.862054979756532,17.034581938362066,107.73783261977964
44.46964643095397,9.862054979756532,17.016218266412917,107.7475653659127
44.50967311541027,9.862054979756532,16.99789276445678,107.75727788194942
44.54969979986658,9.862054979756532,16.979605316273425,107.76697022948662
44.58972648432288,9.862054979756532,16.96135580610448,107.77664246987618
44.62975316877919,9.862054979756532,16.94314411864849,107.78629466422782
44.66977985323549,9.862054979756532,16.92497013906641,107.79592687340636
44.7098065376918,9.862054979756532,16.906833752976002,107.80553915803426
44.7498332221481,9.862054979756532,16.88873484644933,107.81513157849339
44.789859906604406,9.862054979756532,16.870673306010573,107.82470419492594
44.829886591060706,9.862054979756532,16.852649018633848,107.83425706723561
44.869913275517014,9.862054979756532,16.834661871740995,107.84379025508882
44.909939959973315,9.862054979756532,16.81671175319947,107.85330381791582
44.94996664442962,9.862054979756532,16.798798551320175,107.86279781491186
44.98999332888592,9.862054979756532,16.780922154855332,107.87227230503822
45.03002001334223,9.862054979756532,16.763082452996382,107.88172734702347
45.07004669779853,9.862054979756532,16.745279335371762,107.89116299936452
45.11007338225484,9.862054979756532,16.727512692040477,107.9005793203301
45.15010006671114,9.862054979756532,16.709782413495173,107.9099763679591
45.19012675116745,9.862054979756532,16.69208839066071,107.91935420006138
45.23015343562375,9.862054979756532,16.67443051489045,107.92871287421961
45.270180120080056,9.862054979756532,16.656808677964168,107.93805244779054
45.31020680453636,9.862054979756532,16.639222772085994,107.94737297790599
45.350233488992664,9.862054979756532,16.62167268988244,107.95667452147386
45.390260173448965,9.862054979756532,16.60415832440034,107.96595713517937
45.43028685790527,9.862054979756532,16.586679569104863,107.97522087548597
45.47031354236157,9.862054979756532,16.569236317877525,107.98446579863646
45.51034022681788,9.862054979756532,16.551828465014214,107.99369196065402
45.55036691127418,9.862054979756532,16.53445590522325,108.00289941734322
45.59039359573049,9.862054979756532,16.517118533621893,108.01208822429194
45.63042028018679,9.862054979756532,16.499816245732383,108.02125843687338
45.6704469646431,9.862054979756532,16.48254893748625,108.03041011024385
45.7104736490994,9.862054979756532,16.4653165052196,108.03954329934517
45.750500333555706,9.862054979756532,16.448118845670983,108.04865805890593
45.79052701801201,9.862054979756532,16.430955855979498,108.05775444344243
45.830553702468315,9.862054979756532,16.413827433682858,108.06683250725963
45.870580386924615,9.862054979756532,16.39673347671557,108.0758923044523
45.91060707138092,9.862054979756532,16.379673883406987,108.08493388890584
45.950633755837224,9.862054979756532,16.362648552479538,108.09395731429743
45.99066044029353,9.862054979756532,16.3456573830468,108.10296263409676
46.03068712474983,9.862054979756532,16.32870027461172,108.11194990156736
46.07071380920614,9.862054979756532,16.31177712706466,108.12091916976728
46.11074049366244,9.862054979756532,16.29488784067799,108.12987049155223
46.15076717811875,9.862054979756532,16.278032316108646,108.13880391957397
46.19079386257505,9.862054979756532,16.261210454396785,108.14771950628126
46.23082054703136,9.862054979756532,16.244422156962585,108.1566173039214
46.27084723148766,9.862054979756532,16.227667325604518,108.16549736454117
46.310873915943965,9.862054979756532,16.210945862497532,108.17435973998788
46.350900600400266,9.862054979756532,16.19425767019131,108.18320448191015
46.39092728485657,9.862054979756532,16.17760265160853,108.19203164175904
46.430953969312874,9.862054979756532,16.16098071004312,108.20084127078869
46.47098065376918,9.862054979756532,16.144391749158498,108.20963342005756
46.51100733822548,9.862054979756532,16.127835672985935,108.218408140429
46.55103402268179,9.862054979756532,16.11131238592278,108.22716548257249
46.59106070713809,9.862054979756532,16.09482179272949,108.23590549696492
46.6310873915944,9.862054979756532,16.07836379852636,108.24462823389258
46.6711140760507,9.862054979756532,16.061938308797007,108.25333374344915
46.71114076050701,9.862054979756532,16.045545229384274,108.26202207553789
46.75116744496331,9.862054979756532,16.02918446648851,108.27069327987265
46.791194129419615,9.862054979756532,16.012855926665814,108.27934740597865
46.831220813875916,9.862054979756532,15.996559516826446,108.28798450319354
46.871247498332224,9.862054979756532,15.980295144233176,108.29660462066796
46.911274182788524,9.862054979756532,15.964062716499662,108.30520780736674
46.95130086724483,9.862054979756532,15.94786214158881,108.3137941120695
46.99132755170113,9.862054979756532,15.931693327811203,108.32236358337161
47.03135423615744,9.862054979756532,15.915556183823497,108.33091626968512
47.07138092061374,9.862054979756532,15.899450618626695,108.33945221923939
47.11140760507005,9.862054979756532,15.883376541561598,108.34797148008391
47.15143428952635,9.862054979756532,15.86733386231099,108.35647410008673
47.19146097398266,9.862054979756532,15.85132249089827,108.36496012693546
47.23148765843896,9.862054979756532,15.835342337684825,108.37342960813862
47.271514342895266,9.862054979756532,15.81939331336846,108.3818825910263
47.311541027351566,9.862054979756532,15.803475328981873,108.39031912275117
47.351567711807874,9.862054979756532,15.787588295891116,108.39873925028927
47.391594396264175,9.862054979756532,15.771732125794063,108.4071430204407
47.43162108072048,9.862054979756532,15.75590673071891,108.41553047983051
47.47164776517678,9.862054979756532,15.740112023022673,108.42390167490953
47.51167444963309,9.862054979756532,15.72434791538967,108.43225665195503
47.55170113408939,9.862054979756532,15.708614320830076,108.44059545707162
47.5917278185457,9.862054979756532,15.692911152677265,108.4489181361926
47.631754503002,9.862054979756532,15.677238324585185,108.4572247350814
47.67178118745831,9.862054979756532,15.661595750531074,108.46551529933008
47.71180787191461,9.862054979756532,15.645983344812043,108.47378987436117
47.751834556370916,9.862054979756532,15.630401022043495,108.48204850542851
47.79186124082722,9.862054979756532,15.6148486971577,108.49029123761798
47.831887925283525,9.862054979756532,15.599326285402348,108.4985181158483
47.871914609739825,9.862054979756532,15.583833702339122,108.50672918487182
47.91194129419613,9.862054979756532,15.56837086384227,108.51492448927515
47.95196797865243,9.862054979756532,15.552937686097218,108.52310407348004
47.99199466310874,9.862054979756532,15.53753408559915,108.53126798174401
48.03202134756504,9.862054979756532,15.52215997915163,108.53941625816118
48.07204803202135,9.862054979756532,15.506815283865087,108.54754894666306
48.11207471647765,9.862054979756532,15.491499917152955,108.5556660910205
48.15210140093396,9.862054979756532,15.476213796733514,108.56376773484278
48.19212808539026,9.862054979756532,15.460956840628599,108.5718539215784
48.23215476984657,9.862054979756532,15.44572896716136,108.57992469451604
48.27218145430287,9.862054979756532,15.43053009495493,108.58798009678546
48.312208138759175,9.862054979756532,15.415360142931041,108.5960201713581
48.352234823215476,9.862054979756532,15.400219030308735,108.60404496104792
48.39226150767178,9.862054979756532,15.385106676602987,108.61205450851197
48.432288192128084,9.862054979756532,15.370023001623414,108.62004885625116
48.47231487658439,9.862054979756532,15.354967925472945,108.6280280466109
48.51234156104069,9.862054979756532,15.339941368546524,108.6359921217819
48.552368245497,9.862054979756532,15.324943251529808,108.64394112380076
48.5923949299533,9.862054979756532,15.309973495396894,108.6518750945512
48.63242161440961,9.862054979756532,15.295032021408115,108.65979407576526
48.67244829886591,9.862054979756532,15.280118751112239,108.66769810902206
48.71247498332222,9.862054979756532,15.265233606343505,108.67558723574949
48.75250166777852,9.862054979756532,15.250376509220313,108.68346149722478
48.792528352234825,9.862054979756532,15.23554738214392,108.69132093457529
48.832555036691126,9.862054979756532,15.220746147797218,108.69916558877902
48.872581721147434,9.862054979756532,15.205972729143456,108.70699550066553
48.912608405603734,9.862054979756532,15.191227049425022,108.71481071091628
48.95263509006004,9.862054979756532,15.17650903216219,108.7226112600656
48.99266177451634,9.862054979756532,15.161818601151928,108.73039718850103
49.03268845897265,9.862054979756532,15.147155680466629,108.73816853646423
49.07271514342895,9.862054979756532,15.132520194452848,108.74592534405156
49.11274182788526,9.862054979756532,15.11791206772794,108.75366765121574
49.15276851234156,9.862054979756532,15.103331225181694,108.76139549776526
49.19279519679787,9.862054979756532,15.08877759197506,108.76910892336477
49.23282188125417,9.862054979756532,15.074251093538287,108.77680796753626
49.272848565710476,9.862054979756532,15.059751655569718,108.78449266965963
49.312875250166776,9.862054979756532,15.045279204034635,108.7921630689732
49.352901934623084,9.862054979756532,15.030833665164058,108.79981920457462
49.392928619079385,9.862054979756532,15.016414965453611,108.80746111542115
49.43295530353569,9.862054979756532,15.002023031662324,108.81508884033055
49.47298198799199,9.862054979756532,14.987657790811538,108.82270241798146
49.5130086724483,9.862054979756532,14.9733191701837,108.8303018869142
49.5530353569046,9.862054979756532,14.959007097321278,108.83788728553128
49.59306204136091,9.862054979756532,14.944721500024725,108.84545865209847
49.63308872581721,9.862054979756532,14.930462306350709,108.85301602474568
49.67311541027352,9.862054979756532,14.916229444613808,108.86055944146625
49.71314209472982,9.862054979756532,14.902022843384028,108.86808894011803
49.753168779186126,9.862054979756532,14.887842431485602,108.8756045584242
49.79319546364243,9.862054979756532,14.873688137995915,108.88310633397374
49.833222148098734,9.862054979756532,14.85955989224436,108.89059430422205
49.873248832555035,9.862054979756532,14.845457623811292,108.8980685064916
49.91327551701134,9.862054979756532,14.831381262526891,108.90552897797231
49.95330220146764,9.862054979756532,14.81733073847012,108.91297575572241
49.99332888592395,9.862054979756532,14.80330598196763,108.92040887666873
50.03335557038025,9.862054979756532,14.7893069235927,108.92782837760744
50.07338225483656,9.862054979756532,14.775333494164062,108.93523429520461
50.11340893929286,9.862054979756532,14.76138562474308,108.94262666599774
50.15343562374917,9.862054979756532,14.747463246635098,108.95000552639497
50.19346230820547,9.862054979756532,14.733566291388291,108.95737091267578
50.233488992661776,9.862054979756532,14.71969469079204,108.96472286099178
50.27351567711808,9.862054979756532,14.705848376875917,108.97206140736733
50.313542361574385,9.862054979756532,14.692027281908636,108.97938658769998
50.353569046030685,9.862054979756532,14.678231338397028,108.98669843776113
50.39359573048699,9.862054979756532,14.664460479085001,108.9939969931965
50.433622414943294,9.862054979756532,14.650714636952559,109.00128228952671
50.4736490993996,9.862054979756532,14.636993745214752,109.00855436214773
50.5136757838559,9.862054979756532,14.6232977373207,109.01581324633159
50.55370246831221,9.862054979756532,14.609626546952574,109.0230589772267
50.59372915276851,9.862054979756532,14.59598010802386,109.03029158985892
50.63375583722482,9.862054979756532,14.582358354677856,109.0375111191323
50.67378252168112,9.862054979756532,14.568761221289058,109.04471759982836
50.71380920613743,9.862054979756532,14.555188642460978,109.05191106660725
50.75383589059373,9.862054979756532,14.541640553025138,109.05909155400826
50.793862575050035,9.862054979756532,14.52811688804008,109.06625909645031
50.833889259506336,9.862054979756532,14.514617582790427,109.07341372823264
50.87391594396264,9.862054979756532,14.501142572785891,109.08055548353505
50.913942628418944,9.862054979756532,14.487691793760334,109.0876843964186
50.95396931287525,9.862054979756532,14.474265181670804,109.09480050082605
50.99399599733155,9.862054979756532,14.460862672696601,109.10190383058237
51.03402268178786,9.862054979756532,14.447484203238334,109.10899441939524
51.07404936624416,9.862054979756532,14.434129709916881,109.11607230085565
51.11407605070047,9.862054979756532,14.420799129570977,109.12313750843899
51.15410273515677,9.862054979756532,14.407492399258365,109.13019007550467
51.19412941961308,9.862054979756532,14.3942094562547,109.1372300352966
51.23415610406938,9.862054979756532,14.380950238052204,109.14425742094392
51.274182788525685,9.862054979756532,14.36771468235874,109.15127226546144
51.314209472981986,9.862054979756532,14.354502727096904,109.15827460175024
51.354236157438294,9.862054979756532,14.341314310403096,109.16526446259796
51.394262841894594,9.862054979756532,14.328149370626667,109.17224188067946
51.4342895263509,9.862054979756532,14.315007846328974,109.17920688855723
51.4743162108072,9.862054979756532,14.301889676282528,109.18615951868185
51.51434289526351,9.862054979756532,14.288794799470072,109.19309980339244
51.55436957971981,9.862054979756532,14.275723155083744,109.2000277749172
51.59439626417612,9.862054979756532,14.262674682523485,109.20694346537415
51.63442294863242,9.862054979756532,14.249649321395864,109.21384690677179
51.67444963308873,9.862054979756532,14.236647011515107,109.22073813100857
51.71447631754503,9.862054979756532,14.223667692901266,109.22761716987392
51.754503002001336,9.862054979756532,14.2107113057793,109.23448405504857
51.794529686457636,9.862054979756532,14.197777790578254,109.24133881810512
51.834556370913944,9.862054979756532,14.18486708793037,109.24818149050847
51.874583055370245,9.862054979756532,14.171979138670252,109.25501210361635
51.91460973982655,9.862054979756532,14.159113883834037,109.26183068867952
51.95463642428285,9.862054979756532,14.146271264658534,109.26863727684258
51.99466310873916,9.862054979756532,14.133451222580396,109.27543189914398
52.03468979319546,9.862054979756532,14.120653699235305,109.28221458651687
52.07471647765177,9.862054979756532,14.10787863645703,109.28898536978936
52.11474316210807,9.862054979756532,14.09512597627538,109.29574427968565
52.15476984656438,9.862054979756532,14.082395660917147,109.3024913468255
52.19479653102068,9.862054979756532,14.069687632805143,109.30922660172487
52.234823215476986,9.862054979756532,14.057001834557001,109.31595007479638
52.27484989993329,9.862054979756532,14.044338208984389,109.32266179634985
52.314876584389594,9.862054979756532,14.031696699092182,109.32936179659274
52.354903268845895,9.862054979756532,14.019077248077688,109.3360501056304
52.3949299533022,9.862054979756532,14.00647979932983,109.34272675346678
52.4349566377585,9.862054979756532,13.993904296428369,109.34939177000456
52.47498332221481,9.862054979756532,13.981350683143114,109.35604518504574
52.51501000667111,9.862054979756532,13.968818903433151,109.36268702829202
52.55503669112742,9.862054979756532,13.95630890144604,109.3693173293452
52.59506337558372,9.862054979756532,13.943820621516478,109.37593611770787
52.63509006004003,9.862054979756532,13.93135400816527,109.38254342278398
52.67511674449633,9.862054979756532,13.91890900610019,109.38913927387851
52.715143428952636,9.862054979756532,13.906485560214332,109.395723700198
52.75517011340894,9.862054979756532,13.894083615585375,109.40229673085135
52.795196797865245,9.862054979756532,13.881703117474792,109.40885839484996
52.835223482321545,9.862054979756532,13.869344011327119,109.41540872110825
52.87525016677785,9.862054979756532,13.857006242769181,109.42194773844393
52.915276851234154,9.862054979756532,13.844689757609373,109.42847547557864
52.95530353569046,9.862054979756532,13.832394501836898,109.43499196113802
52.99533022014676,9.862054979756532,13.820120421621048,109.44149722365245
53.03535690460307,9.862054979756532,13.807867463310448,109.44799129155706
53.07538358905937,9.862054979756532,13.795635573432266,109.4544741931925
53.11541027351568,9.862054979756532,13.783424698690395,109.46094595680567
53.15543695797198,9.862054979756532,13.771234785966321,109.46740661054945
53.19546364242829,9.862054979756532,13.759065782318167,109.47385618248296
53.23549032688459,9.862054979756532,13.746917634979726,109.48029470057234
53.275517011340895,9.862054979756532,13.7347902913597,109.48672219269096
53.315543695797196,9.862054979756532,13.722683699041037,109.49313868661986
53.3555703802535,9.862054979756532,13.710597805780179,109.4995442100481
53.395597064709804,9.862054979756532,13.698532559506393,109.5059387905732
53.43562374916611,9.862054979756532,13.686487908321054,109.51232245570144
53.47565043362241,9.862054979756532,13.674463800496945,109.5186952328482
53.51567711807872,9.862054979756532,13.66246018447759,109.52505714933848
53.55570380253502,9.862054979756532,13.650477008876535,109.53140823240705
53.59573048699133,9.862054979756532,13.63851422247616,109.53774850919925
53.63575717144763,9.862054979756532,13.626571774226845,109.54407800677137
53.67578385590394,9.862054979756532,13.614649613247602,109.55039675209035
53.71581054036024,9.862054979756532,13.602747688824703,109.55670477203448
53.755837224816545,9.862054979756532,13.590865950410976,109.56300209339378
53.795863909272846,9.862054979756532,13.579004347625146,109.56928874287028
53.835890593729154,9.862054979756532,13.567162830251162,109.57556474707847
53.875917278185455,9.862054979756532,13.555341348237544,109.58183013254569
53.91594396264176,9.862054979756532,13.543539851696691,109.58808492571234
53.95597064709806,9.862054979756532,13.53175829090427,109.59432915293235
53.99599733155437,9.862054979756532,13.519996616298528,109.60056284047339
54.03602401601067,9.862054979756532,13.508254778479657,109.60678601451738
54.07605070046698,9.862054979756532,13.496532728209058,109.61299870116079
54.11607738492328,9.862054979756532,13.484830416407808,109.61920092641544
54.15610406937959,9.862054979756532,13.473147794157363,109.62539271620818
54.19613075383589,9.862054979756532,13.461484812698714,109.63157409638129
54.236157438292196,9.862054979756532,13.44984142343152,109.63774509269287
54.2761841227485,9.862054979756532,13.438217577913477,109.64390573081745
54.316210807204804,9.862054979756532,13.426613227859685,109.65005603634597
54.356237491661105,9.862054979756532,13.415028325142016,109.65619603478635
54.39626417611741,9.862054979756532,13.403462821788487,109.6623257515637
54.43629086057371,9.862054979756532,13.391916669982665,109.66844521202079
54.47631754503002,9.862054979756532,13.380389822063012,109.67455444141821
54.51634422948632,9.862054979756532,13.368882230522312,109.68065346493478
54.55637091394263,9.862054979756532,13.357393848007016,109.68674230766788
54.59639759839893,9.862054979756532,13.345924627316213,109.69282099463402
54.63642428285524,9.862054979756532,13.334474521400919,109.69888955076911
54.67645096731154,9.862054979756532,13.323043483364573,109.70494800092838
54.716477651767846,9.862054979756532,13.311631466461824,109.71099636988684
54.75650433622415,9.862054979756532,13.300238424097941,109.71703468233969
54.796531020680455,9.862054979756532,13.288864309828208,109.72306296290265
54.836557705136755,9.862054979756532,13.277509077357333,109.72908123611221
54.87658438959306,9.862054979756532,13.266172680538862,109.73508952642601
54.916611074049364,9.862054979756532,13.254855073374582,109.74108785822308
54.95663775850567,9.862054979756532,13.243556210013953,109.7470762558042
54.99666444296197,9.862054979756532,13.232276044753517,109.75305474339224
55.03669112741828,9.862054979756532,13.221014532036325,109.75902334513235
55.07671781187458,9.862054979756532,13.20977162645129,109.76498208509241
55.11674449633089,9.862054979756532,13.198547282731841,109.77093098726372
55.15677118078719,9.862054979756532,13.187341455756542,109.77687007556064
55.1967978652435,9.862054979756532,13.176154100548304,109.782799373821
55.2368245496998,9.862054979756532,13.164985172273648,109.78871890580656
55.276851234156105,9.862054979756532,13.153834626242135,109.79462869520327
55.316877918612406,9.862054979756532,13.1427024179058,109.80052876562152
55.35690460306871,9.862054979756532,13.131588502858607,109.80641914059655
55.396931287525014,9.862054979756532,13.12049283683588,109.81229984358859
55.43695797198132,9.862054979756532,13.109415375713757,109.8181708979833
55.47698465643762,9.862054979756532,13.098356075508653,109.824032327092
55.51701134089393,9.862054979756532,13.087314892376702,109.82988415415196
55.55703802535023,9.862054979756532,13.076291782613215,109.8357264023266
55.59706470980654,9.862054979756532,13.065286702651724,109.8415590947062
55.63709139426284,9.862054979756532,13.054299609063433,109.84738225430799
55.67711807871915,9.862054979756532,13.043330458557566,109.85319590407607
55.71714476317545,9.862054979756532,13.032379207980314,109.85900006688205
55.757171447631755,9.862054979756532,13.021445814314335,109.864794765525
55.797198132088056,9.862054979756532,13.010530234678185,109.87058002273217
55.837224816544364,9.862054979756532,12.999632426325809,109.87635586115893
55.877251501000664,9.862054979756532,12.988752346646022,109.88212230338921
55.91727818545697,9.862054979756532,12.97788995316197,109.88787937193577
55.95730486991327,9.862054979756532,12.967045203530633,109.89362708924037
55.99733155436958,9.862054979756532,12.956218055542285,109.89936547767417
56.03735823882588,9.862054979756532,12.945408467120004,109.90509455953799
56.07738492328219,9.862054979756532,12.934616396319072,109.9108143570625
56.11741160773849,9.862054979756532,12.923841801325823,109.9165248924089
56.1574382921948,9.862054979756532,12.91308464045816,109.92222618766878
56.1974649766511,9.862054979756532,12.902344872164852,109.92791826486425
56.237491661107406,9.862054979756532,12.891622455024873,109.93360114594843
56.277518345563706,9.862054979756532,12.8809173477469,109.93927485280575
56.317545030020014,9.862054979756532,12.870229509168823,109.94493940725214
56.357571714476315,9.862054979756532,12.859558898257246,109.95059483103526
56.39759839893262,9.862054979756532,12.84890547410698,109.9562411458349
56.43762508338892,9.862054979756532,12.838269195940569,109.9618783732631
56.47765176784523,9.862054979756532,12.827650023107791,109.96750653486448
56.51767845230153,9.862054979756532,12.817047915085183,109.97312565211645
56.55770513675784,9.862054979756532,12.806462831475542,109.97873574642956
56.59773182121414,9.862054979756532,12.795894732007088,109.98433683914784
56.63775850567045,9.862054979756532,12.785343576532991,109.98992895154909
56.67778519012675,9.862054979756532,12.774809325031635,109.99551210484482
56.717811874583056,9.862054979756532,12.764291937605712,110.00108632018056
56.75783855903936,9.862054979756532,12.753791374481755,110.00665161863627
56.797865243495664,9.862054979756532,12.743307596009643,110.01220802122648
56.837891927951965,9.862054979756532,12.732840562662163,110.01775554890064
56.87791861240827,9.862054979756532,12.722390235034503,110.02329422254331
56.91794529686457,9.862054979756532,12.711956573843832,110.02882406297437
56.95797198132088,9.862054979756532,12.701539539928794,110.03434509094934
56.99799866577718,9.862054979756532,12.691139094249076,110.0398573271596
57.03802535023349,9.862054979756532,12.680755197884947,110.04536079223257
57.07805203468979,9.862054979756532,12.670387812036726,110.05085550673213
57.1180787191461,9.862054979756532,12.660036898023776,110.05634149115899
57.1581054036024,9.862054979756532,12.649702417284951,110.06181876595058
57.198132088058706,9.862054979756532,12.639384331377945,110.06728735148128
57.23815877251501,9.862054979756532,12.629082601978736,110.07274726806286
57.278185456971315,9.862054979756532,12.618797190881116,110.07819853594462
57.318212141427615,9.862054979756532,12.608528059996258,110.08364117531357
57.35823882588392,9.862054979756532,12.598275171352281,110.08907520629488
57.398265510340224,9.862054979756532,12.588038487093788,110.09450064895188
57.43829219479653,9.862054979756532,12.577817969481451,110.09991752328642
57.47831887925283,9.862054979756532,12.567613580891555,110.10532584923907
57.51834556370914,9.862054979756532,12.557425283815578,110.11072564668933
57.55837224816544,9.862054979756532,12.547253040859756,110.11611693545592
57.59839893262175,9.862054979756532,12.537096814744316,110.12149973529712
57.63842561707805,9.862054979756532,12.526956568303108,110.12687406591094
57.67845230153436,9.862054979756532,12.516832264483764,110.13223994693521
57.71847898599066,9.862054979756532,12.506723866346933,110.13759739794772
57.758505670446965,9.862054979756532,12.49663133706585,110.14294643846668
57.798532354903266,9.862054979756532,12.4865546399259,110.14828708795088
57.83855903935957,9.862054979756532,12.476493738324221,110.15361936579977
57.878585723815874,9.862054979756532,12.466448595769263,110.15894329135388
57.91861240827218,9.862054979756532,12.456419175880395,110.16425888389497
57.95863909272848,9.862054979756532,12.446405442387475,110.16956616264623
57.99866577718479,9.862054979756532,12.43640735913044,110.17486514677246
58.03869246164109,9.862054979756532,12.426424890058914,110.18015585538038
58.0787191460974,9.862054979756532,12.416457999231714,110.1854383075188
58.1187458305537,9.862054979756532,12.406506650815997,110.19071252217911
58.15877251501001,9.862054979756532,12.396570809087603,110.19597851829518
58.19879919946631,9.862054979756532,12.386650438430504,110.20123631474343
58.238825883922615,9.862054979756532,12.376745503336288,110.20648593034335
58.278852568378916,9.862054979756532,12.366855968403755,110.2117273838576
58.318879252835224,9.862054979756532,12.356981798338522,110.21696069399218
58.358905937291524,9.862054979756532,12.347122957952628,110.2221858793967
58.39893262174783,9.862054979756532,12.337279412164142,110.22740295866461
58.43895930620413,9.862054979756532,12.327451125996769,110.23261195033331
58.47898599066044,9.862054979756532,12.317638064579457,110.23781287288449
58.51901267511674,9.862054979756532,12.307840193146015,110.24300574474421
58.55903935957305,9.862054979756532,12.298057477034725,110.2481905842832
58.59906604402935,9.862054979756532,12.288289881687653,110.25336740981713
58.63909272848566,9.862054979756532,12.27853737265035,110.25853623960693
58.67911941294196,9.862054979756532,12.268799915571954,110.26369709185846
58.719146097398266,9.862054979756532,12.259077476204517,110.2688499847232
58.759172781854566,9.862054979756532,12.249370020402615,110.27399493629818
58.799199466310874,9.862054979756532,12.239677514122977,110.27913196462642
58.839226150767175,9.862054979756532,12.229999923424106,110.28426108769682
58.87925283522348,9.862054979756532,12.2203372144659,110.28938232344467
58.91927951967978,9.862054979756532,12.210689353509295,110.29449568975167
58.95930620413609,9.862054979756532,12.201056306915884,110.29960120444618
58.99933288859239,9.862054979756532,12.19143804114755,110.3046988853034
59.0393595730487,9.862054979756532,12.1818345227661,110.30978875004556
59.079386257505,9.862054979756532,12.172245718432839,110.31487081634218
59.11941294196131,9.862054979756532,12.162671594907817,110.31994510181046
59.15943962641761,9.862054979756532,12.153112119050125,110.32501162401503
59.199466310873916,9.862054979756532,12.143567257817399,110.33007040046839
59.23949299533022,9.862054979756532,12.134036978265328,110.33512144863099
59.279519679786524,9.862054979756532,12.124521247547348,110.3401647859115
59.319546364242825,9.862054979756532,12.115020032914252,110.34520042966705
59.35957304869913,9.862054979756532,12.105533301713848,110.35022839720325
59.39959973315543,9.862054979756532,12.096061021390604,110.35524870577457
59.43962641761174,9.862054979756532,12.086603159485295,110.36026137258438
59.47965310206804,9.862054979756532,12.077159683634651,110.36526641478522
59.51967978652435,9.862054979756532,12.067730561571024,110.37026384947896
59.55970647098065,9.862054979756532,12.05831576112202,110.37525369371693
59.59973315543696,9.862054979756532,12.048915250209944,110.38023596450033
59.63975983989326,9.862054979756532,12.039528996851512,110.3852106787803
59.679786524349566,9.862054979756532,12.030156969157852,110.39017785345793
59.71981320880587,9.862054979756532,12.020799135333954,110.3951375053846
59.759839893262175,9.862054979756532,12.011455463678315,110.40008965136208
59.799866577718475,9.862054979756532,12.002125922582632,110.40503430814279
59.83989326217478,9.862054979756532,11.992810480531425,110.40997149242995
59.879919946631084,9.862054979756532,11.983509106101728,110.41490122087768
59.91994663108739,9.862054979756532,11.974221767962748,110.41982351009135
59.95997331554369,9.862054979756532,11.964948434875527,110.42473837662757
60.0,9.862054979756532,11.955689075692614,110.42964583699451
