time_h,biomass_live,biomass_dead,sugar_ref,ethanol
0.0,5.0,0.0,99.99999999999999,0.0
0.0266844563042028,5.004915530153842,0.007208343841199656,99.57259859557873,0.1903448217221429
0.0533689126084056,5.009841609785577,0.014423778032225831,99.1445924501021,0.38096658873951295
0.0800533689126084,5.014778234964025,0.021646316848934356,98.71598115796297,0.5718654634634569
0.1067378252168112,5.019725401619011,0.028875976619619197,98.28676424149184,0.7630416383464987
0.133422281521014,5.024683105484024,0.0361127736896884,97.85694122871449,0.9544953030272932
0.1601067378252168,5.029651338499367,0.04335672251316583,97.4265118405569,1.1462265578967625
0.1867911941294196,5.034630093403064,0.05060783794184205,96.9954757573772,1.338235522115033
0.2134756504336224,5.039619363206886,0.05786613514769542,96.56383263876178,1.5305223241669323
0.2401601067378252,5.0446191360434,0.06513162925208373,96.13158230357844,1.723087015139095
0.266844563042028,5.049629400888518,0.07240433538511425,95.69872454316403,1.9159296594960278
0.2935290193462308,5.054650147297183,0.07968426868174212,95.2652591299962,2.109050330869114
0.3202134756504336,5.059681359577735,0.08697144420476338,94.83118600848898,2.3024490193852136
0.3468979319546364,5.064723022734758,0.0942658770265498,94.39650510023989,2.496125726252519
0.3735823882588392,5.0697751225108965,0.1015675822272807,93.96121630274676,2.6900804643893648
0.400266844563042,5.07483763852026,0.10887657476323823,93.52531971582287,2.884313148550917
0.4269513008672448,5.079910550995398,0.11619286960907456,93.08881541864682,3.0788237034902144
0.4536357571714476,5.084993840178489,0.12351648174786745,92.65170348977225,3.273612054243796
0.4803202134756504,5.090087484676302,0.13084742613767936,92.2139840614409,3.4686780997795164
0.5070046697798533,5.095191461460197,0.13818571771155783,91.77565731958268,3.6640217129965413
0.533689126084056,5.100305745866118,0.1455313713775352,91.33672350381563,3.8596427407253504
0.5603735823882589,5.105430311594603,0.1528844020186288,90.89718290744588,4.055541003727735
0.5870580386924616,5.110565130045846,0.16024482443499158,90.45703590107462,4.251716285349141
0.6137424949966644,5.115710169009933,0.1676126532299621,90.01628297909832,4.448168309166356
0.6404269513008672,5.120865395925336,0.17498790309355441,89.57492464402334,4.644896794596579
0.66711140760507,5.126030776593545,0.18237058869063105,89.1329614520998,4.841901434961566
0.6937958639092728,5.13120627504218,0.18976072464899318,88.69039401818182,5.039181895151408
0.7204803202134756,5.136391853524984,0.1971583255593807,88.24722301572734,5.236737811624527
0.7471647765176784,5.141587472521832,0.20456340597547218,87.80344917679831,5.434568792407673
0.7738492328218812,5.146793090735121,0.2119759804135563,87.35907329218895,5.632674417034223
0.800533689126084,5.152008662824472,0.2193960631459805,86.9140962922035,5.831054197736101
0.8272181454302868,5.157234140929978,0.22682366834004122,86.46851919233913,6.029707605539298
0.8539026017344896,5.16246947670136,0.2342588102430041,86.02234302092913,6.2286341050264955
0.8805870580386924,5.167714619825373,0.24170150304783228,85.57556887165325,6.4278331291093345
0.9072715143428952,5.172969518025821,0.24915176089318633,85.12819790353778,6.6273040790284075
0.933955970647098,5.1782341170635355,0.2566095978634244,84.68023134095564,6.827046324353264
0.9606404269513008,5.1835083607363925,0.2640750279886017,84.23167047362628,7.027059202982406
0.9873248832555036,5.188792190081878,0.2715480652026929,83.7825166838973,7.227342007967738
1.0140093395597065,5.194085536857499,0.27902872300202103,83.33277166979265,7.42789387979445
1.0406937958639093,5.199388333705628,0.2865170149778079,82.88243709725303,7.628713974329941
1.067378252168112,5.204700512246157,0.29401295471624633,82.43151466538994,7.829801431309735
1.094062708472315,5.210022001682742,0.30151655572547864,81.98000615416895,8.031155351309064
1.1207471647765177,5.215352728802801,0.309027831435597,81.5279134244095,8.232774795742849
1.1474316210807205,5.220692617977519,0.31654679519864326,81.07523841778513,8.434658786865727
1.1741160773849233,5.22604159116184,0.3240734602886089,80.6219831568233,8.636806307772034
1.200800533689126,5.23139956423975,0.33160783970587293,80.16814987009349,8.839216241946254
1.227484989993329,5.236766443970498,0.3391499460137964,79.71374109680991,9.041887322753405
1.2541694462975317,5.242142139889189,0.34669979197551565,79.25875927919259,9.244818330275857
1.2808539026017345,5.247526558802845,0.35425739025943015,78.8032069509974,9.4480080002777
1.3075383589059373,5.252919604549224,0.36182275342629694,78.34708674577735,9.65145502021568
1.33422281521014,5.258321177996832,0.3693958939292309,77.89040139688247,9.855158029239194
1.3609072715143429,5.263731177044913,0.3769768241137049,77.4331537374599,10.059115618190283
1.3875917278185457,5.269149496437419,0.38456555620749927,76.97534670682961,10.263326326525206
1.4142761841227485,5.274576017261428,0.3921621017533537,76.5169837104047,10.467788468532072
1.4409606404269513,5.280010618185759,0.3997664722161452,76.05806823451051,10.672500319309888
1.467645096731154,5.285453179007732,0.4073786791745343,75.59860372482554,10.877460173461571
1.4943295530353569,5.290903575606544,0.4149987340483566,75.13859375934267,11.082666261581927
1.5210140093395597,5.296361679829524,0.4226266480925165,74.67804205226626,11.288116748376023
1.5476984656437625,5.301827359378391,0.4302624323908789,74.21695245790887,11.49380973077754
1.5743829219479653,5.307300477695516,0.43790609785016205,73.75532897458831,11.699743236067132
1.601067378252168,5.31278089385017,0.4455576551938296,73.29317574852428,11.905915219990783
1.6277518345563708,5.318268462424792,0.4532171149559834,72.83049707773554,12.112323564878157
1.6544362908605736,5.323763033401239,0.4608844874752558,72.36729741593663,12.318966077760951
1.6811207471647764,5.329264452047048,0.4685597828887017,71.90358137643486,12.525840488491273
1.7078052034689792,5.334772554847858,0.476243010911226,71.43935387156873,12.732944382417598
1.734489659773182,5.340287166492687,0.4839341806721189,70.97462021605325,12.940275150487446
1.7611741160773848,5.345808112608795,0.491633301405889,70.50938569041377,13.147830200030521
1.7878585723815876,5.3513352133161485,0.49934038210270365,70.04365576194263,13.355606848075976
1.8145430286857904,5.356868282813587,0.5070554314860032,69.57743609888416,13.563602314503578
1.8412274849899932,5.362407129232916,0.5147784580046492,69.11073257543387,13.77181371962976
1.867911941294196,5.367951554492996,0.5225094698250716,68.64355127673797,13.980238081793647
1.8945963975983988,5.373501354153849,0.5302484748234183,68.17589850389275,14.188872314943099
1.9212808539026016,5.379056317270755,0.537995480577701,67.70778077894396,14.397713226220757
1.9479653102068044,5.384616226248341,0.5457504943599445,67.23920484988622,14.606757513550066
1.9746497665110072,5.390180856694682,0.5535135231283346,66.77017769566251,14.816001763221339
2.0013342228152102,5.395749977259751,0.5612845735103349,66.30070653200495,15.02544244709032
2.028018679119413,5.401323349365087,0.5690636517230239,65.8307988231264,15.2350759170833
2.054703135423616,5.406900727261458,0.5768507636827286,65.36046227577134,15.444898407823707
2.0813875917278186,5.412481857838866,0.5846459149717224,64.88970484658704,15.654906033126219
2.1080720480320214,5.418066480451978,0.5924491108138344,64.41853474866421,15.865094782873243
2.134756504336224,5.423654326773756,0.6002603560663224,63.94696045656191,16.075460520589196
2.161440960640427,5.429245120649065,0.6080796552117468,63.474990711332616,16.285998981014718
2.18812541694463,5.43483857794831,0.6159070123498432,63.002634525547116,16.49670576768099
2.2148098732488326,5.440434406421047,0.6237424311893969,62.52990118831963,16.707576350483954
2.2414943295530354,5.446032305549604,0.6315859150401157,62.05680027033268,16.91860606325859
2.268178785857238,5.451631966402706,0.6394374668045033,61.5833416288621,17.129790101353173
2.294863242161441,5.457233071474627,0.6472970889688927,61.109535413300044,17.341123518963244
2.321547698465644,5.46283528519464,0.6551647830526575,60.63539239184349,17.552601071482545
2.3482321547698466,5.46843826071725,0.6630405500029283,60.160923717733404,17.76421732830678
2.3749166110740494,5.474041647827548,0.6709243906540705,59.68614065710725,17.975966804161384
2.401601067378252,5.479645086359431,0.6788163053458226,59.211054815555755,18.18784384977247
2.428285523682455,5.485248206007049,0.6867162939127183,58.73567814460007,18.399842648740336
2.454969979986658,5.490850626136233,0.6946243556735128,58.26002294816891,18.61195721441298
2.4816544362908606,5.496451955595931,0.7025404894206035,57.784101889075664,18.82418138675957
2.5083388925950634,5.502051792529653,0.7104646934094554,57.307927995495575,19.036508829244003
2.535023348899266,5.507649724186903,0.7183969653480243,56.83151466744286,19.24893302569836
2.561707805203469,5.513245326734613,0.7263373023861801,56.35487568324787,19.46144727719644
2.5883922615076718,5.518838165068581,0.7342857011051298,55.87802520603419,19.674044698927233
2.6150767178118746,5.524427787845916,0.7422421571872906,55.400977956274595,19.886718137021315
2.6417611741160774,5.53001371841083,0.7502066648115632,54.9237495270608,20.099460016591532
2.66844563042028,5.535595478231836,0.7581792182225189,54.44635556954155,20.312262734333355
2.695130086724483,5.541172576768868,0.7661598110548842,53.96881214498367,20.52511848883288
2.7218145430286858,5.546744510211215,0.774148436251184,53.4911357685547,20.738019259459627
2.7484989993328885,5.552310761235407,0.7821450860475854,53.01334341766145,20.950956802342947
2.7751834556370913,5.557870798763087,0.7901497519597386,52.53545254028849,21.16392264634834
2.801867911941294,5.56342407771889,0.7981624247686194,52.057481063336645,21.376908089053877
2.828552368245497,5.568970038788311,0.8061830945063709,51.579447400961485,21.589904192726475
2.8552368245496997,5.574508108175583,0.8142117504421464,51.10137046291189,21.802901780298317
2.8819212808539025,5.580037697361554,0.8222483810679512,50.62326966286844,22.015891431343213
2.9086057371581053,5.585558201878012,0.830292974008171,50.1451649613556,22.22886346141305
2.935290193462308,5.591068985646731,0.8383455148090786,49.667077416078946,22.441807657156197
2.961974649766511,5.596569402236432,0.8464059885927739,49.18902843453325,22.65471363601851
2.9886591060707137,5.602058793210902,0.8544743799336469,48.71103983189597,22.867570818369405
3.0153435623749165,5.607536483097108,0.862550672472583,48.233134007734776,23.0803683424441
3.0420280186791193,5.613001779086086,0.870634848898385,47.75533395634855,23.293095059356162
3.068712474983322,5.618453970733866,0.8787268909291959,47.27766327710857,23.505739528110034
3.095396931287525,5.62389232966236,0.8868267792939187,46.800146184799665,23.718290010613558
3.1220813875917277,5.6293161092602775,0.8949344937136411,46.32280751996118,23.9307344666905
3.1487658438959305,5.634724544384022,0.9030500128830546,45.84567275922822,24.143060549093065
3.1754503002001333,5.640116851058599,0.9111733144518779,45.368768025672686,24.35525559851446
3.202134756504336,5.645492226178526,0.9193043750062784,44.8921200991444,24.567306638601387
3.228819212808539,5.650849837696978,0.9274431688515576,44.41575677814985,24.77920020281196
3.2555036691127417,5.656188827394633,0.9355896683802335,43.939706776807135,24.990922383665378
3.2821881254169445,5.661508326663509,0.9437438460804694,43.46399914078537,25.202459112080437
3.3088725817211473,5.666807445829793,0.9519056732099296,42.98866364118812,25.413795968923623
3.33555703802535,5.672085273742547,0.9600751197636511,42.51373078901928,25.624918178047277
3.362241494329553,5.6773408774041005,0.9682521544474098,42.0392318480991,25.8358106000687
3.3889259506337557,5.682573301593949,0.9764367446505138,41.56519884821148,26.046457726038014
3.4156104069379585,5.687781568486121,0.9846288564180171,41.09166459848262,26.25684367099493
3.4422948632421613,5.692964677260088,0.9928284544223565,40.6186627009909,26.46695216741434
3.468979319546364,5.698121603705129,1.0010355019344128,40.14622756460799,26.676766558540788
3.495663775850567,5.703251299818216,1.0092499607939953,39.67439441907147,26.8862697916117
3.5223482321547697,5.708352693395386,1.0174717913797473,39.203199329288445,27.095444410969556
3.5490326884589725,5.713424687616611,1.0257009525784764,38.73267920987072,27.30427255106286
3.5757171447631753,5.718466160624178,1.0339374017539091,38.262871839901074,27.51273592933594
3.602401601067378,5.723475965094541,1.0421810947148644,37.79381587793096,27.720815839007635
3.629086057371581,5.728452927803692,1.050431985682857,37.325550877209395,27.9284931417388
3.6557705136757837,5.733395859360138,1.058690026316464,36.858117008102155,28.13574840512266
3.6824549699799864,5.738303559940498,1.0669551651048843,36.39155489568999,28.342561983212477
3.7091394262841892,5.743174785962863,1.0752273503795058,35.92590658250429,28.54891354057516
3.735823882588392,5.748008266621979,1.083506528704501,35.46121505515757,28.754782286625723
3.762508338892595,5.752802704185929,1.0917926447707722,34.99752423872822,28.960146978620184
3.7891927951967976,5.757556773602954,1.1000856413526323,34.53487901105916,29.16498591480267
3.8158772515010004,5.762269122104039,1.1083854592636992,34.07332521722262,29.369276927473468
3.8425617078052032,5.766938368801258,1.1166920373120057,33.612909684151106,29.572997375978222
3.869246164109406,5.771563104281869,1.125005312254322,33.15368023543448,29.776124139618172
3.895930620413609,5.7761418901981765,1.1333252187496885,32.69568570628315,29.978633610481456
3.9226150767178116,5.780673258853152,1.141651689312169,32.2389759586574,30.180501686195527
3.9492995330220144,5.785155712781814,1.1499846542628105,31.78360189656291,30.38170376260058
3.975983989326217,5.789587724328359,1.158324041680821,31.329615481512306,30.582214726344116
4.0026684456304205,5.793967735219069,1.1666697773539578,30.877069748152923,30.78200894739651
4.029352901934623,5.798294156130957,1.1750217847281335,30.426018820060683,30.981060271487685
4.056037358238826,5.802565366256185,1.1833799848562299,29.97651792570006,31.179342012464897
4.082721814543029,5.806779730001578,1.191744296618047,29.52862285152748,31.376827217928067
4.109406270847232,5.810935686860396,1.200114638100435,29.082386991429132,31.573490101885007
4.136090727151434,5.815031703452795,1.2084909258109375,28.63786292313062,31.769305279440584
4.162775183455637,5.819066103675636,1.2168730722377061,28.19510797823852,31.964245061839435
4.18945963975984,5.82303711543033,1.2252609865060093,27.75418271040565,32.1582802004005
4.216144096064043,5.826942992657461,1.2336545758088109,27.315146905377222,32.351381824920445
4.242828552368246,5.830782022470407,1.2420537453659974,26.87805935239435,32.543521555031525
4.269513008672448,5.8345524520945995,1.2504583976150518,26.442980231176147,32.734670340441475
4.296197464976651,5.838252488839825,1.2588684323807102,26.009971106485686,32.92479846316237
4.322881921280854,5.841880330526932,1.2672837469882345,25.579093942399254,33.11387601698807
4.349566377585057,5.84543415854055,1.2757042360767188,25.150411333374397,33.30187279549107
4.37625083388926,5.848912138068201,1.284129791662323,24.723986494178728,33.488758296769156
4.402935290193462,5.852312419951561,1.2925603031233,24.29988320072995,33.674501752275276
4.429619746497665,5.855633141641888,1.3009956571591625,23.87816576079888,33.85907214117644
4.456304202801868,5.8588724298181125,1.309435737798359,23.458898929268177,34.042438231578544
4.482988659106071,5.862028400759491,1.3178804263569166,23.042147897653855,34.22456858572756
4.509673115410274,5.865099161001906,1.3263296014023238,22.627978274281546,34.40543156974637
4.536357571714476,5.868082809040781,1.3347831387415479,22.21645602980026,34.58499538018251
4.563042028018679,5.870977438922802,1.343240911451074,21.807647380200354,34.76322810086979
4.589726484322882,5.873781147215018,1.3517027899826164,21.401618558061163,34.94009781400282
4.616410940627085,5.876492025531152,1.3601686419452401,20.998436061763822,35.11557247937932
4.643095396931288,5.879108165049382,1.3686383321561495,20.598166507861855,35.289620006126796
4.66977985323549,5.881627658676306,1.3771117226398935,20.200876561305748,35.46220828666427
4.696464309539693,5.884048611448332,1.385588672849717,19.806632591658698,35.63330536347931
4.723148765843896,5.886369136452915,1.3940690395007742,19.41550081089033,35.802879362472865
4.749833222148099,5.888587354125734,1.4025526764938323,19.027547298893374,35.97089848072715
4.776517678452302,5.890701396662884,1.4110394349760829,18.642837858887447,36.137331056731725
4.803202134756504,5.892709413246181,1.4195291634475151,18.26143784489311,36.302145654090985
4.829886591060707,5.894609578656815,1.4280217079833402,17.8834118755772,36.46531120025038
4.85657104736491,5.8964000846331786,1.4365169118653982,17.508824126778936,36.6267968450276
4.883255503669113,5.898079146105614,1.445014615723107,17.137738125132582,36.78657206071088
4.909939959973316,5.899645004247908,1.4535146575689526,16.770216648308377,36.94460669052467
4.936624416277518,5.90109593652707,1.462016873162887,16.406321387235952,37.10087111213228
4.963308872581721,5.902430253760997,1.4705210957729478,16.04611304994601,37.25533618768287
4.989993328885924,5.903646301172907,1.4790271561216166,15.689651329556941,37.407973279523986
5.016677785190127,5.904742463074755,1.4875348825008285,15.33699474890775,37.558754325536626
5.0433622414943295,5.905717167793839,1.4960441009587422,14.98820049466941,37.70765191941549
5.070046697798532,5.906568894111189,1.5045546356002848,14.643324198446235,37.85463941647008
5.096731154102735,5.90729616780987,1.51306630814338,14.30242006467122,37.99969087246598
5.123415610406938,5.907897567091087,1.521578938142561,13.965540687553796,38.14278113216824
5.150100066711141,5.908371725912603,1.5300923430876583,13.632736939707824,38.28388588330405
5.1767845230153435,5.908717339252218,1.5386063391944516,13.30405777287474,38.42298175161267
5.203468979319546,5.9089331637122235,1.5471207406097873,12.97955022807034,38.56004629785554
5.230153435623749,5.909018020523973,1.5556353594334902,12.659259337845816,38.695058065332134
5.256837891927952,5.908970799261459,1.564150005981558,12.34322799667904,38.82799664231532
5.283522348232155,5.908790460951335,1.5726644888439658,12.031496858495546,38.95884271178618
5.3102068045363575,5.908476041182948,1.5811786149424594,11.72410423418952,39.08757810116887
5.33689126084056,5.908026653131201,1.5896921896052532,11.421085991326175,39.214185830962315
5.363575717144763,5.907441480535336,1.5982050185886623,11.122475705235722,39.338650036246726
5.390260173448966,5.9067197881158915,1.6067169067185296,10.828304373650388,39.46095610890036
5.416944629753169,5.905860930614019,1.6152276567986956,10.538600165822519,39.581090822379586
5.4436290860573715,5.904864350893622,1.6237370706395233,10.253388445386975,39.69904231807033
5.470313542361574,5.903729582896852,1.632244949145651,9.972691671749564,39.81480015306727
5.496997998665777,5.902456254599625,1.6407510924037416,9.69652930147548,39.92835534795281
5.52368245496998,5.901044090967115,1.6492552997702348,9.424917689677741,40.03970043457637
5.550366911274183,5.899492881075644,1.6577573712303801,9.15787109991646,40.14882896120456
5.5770513675783855,5.89780247950247,1.666257107541532,8.895401654022521,40.255735516590825
5.603735823882588,5.8959728707363155,1.6747543081406466,8.637517332378804,40.36041670836829
5.630420280186791,5.894004138496441,1.6832487724253618,8.384222915849524,40.46287070147227
5.657104736490994,5.891896467746228,1.691740299875163,8.135519916306778,40.56309725165581
5.683789192795197,5.889650146880581,1.7002286901663877,7.891406501780646,40.66109774163738
5.7104736490993995,5.887265569913294,1.7087137432872266,7.65187742160934,40.75687521724815
5.737158105403602,5.884743209463929,1.7171952600355793,7.416924859263191,40.85043397114227
5.763842561707805,5.882083568817343,1.7256730427912925,7.1865399500104825,40.94177880225556
5.790527018012008,5.879287283461699,1.7341468943285565,6.960709549789609,41.03091659130701
5.817211474316211,5.876355083146985,1.7426166184570457,6.739417435216589,41.117855715183275
5.8438959306204135,5.873287789147343,1.7510820202014925,6.522644385199457,41.20260600677671
5.870580386924616,5.870086312770623,1.7595429058666827,6.310368226593601,41.28517873260567
5.897264843228819,5.866751643464108,1.7679990824791054,6.102564238711303,41.36558639730843
5.923949299533022,5.863284862387369,1.7764503587544644,5.899204679404627,41.44384297192677
5.950633755837225,5.859687140218844,1.7848965451205552,5.700258854967717,41.51996385982855
5.9773182121414274,5.855959734773485,1.793337453728821,5.50569319655559,41.5939658594862
6.00400266844563,5.8521039901416065,1.8017728985788235,5.315471283321497,41.66586715291073
6.030687124749833,5.8481212909672085,1.8102026956369315,5.1295553128828395,41.735686589684974
6.057371581054036,5.844013084725477,1.8186266629637722,4.947905377939115,41.80344403872119
6.084056037358239,5.839780908821901,1.8270446208423043,4.770478587330094,41.86916081572802
6.110740493662441,5.835426369257248,1.8354563918996492,4.597229749719089,41.93285935016326
6.137424949966644,5.830951138539186,1.8438618012313999,4.428111436323338,41.99456315439817
6.164109406270847,5.826356941672506,1.8522606762258709,4.26307443939735,42.05429660100449
6.19079386257505,5.821645538053212,1.8606528462852376,4.102068366694538,42.112084634113636
6.217478318879253,5.816818754718775,1.869038143839337,3.945040531068497,42.167953307362346
6.244162775183455,5.811878469198533,1.8774164040908814,3.7919365131883853,42.221929510643776
6.270847231487658,5.8068266058848685,1.8857874651009952,3.6427002754072833,42.27404091447804
6.297531687791861,5.801665130660653,1.8941511677726608,3.4972743356881915,42.324315885403
6.324216144096064,5.796396030481696,1.9025073550950735,3.355600454416303,42.37278315355524
6.350900600400267,5.791021331998919,1.9108558733058316,3.217618990339763,42.41947212328456
6.377585056704469,5.785543094438828,1.9191965717885586,3.0832691340502008,42.46441275976995
6.404269513008672,5.779963403634054,1.9275293030270262,2.9524891022568145,42.50763549457891
6.430953969312875,5.774284368486473,1.935853922670766,2.825216249432013,42.54917117116864
6.457638425617078,5.768508113015739,1.9441702888275285,2.7013873506988335,42.589050908939285
6.484322881921281,5.7626367756261025,1.9524782626199275,2.5809386047211595,42.62730610046265
6.511007338225483,5.756672507742722,1.960777708631651,2.4638056610524735,42.66396839707764
6.537691794529686,5.750617468508057,1.9690684946636583,2.3499238003126646,42.69906962179593
6.564376250833889,5.744473821158253,1.9773504917846036,2.2392280491983656,42.732641713202824
6.591060707138092,5.738243733875507,1.985623573894326,2.1316531692664977,42.76471673198636
6.617745163442295,5.731929380128934,1.9938876173429922,2.0271336601433005,42.79532686030923
6.644429619746497,5.725532923316681,2.0021425022580503,1.9256042054508318,42.82450418152327
6.6711140760507,5.719056518505903,2.0103881120111624,1.8269996365593524,42.85228069911791
6.697798532354903,5.712502309176015,2.0186243332287193,1.731255037251981,42.87868828575431
6.724482988659106,5.70587242380117,2.02685105581984,1.6383058529226981,42.90375863004984
6.751167444963309,5.69916898187541,2.0350681724932276,1.548087714235792,42.9275233235876
6.777851901267511,5.69239410134322,2.0432755781979495,1.460536218286598,42.950013968796355
6.804536357571714,5.685549871945361,2.0514731714092704,1.375587740458148,42.9712617806677
6.831220813875917,5.678638362157665,2.0596608535960517,1.293179230452498,42.99129768733332
6.85790527018012,5.6716616170639895,2.0678385291857797,1.213248282209084,43.010152296121355
6.8845897264843225,5.664621662549399,2.076006105605917,1.1357329970990877,43.02785596003845
6.911274182788525,5.657520499159239,2.0841634932322215,1.0605721839468958,43.044438680545916
6.937958639092728,5.650360096634276,2.0923106053431595,0.987705537016068,43.05993002104575
6.964643095396931,5.64314239395336,2.100447358123896,0.9170736344847812,43.0743591076129
6.991327551701134,5.635869299185407,2.108573670590599,0.8486179460428973,43.08775462548327
7.0180120080053365,5.628542702354314,2.1166894641436445,0.7822804345585829,43.10014501401793
7.044696464309539,5.621164458974195,2.124794662957261,0.7180040726677278,43.11155821432384
7.071380920613742,5.613736390756916,2.1328891938794383,0.6557328236830688,43.12202167879075
7.098065376917945,5.606260286521001,2.1409729863585176,0.5954116150126015,43.1315623842084
7.124749833222148,5.598737902883058,2.149045972468412,0.5369863149145969,43.14020684301805
7.1514342895263505,5.5911709608826285,2.1571080867811725,0.48040384612660203,43.14798104832166
7.178118745830553,5.583561145502932,2.165159266348259,0.425612202023415,43.15491046606367
7.204803202134756,5.575910107524871,2.173199450620579,0.3725603897927076,43.161020062883544
7.231487658438959,5.56821946795011,2.1812285813214234,0.3211982924940395,43.16633437356304
7.258172114743162,5.560490809084628,2.189246602530228,0.2714769535620715,43.170877362353224
7.2848565710473645,5.55272567678068,2.19725346058998,0.22334850793891736,43.17467245671932
7.311541027351567,5.544925582642421,2.205249104041922,0.17676611335962572,43.17774258094417
7.33822548365577,5.537092005507641,2.2132334835660243,0.13168390477504105,43.18011017845651
7.364909939959973,5.529226386640709,2.2212065519554844,0.08805715036853504,43.181797135960224
7.391594396264176,5.521330131352044,2.229168264056503,0.04584220156157016,43.182824807914166
7.4182788525683785,5.5134046115029545,2.2371185767088826,0.004996414427420294,43.18321405492585
7.444963308872581,5.505466037460077,2.2450574552599596,-1.2059579620041021e-09,43.18321883570457
7.471647765176784,5.497538583895329,2.2529849088247076,-1.2059579620041021e-09,43.18321883570457
7.498332221480987,5.489622530414816,2.26090096230522,-1.2059579620041021e-09,43.18321883570457
7.52501667778519,5.481717875839463,2.2688056168805733,-1.2059579620041021e-09,43.18321883570457
7.5517011340893925,5.473824617416756,2.2766988753032806,-1.2059579620041021e-09,43.18321883570457
7.578385590393595,5.465942715053417,2.284580777666621,-1.2059579620041021e-09,43.18321883570457
7.605070046697798,5.4580721555337774,2.2924513371862596,-1.2059579620041021e-09,43.18321883570457
7.631754503002001,5.45021293885784,2.300310553862197,-1.2059579620041021e-09,43.18321883570457
7.658438959306204,5.442365042839574,2.3081584498804633,-1.2059579620041021e-09,43.18321883570457
7.6851234156104065,5.434528434205432,2.3159950585146056,-1.2059579620041021e-09,43.18321883570457
7.711807871914609,5.4267031126291805,2.3238203800908575,-1.2059579620041021e-09,43.18321883570457
7.738492328218812,5.418889076378491,2.331634416341546,-1.2059579620041021e-09,43.18321883570457
7.765176784523015,5.411086307350534,2.339437185369502,-1.2059579620041021e-09,43.18321883570457
7.791861240827218,5.403294786494911,2.3472287062251262,-1.2059579620041021e-09,43.18321883570457
7.8185456971314204,5.395514496131377,2.3550089965886603,-1.2059579620041021e-09,43.18321883570457
7.845230153435623,5.387745418579691,2.3627780741403464,-1.2059579620041021e-09,43.18321883570457
7.871914609739826,5.37998753615961,2.3705359565604285,-1.2059579620041021e-09,43.18321883570457
7.898599066044029,5.372240831190888,2.3782826615291484,-1.2059579620041021e-09,43.18321883570457
7.925283522348232,5.364505285993287,2.3860182067267495,-1.2059579620041021e-09,43.18321883570457
7.951967978652434,5.356780882886563,2.393742609833475,-1.2059579620041021e-09,43.18321883570457
7.978652434956637,5.34906760419047,2.4014558885295667,-1.2059579620041021e-09,43.18321883570457
8.005336891260841,5.341365432224769,2.409158060495268,-1.2059579620041021e-09,43.18321883570457
8.032021347565044,5.333674349309215,2.416849143410822,-1.2059579620041021e-09,43.18321883570457
8.058705803869247,5.325994337763566,2.424529154956471,-1.2059579620041021e-09,43.18321883570457
8.08539026017345,5.318325379907581,2.4321981128124577,-1.2059579620041021e-09,43.18321883570457
8.112074716477652,5.310667458061013,2.439856034659025,-1.2059579620041021e-09,43.18321883570457
8.138759172781855,5.303020554543621,2.4475029381764157,-1.2059579620041021e-09,43.18321883570457
8.165443629086058,5.295384651675164,2.4551388410448727,-1.2059579620041021e-09,43.18321883570457
8.19212808539026,5.287759731775398,2.4627637609446396,-1.2059579620041021e-09,43.18321883570457
8.218812541694463,5.28014577716408,2.470377715555958,-1.2059579620041021e-09,43.18321883570457
8.245496997998666,5.272542775040075,2.477980717679962,-1.2059579620041021e-09,43.18321883570457
8.272181454302869,5.264950721311335,2.485572771408703,-1.2059579620041021e-09,43.18321883570457
8.298865910607072,5.257369600813674,2.493153891906363,-1.2059579620041021e-09,43.18321883570457
8.325550366911274,5.2497993977569735,2.500724094963063,-1.2059579620041021e-09,43.18321883570457
8.352234823215477,5.242240096351112,2.5082833963689253,-1.2059579620041021e-09,43.18321883570457
8.37891927951968,5.234691680805968,2.5158318119140697,-1.2059579620041021e-09,43.18321883570457
8.405603735823883,5.22715413533142,2.5233693573886176,-1.2059579620041021e-09,43.18321883570457
8.432288192128086,5.219627444137347,2.5308960485826897,-1.2059579620041021e-09,43.18321883570457
8.458972648432288,5.21211159143363,2.5384119012864073,-1.2059579620041021e-09,43.18321883570457
8.485657104736491,5.204606561430146,2.5459169312898915,-1.2059579620041021e-09,43.18321883570457
8.512341561040694,5.197112338336775,2.5534111543832623,-1.2059579620041021e-09,43.18321883570457
8.539026017344897,5.189628906363396,2.560894586356642,-1.2059579620041021e-09,43.18321883570457
8.5657104736491,5.1821562497198865,2.568367243000151,-1.2059579620041021e-09,43.18321883570457
8.592394929953302,5.174694352616126,2.5758291401039095,-1.2059579620041021e-09,43.18321883570457
8.619079386257505,5.167243199261996,2.58328029345804,-1.2059579620041021e-09,43.18321883570457
8.645763842561708,5.159802773867375,2.590720718852663,-1.2059579620041021e-09,43.18321883570457
8.67244829886591,5.152373060642139,2.5981504320778983,-1.2059579620041021e-09,43.18321883570457
8.699132755170114,5.144954043796169,2.6055694489238683,-1.2059579620041021e-09,43.18321883570457
8.725817211474316,5.137545707539343,2.612977785180693,-1.2059579620041021e-09,43.18321883570457
8.75250166777852,5.130148038092843,2.6203754546271947,-1.2059579620041021e-09,43.18321883570457
8.779186124082722,5.122761021993287,2.6277624707267497,-1.2059579620041021e-09,43.18321883570457
8.805870580386925,5.115384643869169,2.635138848850868,-1.2059579620041021e-09,43.18321883570457
8.832555036691128,5.108018888348935,2.6425046043711022,-1.2059579620041021e-09,43.18321883570457
8.85923949299533,5.100663740061034,2.6498597526590038,-1.2059579620041021e-09,43.18321883570457
8.885923949299533,5.093319183633913,2.657204309086125,-1.2059579620041021e-09,43.18321883570457
8.912608405603736,5.08598520369602,2.664538289024018,-1.2059579620041021e-09,43.18321883570457
8.939292861907939,5.078661784875803,2.671861707844235,-1.2059579620041021e-09,43.18321883570457
8.965977318212142,5.071348911801709,2.679174580918328,-1.2059579620041021e-09,43.18321883570457
8.992661774516344,5.064046569102187,2.6864769236178496,-1.2059579620041021e-09,43.18321883570457
9.019346230820547,5.056754741405686,2.693768751314351,-1.2059579620041021e-09,43.18321883570457
9.04603068712475,5.049473413340651,2.7010500793793852,-1.2059579620041021e-09,43.18321883570457
9.072715143428953,5.042202569535532,2.708320923184505,-1.2059579620041021e-09,43.18321883570457
9.099399599733156,5.034942194618776,2.7155812981012604,-1.2059579620041021e-09,43.18321883570457
9.126084056037358,5.027692273218832,2.7228312195012045,-1.2059579620041021e-09,43.18321883570457
9.152768512341561,5.020452789964146,2.7300707027558913,-1.2059579620041021e-09,43.18321883570457
9.179452968645764,5.013223729483167,2.73729976323687,-1.2059579620041021e-09,43.18321883570457
9.206137424949967,5.0060050764043424,2.7445184163156946,-1.2059579620041021e-09,43.18321883570457
9.23282188125417,4.99879681548457,2.7517266772354683,-1.2059579620041021e-09,43.18321883570457
9.259506337558372,4.991598934131563,2.758924558588474,-1.2059579620041021e-09,43.18321883570457
9.286190793862575,4.984411418409131,2.7661120743109073,-1.2059579620041021e-09,43.18321883570457
9.312875250166778,4.977234253354417,2.7732892393656203,-1.2059579620041021e-09,43.18321883570457
9.33955970647098,4.97006742400457,2.7804560687154676,-1.2059579620041021e-09,43.18321883570457
9.366244162775184,4.962910915396736,2.787612577323301,-1.2059579620041021e-09,43.18321883570457
9.392928619079386,4.955764712568063,2.7947587801519753,-1.2059579620041021e-09,43.18321883570457
9.41961307538359,4.948628800555694,2.801894692164343,-1.2059579620041021e-09,43.18321883570457
9.446297531687792,4.94150316439678,2.809020328323258,-1.2059579620041021e-09,43.18321883570457
9.472981987991995,4.934387789128463,2.816135703591574,-1.2059579620041021e-09,43.18321883570457
9.499666444296198,4.927282659787894,2.823240832932143,-1.2059579620041021e-09,43.18321883570457
9.5263509006004,4.920187761412217,2.83033573130782,-1.2059579620041021e-09,43.18321883570457
9.553035356904603,4.913103079038581,2.8374204136814574,-1.2059579620041021e-09,43.18321883570457
9.579719813208806,4.906028597704129,2.8444948950159086,-1.2059579620041021e-09,43.18321883570457
9.606404269513009,4.898964302446011,2.8515591902740267,-1.2059579620041021e-09,43.18321883570457
9.633088725817212,4.89191017830137,2.8586133144186663,-1.2059579620041021e-09,43.18321883570457
9.659773182121414,4.884866210307357,2.86565728241268,-1.2059579620041021e-09,43.18321883570457
9.686457638425617,4.877832383501117,2.8726911092189207,-1.2059579620041021e-09,43.18321883570457
9.71314209472982,4.870808682919795,2.8797148098002427,-1.2059579620041021e-09,43.18321883570457
9.739826551034023,4.863795093888611,2.886728398831426,-1.2059579620041021e-09,43.18321883570457
9.766511007338226,4.8567916031751865,2.8937318895448514,-1.2059579620041021e-09,43.18321883570457
9.793195463642428,4.84979819642038,2.900725296299658,-1.2059579620041021e-09,43.18321883570457
9.819879919946631,4.842814859072484,2.9077086336475535,-1.2059579620041021e-09,43.18321883570457
9.846564376250834,4.835841576619286,2.9146819161007516,-1.2059579620041021e-09,43.18321883570457
9.873248832555037,4.828878334588069,2.921645158131969,-1.2059579620041021e-09,43.18321883570457
9.89993328885924,4.821925118545609,2.9285983741744284,-1.2059579620041021e-09,43.18321883570457
9.926617745163442,4.814981914098182,2.935541578621856,-1.2059579620041021e-09,43.18321883570457
9.953302201467645,4.808048706891557,2.9424747858284808,-1.2059579620041021e-09,43.18321883570457
9.979986657771848,4.801125482610998,2.9493980101090393,-1.2059579620041021e-09,43.18321883570457
10.00667111407605,4.7942122269812675,2.9563112657387705,-1.2059579620041021e-09,43.18321883570457
10.033355570380253,4.787308925766619,2.9632145669534182,-1.2059579620041021e-09,43.18321883570457
10.060040026684456,4.780415564770806,2.9701079279492304,-1.2059579620041021e-09,43.18321883570457
10.086724482988659,4.773532129837077,2.9769913628829596,-1.2059579620041021e-09,43.18321883570457
10.113408939292862,4.766658606848173,2.9838648858718635,-1.2059579620041021e-09,43.18321883570457
10.140093395597065,4.759794981726334,2.990728510993703,-1.2059579620041021e-09,43.18321883570457
10.166777851901267,4.7529412404332945,2.9975822522867435,-1.2059579620041021e-09,43.18321883570457
10.19346230820547,4.746097368970282,3.0044261237497554,-1.2059579620041021e-09,43.18321883570457
10.220146764509673,4.739263353378024,3.011260139342014,-1.2059579620041021e-09,43.18321883570457
10.246831220813876,4.73243917916868,3.0180843135513564,-1.2059579620041021e-09,43.18321883570457
10.273515677118079,4.725624831063848,3.0248986616561893,-1.2059579620041021e-09,43.18321883570457
10.300200133422281,4.718820294876991,3.0317031978430453,-1.2059579620041021e-09,43.18321883570457
10.326884589726484,4.712025556487329,3.0384979362327074,-1.2059579620041021e-09,43.18321883570457
10.353569046030687,4.705240601798376,3.0452828909216607,-1.2059579620041021e-09,43.18321883570457
10.38025350233489,4.698465416737945,3.052058075982093,-1.2059579620041021e-09,43.18321883570457
10.406937958639093,4.691699987258141,3.0588235054618966,-1.2059579620041021e-09,43.18321883570457
10.433622414943295,4.68494429933537,3.065579193384667,-1.2059579620041021e-09,43.18321883570457
10.460306871247498,4.678198338970334,3.072325153749703,-1.2059579620041021e-09,43.18321883570457
10.486991327551701,4.67146209218803,3.0790614005320083,-1.2059579620041021e-09,43.18321883570457
10.513675783855904,4.664735545037751,3.0857879476822867,-1.2059579620041021e-09,43.18321883570457
10.540360240160107,4.658018683593089,3.0925048091269485,-1.2059579620041021e-09,43.18321883570457
10.56704469646431,4.651311493951931,3.0992119987681064,-1.2059579620041021e-09,43.18321883570457
10.593729152768512,4.644613962236461,3.1059095304835767,-1.2059579620041021e-09,43.18321883570457
10.620413609072715,4.6379260745931585,3.11259741812688,-1.2059579620041021e-09,43.18321883570457
10.647098065376918,4.631247817192801,3.1192756755272373,-1.2059579620041021e-09,43.18321883570457
10.67378252168112,4.624579176230461,3.1259443164895773,-1.2059579620041021e-09,43.18321883570457
10.700466977985323,4.617920137925509,3.1326033547945284,-1.2059579620041021e-09,43.18321883570457
10.727151434289526,4.611270688521113,3.139252804198926,-1.2059579620041021e-09,43.18321883570457
10.753835890593729,4.604630814006694,3.145892678713343,-1.2059579620041021e-09,43.18321883570457
10.780520346897932,4.598000500384653,3.1525229923353852,-1.2059579620041021e-09,43.18321883570457
10.807204803202135,4.59137973388747,3.159143758832568,-1.2059579620041021e-09,43.18321883570457
10.833889259506337,4.584768500767779,3.1657549919522587,-1.2059579620041021e-09,43.18321883570457
10.86057371581054,4.578166787298366,3.1723567054216724,-1.2059579620041021e-09,43.18321883570457
10.887258172114743,4.571574579772166,3.1789489129478707,-1.2059579620041021e-09,43.18321883570457
10.913942628418946,4.5649918645022725,3.185531628217766,-1.2059579620041021e-09,43.18321883570457
10.940627084723149,4.558418627821919,3.1921048648981176,-1.2059579620041021e-09,43.18321883570457
10.967311541027351,4.551854856084502,3.198668636635535,-1.2059579620041021e-09,43.18321883570457
10.993995997331554,4.545300535663563,3.205222957056475,-1.2059579620041021e-09,43.18321883570457
11.020680453635757,4.538755652952795,3.211767839767243,-1.2059579620041021e-09,43.18321883570457
11.04736490993996,4.532220194366045,3.2183032983539936,-1.2059579620041021e-09,43.18321883570457
11.074049366244163,4.52569414633731,3.2248293463827284,-1.2059579620041021e-09,43.18321883570457
11.100733822548365,4.519177495320739,3.231345997399299,-1.2059579620041021e-09,43.18321883570457
11.127418278852568,4.512670227790632,3.2378532649294054,-1.2059579620041021e-09,43.18321883570457
11.154102735156771,4.5061723302414425,3.2443511624785963,-1.2059579620041021e-09,43.18321883570457
11.180787191460974,4.49968378918777,3.250839703532267,-1.2059579620041021e-09,43.18321883570457
11.207471647765177,4.493204591164374,3.2573189015556645,-1.2059579620041021e-09,43.18321883570457
11.23415610406938,4.486734722723198,3.2637887699968395,-1.2059579620041021e-09,43.18321883570457
11.260840560373582,4.480274170391911,3.2702493223281266,-1.2059579620041021e-09,43.18321883570457
11.287525016677785,4.473822920741285,3.2767005719787528,-1.2059579620041021e-09,43.18321883570457
11.314209472981988,4.4673809603758965,3.283142532344142,-1.2059579620041021e-09,43.18321883570457
11.34089392928619,4.460948275919948,3.28957521680009,-1.2059579620041021e-09,43.18321883570457
11.367578385590393,4.454524854017269,3.295998638702768,-1.2059579620041021e-09,43.18321883570457
11.394262841894596,4.4481106813313165,3.302412811388721,-1.2059579620041021e-09,43.18321883570457
11.420947298198799,4.441705744545174,3.308817748174865,-1.2059579620041021e-09,43.18321883570457
11.447631754503002,4.435310030361547,3.315213462358491,-1.2059579620041021e-09,43.18321883570457
11.474316210807205,4.428923525502775,3.321599967217264,-1.2059579620041021e-09,43.18321883570457
11.501000667111407,4.422546216710818,3.3279772760092206,-1.2059579620041021e-09,43.18321883570457
11.52768512341561,4.416178090747266,3.3343454019727727,-1.2059579620041021e-09,43.18321883570457
11.554369579719813,4.409819134393334,3.3407043583267044,-1.2059579620041021e-09,43.18321883570457
11.581054036024016,4.4034693344498645,3.347054158270174,-1.2059579620041021e-09,43.18321883570457
11.607738492328219,4.397128677737327,3.3533948149827117,-1.2059579620041021e-09,43.18321883570457
11.634422948632421,4.390797151095815,3.3597263416242225,-1.2059579620041021e-09,43.18321883570457
11.661107404936624,4.384474741385052,3.366048751334986,-1.2059579620041021e-09,43.18321883570457
11.687791861240827,4.378161435484385,3.372362057235653,-1.2059579620041021e-09,43.18321883570457
11.71447631754503,4.37185722029279,3.378666272427248,-1.2059579620041021e-09,43.18321883570457
11.741160773849233,4.36556208271842,3.3849614100016177,-1.2059579620041021e-09,43.18321883570457
11.767845230153435,4.359276009647427,3.3912474830726107,-1.2059579620041021e-09,43.18321883570457
11.794529686457638,4.352998988021496,3.3975245046985423,-1.2059579620041021e-09,43.18321883570457
11.821214142761841,4.346731004807026,3.403792487913012,-1.2059579620041021e-09,43.18321883570457
11.847898599066044,4.340472046989511,3.4100514457305255,-1.2059579620041021e-09,43.18321883570457
11.874583055370246,4.334222101573543,3.4163013911464954,-1.2059579620041021e-09,43.18321883570457
11.90126751167445,4.327981155582799,3.4225423371372385,-1.2059579620041021e-09,43.18321883570457
11.927951967978652,4.3217491960600585,3.428774296659978,-1.2059579620041021e-09,43.18321883570457
11.954636424282855,4.315526210067194,3.434997282652845,-1.2059579620041021e-09,43.18321883570457
11.981320880587058,4.309312184685165,3.4412113080348736,-1.2059579620041021e-09,43.18321883570457
12.00800533689126,4.303107107014032,3.447416385706006,-1.2059579620041021e-09,43.18321883570457
12.034689793195463,4.296910964172949,3.4536125285470893,-1.2059579620041021e-09,43.18321883570457
12.061374249499666,4.290723743300162,3.4597997494198767,-1.2059579620041021e-09,43.18321883570457
12.088058705803869,4.28454543155301,3.465978061167028,-1.2059579620041021e-09,43.18321883570457
12.114743162108072,4.278376016107929,3.4721474766121085,-1.2059579620041021e-09,43.18321883570457
12.141427618412274,4.272215484160448,3.47830800855959,-1.2059579620041021e-09,43.18321883570457
12.168112074716477,4.266063822925189,3.4844596697948487,-1.2059579620041021e-09,43.18321883570457
12.19479653102068,4.259921019635869,3.4906024730841687,-1.2059579620041021e-09,43.18321883570457
12.221480987324883,4.2537870615452995,3.4967364311747393,-1.2059579620041021e-09,43.18321883570457
12.248165443629086,4.247661935909745,3.5028615568102945,-1.2059579620041021e-09,43.18321883570457
12.274849899933288,4.2415456299864145,3.5089778627336243,-1.2059579620041021e-09,43.18321883570457
12.301534356237491,4.235438131075421,3.515085361644617,-1.2059579620041021e-09,43.18321883570457
12.328218812541694,4.229339426495733,3.5211840662243055,-1.2059579620041021e-09,43.18321883570457
12.354903268845897,4.223249503584526,3.527273989135513,-1.2059579620041021e-09,43.18321883570457
12.3815877251501,4.217168349697129,3.533355143022909,-1.2059579620041021e-09,43.18321883570457
12.408272181454302,4.211095952206978,3.5394275405130604,-1.2059579620041021e-09,43.18321883570457
12.434956637758505,4.205032298505549,3.545491194214489,-1.2059579620041021e-09,43.18321883570457
12.461641094062708,4.198977376002314,3.5515461167177236,-1.2059579620041021e-09,43.18321883570457
12.48832555036691,4.192931172124683,3.5575923205953557,-1.2059579620041021e-09,43.18321883570457
12.515010006671114,4.186893674317947,3.563629818402092,-1.2059579620041021e-09,43.18321883570457
12.541694462975316,4.180864870045224,3.569658622674814,-1.2059579620041021e-09,43.18321883570457
12.56837891927952,4.174844746787413,3.5756787459326254,-1.2059579620041021e-09,43.18321883570457
12.595063375583722,4.168833292043128,3.581690200676912,-1.2059579620041021e-09,43.18321883570457
12.621747831887925,4.162830493328648,3.587692999391391,-1.2059579620041021e-09,43.18321883570457
12.648432288192128,4.156836338177866,3.5936871545421725,-1.2059579620041021e-09,43.18321883570457
12.67511674449633,4.150850814142231,3.5996726785778064,-1.2059579620041021e-09,43.18321883570457
12.701801200800533,4.1448739087906965,3.6056495839293423,-1.2059579620041021e-09,43.18321883570457
12.728485657104736,4.138905609709763,3.611617883010276,-1.2059579620041021e-09,43.18321883570457
12.755170113408939,4.132945904517557,3.6175775882024817,-1.2059579620041021e-09,43.18321883570457
12.781854569713142,4.126994780848671,3.623528711871368,-1.2059579620041021e-09,43.18321883570457
12.808539026017344,4.121052226346611,3.629471266373428,-1.2059579620041021e-09,43.18321883570457
12.835223482321547,4.115118228672535,3.635405264047503,-1.2059579620041021e-09,43.18321883570457
12.86190793862575,4.109192775505208,3.6413307172148315,-1.2059579620041021e-09,43.18321883570457
12.888592394929953,4.103275854540959,3.6472476381790804,-1.2059579620041021e-09,43.18321883570457
12.915276851234156,4.097367453493646,3.6531560392263933,-1.2059579620041021e-09,43.18321883570457
12.941961307538358,4.091467560094613,3.6590559326254253,-1.2059579620041021e-09,43.18321883570457
12.968645763842561,4.08557616209265,3.6649473306273883,-1.2059579620041021e-09,43.18321883570457
12.995330220146764,4.079693247253949,3.6708302454660897,-1.2059579620041021e-09,43.18321883570457
13.022014676450967,4.0738188033620695,3.6767046893579702,-1.2059579620041021e-09,43.18321883570457
13.04869913275517,4.06795281821789,3.6825706745021485,-1.2059579620041021e-09,43.18321883570457
13.075383589059372,4.0620952796395775,3.6884282130804613,-1.2059579620041021e-09,43.18321883570457
13.102068045363575,4.056246175462539,3.6942773172575003,-1.2059579620041021e-09,43.18321883570457
13.128752501667778,4.050405493539381,3.7001179991806574,-1.2059579620041021e-09,43.18321883570457
13.15543695797198,4.044573221739876,3.7059502709801633,-1.2059579620041021e-09,43.18321883570457
13.182121414276184,4.038749347950914,3.7117741447691253,-1.2059579620041021e-09,43.18321883570457
13.208805870580386,4.032933860076465,3.7175896326435733,-1.2059579620041021e-09,43.18321883570457
13.23549032688459,4.0271267460390145,3.723396746681024,-1.2059579620041021e-09,43.18321883570457
13.262174783188792,4.021327993794763,3.729195498925275,-1.2059579620041021e-09,43.18321883570457
13.288859239492995,4.015537591307857,3.734985901412182,-1.2059579620041021e-09,43.18321883570457
13.315543695797198,4.009755526555318,3.740767966164721,-1.2059579620041021e-09,43.18321883570457
13.3422281521014,4.003981787531465,3.7465417051885748,-1.2059579620041021e-09,43.18321883570457
13.368912608405603,3.9982163622478795,3.7523071304721594,-1.2059579620041021e-09,43.18321883570457
13.395597064709806,3.992459238733387,3.758064253986652,-1.2059579620041021e-09,43.18321883570457
13.422281521014009,3.9867104050340223,3.7638130876860165,-1.2059579620041021e-09,43.18321883570457
13.448965977318212,3.98096984921301,3.7695536435070287,-1.2059579620041021e-09,43.18321883570457
13.475650433622414,3.975237559350732,3.775285933369307,-1.2059579620041021e-09,43.18321883570457
13.502334889926617,3.9695135235447,3.7810099691753387,-1.2059579620041021e-09,43.18321883570457
13.52901934623082,3.963797729909536,3.786725762810503,-1.2059579620041021e-09,43.18321883570457
13.555703802535023,3.958090166576936,3.7924333261431027,-1.2059579620041021e-09,43.18321883570457
13.582388258839226,3.9523908216956505,3.7981326710243883,-1.2059579620041021e-09,43.18321883570457
13.609072715143428,3.946699683431452,3.8038238092885868,-1.2059579620041021e-09,43.18321883570457
13.635757171447631,3.941016739967113,3.8095067527529256,-1.2059579620041021e-09,43.18321883570457
13.662441627751834,3.9353419795023767,3.815181513217662,-1.2059579620041021e-09,43.18321883570457
13.689126084056037,3.9296753902539283,3.8208481024661105,-1.2059579620041021e-09,43.18321883570457
13.71581054036024,3.9240169604553716,3.826506532264667,-1.2059579620041021e-09,43.18321883570457
13.742494996664442,3.918366678357807,3.8321568143622318,-1.2059579620041021e-09,43.18321883570457
13.769179452968645,3.9127245322311834,3.8377989604888554,-1.2059579620041021e-09,43.18321883570457
13.795863909272848,3.907090510360559,3.84343298235948,-1.2059579620041021e-09,43.18321883570457
13.82254836557705,3.901464601047642,3.8490588916723967,-1.2059579620041021e-09,43.18321883570457
13.849232821881253,3.895846792610982,3.854676700109057,-1.2059579620041021e-09,43.18321883570457
13.875917278185456,3.890237073385941,3.860286419334098,-1.2059579620041021e-09,43.18321883570457
13.902601734489659,3.88463543172467,3.8658880609953687,-1.2059579620041021e-09,43.18321883570457
13.929286190793862,3.879041855996086,3.871481636723953,-1.2059579620041021e-09,43.18321883570457
13.955970647098065,3.8734563345858413,3.8770671581341976,-1.2059579620041021e-09,43.18321883570457
13.982655103402267,3.867878855896304,3.8826446368237346,-1.2059579620041021e-09,43.18321883570457
14.00933955970647,3.8623094083465315,3.8882140843735074,-1.2059579620041021e-09,43.18321883570457
14.036024016010673,3.8567479803722433,3.8937755123477955,-1.2059579620041021e-09,43.18321883570457
14.062708472314876,3.851194560425799,3.8993289322942397,-1.2059579620041021e-09,43.18321883570457
14.089392928619079,3.845649136976171,3.9048743557438677,-1.2059579620041021e-09,43.18321883570457
14.116077384923281,3.8401116985089194,3.9104117942111194,-1.2059579620041021e-09,43.18321883570457
14.142761841227484,3.8345822335261697,3.915941259193869,-1.2059579620041021e-09,43.18321883570457
14.169446297531687,3.8290607305465834,3.9214627621734555,-1.2059579620041021e-09,43.18321883570457
14.19613075383589,3.8235471781053367,3.926976314614702,-1.2059579620041021e-09,43.18321883570457
14.222815210140093,3.818041564754093,3.932481927965946,-1.2059579620041021e-09,43.18321883570457
14.249499666444295,3.8125438790614568,3.9379796136585816,-1.2059579620041021e-09,43.18321883570457
14.276184122748498,3.8070541096128725,3.943469383107166,-1.2059579620041021e-09,43.18321883570457
14.302868579052701,3.801572245009581,3.9489512477104576,-1.2059579620041021e-09,43.18321883570457
14.329553035356904,3.796098273869222,3.954425218850816,-1.2059579620041021e-09,43.18321883570457
14.356237491661107,3.790632184825824,3.9598913078942144,-1.2059579620041021e-09,43.18321883570457
14.38292194796531,3.7851739665297717,3.9653495261902667,-1.2059579620041021e-09,43.18321883570457
14.409606404269512,3.779723607647787,3.9707998850722515,-1.2059579620041021e-09,43.18321883570457
14.436290860573715,3.7742810968629055,3.976242395857133,-1.2059579620041021e-09,43.18321883570457
14.462975316877918,3.768846422874446,3.9816770698455923,-1.2059579620041021e-09,43.18321883570457
14.48965977318212,3.763419574397995,3.9871039183220436,-1.2059579620041021e-09,43.18321883570457
14.516344229486323,3.7580005401653733,3.992522952554665,-1.2059579620041021e-09,43.18321883570457
14.543028685790526,3.752589308924617,3.9979341837954214,-1.2059579620041021e-09,43.18321883570457
14.569713142094729,3.747185869439953,4.0033376232800855,-1.2059579620041021e-09,43.18321883570457
14.596397598398932,3.7417902104917746,4.008733282228264,-1.2059579620041021e-09,43.18321883570457
14.623082054703135,3.736402320876612,4.014121171843426,-1.2059579620041021e-09,43.18321883570457
14.649766511007337,3.7310221894071165,4.019501303312921,-1.2059579620041021e-09,43.18321883570457
14.67645096731154,3.7256498049120297,4.024873687808008,-1.2059579620041021e-09,43.18321883570457
14.703135423615743,3.7202851562361614,4.030238336483877,-1.2059579620041021e-09,43.18321883570457
14.729819879919946,3.7149282322403767,4.0355952604796625,-1.2059579620041021e-09,43.18321883570457
14.756504336224149,3.7095790218022624,4.0409444709177755,-1.2059579620041021e-09,43.18321883570457
14.783188792528351,3.704237513815275,4.0462859789047645,-1.2059579620041021e-09,43.18321883570457
14.809873248832554,3.6989036971884883,4.0516197955315505,-1.2059579620041021e-09,43.18321883570457
14.836557705136757,3.693577560846948,4.056945931873091,-1.2059579620041021e-09,43.18321883570457
14.86324216144096,3.688259093731636,4.062264398988402,-1.2059579620041021e-09,43.18321883570457
14.889926617745163,3.6829482847994557,4.0675752079205845,-1.2059579620041021e-09,43.18321883570457
14.916611074049365,3.677645123023204,4.072878369696834,-1.2059579620041021e-09,43.18321883570457
14.943295530353568,3.672349597391551,4.078173895328487,-1.2059579620041021e-09,43.18321883570457
14.969979986657771,3.6670616969090095,4.083461795811029,-1.2059579620041021e-09,43.18321883570457
14.996664442961974,3.6617814105959194,4.08874208212412,-1.2059579620041021e-09,43.18321883570457
15.023348899266177,3.6565087274884194,4.09401476523162,-1.2059579620041021e-09,43.18321883570457
15.05003335557038,3.6512436366384224,4.0992798560816155,-1.2059579620041021e-09,43.18321883570457
15.076717811874582,3.645986127113597,4.104537365606442,-1.2059579620041021e-09,43.18321883570457
15.103402268178785,3.640736187997337,4.109787304722702,-1.2059579620041021e-09,43.18321883570457
15.130086724482988,3.635493808388743,4.1150296843312955,-1.2059579620041021e-09,43.18321883570457
15.15677118078719,3.630258977402596,4.120264515317442,-1.2059579620041021e-09,43.18321883570457
15.183455637091393,3.625031684169335,4.125491808550705,-1.2059579620041021e-09,43.18321883570457
15.210140093395596,3.6198119178350323,4.130711574885008,-1.2059579620041021e-09,43.18321883570457
15.236824549699799,3.614599667561457,4.135923825158581,-1.2059579620041021e-09,43.18321883570457
15.263509006004002,3.6093949225267346,4.1411285701933025,-1.2059579620041021e-09,43.18321883570457
15.290193462308205,3.604197671924088,4.14632582079595,-1.2059579620041021e-09,43.18321883570457
15.316877918612407,3.5990079049621233,4.151515587757915,-1.2059579620041021e-09,43.18321883570457
15.34356237491661,3.593825610864983,4.156697881855055,-1.2059579620041021e-09,43.18321883570457
15.370246831220813,3.588650778872318,4.161872713847721,-1.2059579620041021e-09,43.18321883570457
15.396931287525016,3.5834833982392698,4.167040094480769,-1.2059579620041021e-09,43.18321883570457
15.423615743829219,3.5783234582364414,4.172200034483596,-1.2059579620041021e-09,43.18321883570457
15.450300200133421,3.5731709481498832,4.177352544570156,-1.2059579620041021e-09,43.18321883570457
15.476984656437624,3.56802585728106,4.1824976354389785,-1.2059579620041021e-09,43.18321883570457
15.503669112741827,3.5628881749468335,4.187635317773204,-1.2059579620041021e-09,43.18321883570457
15.53035356904603,3.5577578904794387,4.1927656022406,-1.2059579620041021e-09,43.18321883570457
15.557038025350233,3.552634993226459,4.197888499493579,-1.2059579620041021e-09,43.18321883570457
15.583722481654435,3.5475194725508064,4.2030040201692325,-1.2059579620041021e-09,43.18321883570457
15.610406937958638,3.542411317830693,4.208112174889345,-1.2059579620041021e-09,43.18321883570457
15.637091394262841,3.5373105184596154,4.213212974260422,-1.2059579620041021e-09,43.18321883570457
15.663775850567044,3.5322170638463244,4.2183064288737135,-1.2059579620041021e-09,43.18321883570457
15.690460306871246,3.527130943414804,4.223392549305233,-1.2059579620041021e-09,43.18321883570457
15.71714476317545,3.522052146604254,4.228471346115785,-1.2059579620041021e-09,43.18321883570457
15.743829219479652,3.516980662869294,4.233542829850744,-1.2059579620041021e-09,43.18321883570457
15.770513675783855,3.511916481680336,4.238607011039702,-1.2059579620041021e-09,43.18321883570457
15.797198132088058,3.5068595925223414,4.243663900197697,-1.2059579620041021e-09,43.18321883570457
15.82388258839226,3.5018099848953588,4.24871350782468,-1.2059579620041021e-09,43.18321883570457
15.850567044696463,3.4967676483145502,4.253755844405488,-1.2059579620041021e-09,43.18321883570457
15.877251501000666,3.4917325723101698,4.258790920409869,-1.2059579620041021e-09,43.18321883570457
15.903935957304869,3.4867047464275407,4.263818746292498,-1.2059579620041021e-09,43.18321883570457
15.930620413609072,3.4816841602270343,4.268839332493004,-1.2059579620041021e-09,43.18321883570457
15.957304869913274,3.476670803284046,4.2738526894359925,-1.2059579620041021e-09,43.18321883570457
15.983989326217477,3.4716646651889733,4.2788588275310655,-1.2059579620041021e-09,43.18321883570457
16.010673782521682,3.466665735547194,4.283857757172843,-1.2059579620041021e-09,43.18321883570457
16.037358238825885,3.461674003979043,4.288849488740994,-1.2059579620041021e-09,43.18321883570457
16.064042695130087,3.4566894601197897,4.293834032600248,-1.2059579620041021e-09,43.18321883570457
16.09072715143429,3.451712093619616,4.298811399100422,-1.2059579620041021e-09,43.18321883570457
16.117411607738493,3.446741894143594,4.303781598576443,-1.2059579620041021e-09,43.18321883570457
16.144096064042696,3.441778851371662,4.308744641348376,-1.2059579620041021e-09,43.18321883570457
16.1707805203469,3.436822954998605,4.3137005377214335,-1.2059579620041021e-09,43.18321883570457
16.1974649766511,3.4318741947340285,4.31864929798601,-1.2059579620041021e-09,43.18321883570457
16.224149432955304,3.42693256030234,4.323590932417698,-1.2059579620041021e-09,43.18321883570457
16.250833889259507,3.4219980414431785,4.328525451276859,-1.2059579620041021e-09,43.18321883570457
16.27751834556371,3.417070627911198,4.33345286480884,-1.2059579620041021e-09,43.18321883570457
16.304202801867913,3.4121503094752907,4.338373183244748,-1.2059579620041021e-09,43.18321883570457
16.330887258172115,3.407237075919072,4.343286416800966,-1.2059579620041021e-09,43.18321883570457
16.357571714476318,3.4023309170408673,4.34819257567917,-1.2059579620041021e-09,43.18321883570457
16.38425617078052,3.397431822653684,4.3530916700663544,-1.2059579620041021e-09,43.18321883570457
16.410940627084724,3.392539782585191,4.357983710134848,-1.2059579620041021e-09,43.18321883570457
16.437625083388927,3.3876547866777,4.362868706042339,-1.2059579620041021e-09,43.18321883570457
16.46430953969313,3.382776824788139,4.3677466679319,-1.2059579620041021e-09,43.18321883570457
16.490993995997332,3.3779058867880356,4.372617605932002,-1.2059579620041021e-09,43.18321883570457
16.517678452301535,3.373041962563491,4.377481530156548,-1.2059579620041021e-09,43.18321883570457
16.544362908605738,3.368185042015158,4.38233845070488,-1.2059579620041021e-09,43.18321883570457
16.57104736490994,3.363335115058223,4.387188377661816,-1.2059579620041021e-09,43.18321883570457
16.597731821214143,3.3584921716223817,4.392031321097658,-1.2059579620041021e-09,43.18321883570457
16.624416277518346,3.3536562016518143,4.396867291068223,-1.2059579620041021e-09,43.18321883570457
16.65110073382255,3.3488271951051707,4.401696297614867,-1.2059579620041021e-09,43.18321883570457
16.67778519012675,3.3440051419555417,4.406518350764497,-1.2059579620041021e-09,43.18321883570457
16.704469646430955,3.3391900321904404,4.411333460529599,-1.2059579620041021e-09,43.18321883570457
16.731154102735157,3.334381855811799,4.416141636908241,-1.2059579620041021e-09,43.18321883570457
16.75783855903936,3.3295806028365917,4.420942889883446,-1.2059579620041021e-09,43.18321883570457
16.784523015343563,3.3247862632959624,4.425737229424077,-1.2059579620041021e-09,43.18321883570457
16.811207471647766,3.3199988272351066,4.43052466548493,-1.2059579620041021e-09,43.18321883570457
16.83789192795197,3.315218284713555,4.435305208006483,-1.2059579620041021e-09,43.18321883570457
16.86457638425617,3.3104446258051436,4.440078866914894,-1.2059579620041021e-09,43.18321883570457
16.891260840560374,3.305677840597998,4.444845652122041,-1.2059579620041021e-09,43.18321883570457
16.917945296864577,3.3009179191945086,4.449605573525529,-1.2059579620041021e-09,43.18321883570457
16.94462975316878,3.2961648517113113,4.454358641008726,-1.2059579620041021e-09,43.18321883570457
16.971314209472983,3.291418628279267,4.4591048644407705,-1.2059579620041021e-09,43.18321883570457
16.997998665777185,3.286679239043438,4.4638442536766005,-1.2059579620041021e-09,43.18321883570457
17.024683122081388,3.281946674163066,4.468576818556972,-1.2059579620041021e-09,43.18321883570457
17.05136757838559,3.2772209238115564,4.473302568908482,-1.2059579620041021e-09,43.18321883570457
17.078052034689794,3.272501978176449,4.478021514543591,-1.2059579620041021e-09,43.18321883570457
17.104736490993997,3.2677898274594033,4.482733665260635,-1.2059579620041021e-09,43.18321883570457
17.1314209472982,3.2630844618761747,4.487439030843863,-1.2059579620041021e-09,43.18321883570457
17.158105403602402,3.258385871656593,4.4921376210634465,-1.2059579620041021e-09,43.18321883570457
17.184789859906605,3.2536940470445397,4.496829445675498,-1.2059579620041021e-09,43.18321883570457
17.211474316210808,3.2490089782979314,4.501514514422106,-1.2059579620041021e-09,43.18321883570457
17.23815877251501,3.244330655688794,4.506192837031244,-1.2059579620041021e-09,43.18321883570457
17.264843228819213,3.2396590695038285,4.51086442321621,-1.2059579620041021e-09,43.18321883570457
17.291527685123416,3.2349942100432503,4.515529282676789,-1.2059579620041021e-09,43.18321883570457
17.31821214142762,3.2303360676211033,4.520187425098935,-1.2059579620041021e-09,43.18321883570457
17.34489659773182,3.2256846325653763,4.524838860154661,-1.2059579620041021e-09,43.18321883570457
17.371581054036024,3.2210398952179795,4.529483597502058,-1.2059579620041021e-09,43.18321883570457
17.398265510340227,3.2164018459347266,4.534121646785311,-1.2059579620041021e-09,43.18321883570457
17.42494996664443,3.2117704750853084,4.53875301763473,-1.2059579620041021e-09,43.18321883570457
17.451634422948633,3.2071457730532793,4.5433777196667595,-1.2059579620041021e-09,43.18321883570457
17.478318879252836,3.2025277302360307,4.547995762484008,-1.2059579620041021e-09,43.18321883570457
17.50500333555704,3.1979163370447745,4.552607155675265,-1.2059579620041021e-09,43.18321883570457
17.53168779186124,3.193311583904518,4.55721190881552,-1.2059579620041021e-09,43.18321883570457
17.558372248165444,3.188713461254048,4.561810031465988,-1.2059579620041021e-09,43.18321883570457
17.585056704469647,3.184121959545908,4.56640153317413,-1.2059579620041021e-09,43.18321883570457
17.61174116077385,3.179537069246375,4.570986423473664,-1.2059579620041021e-09,43.18321883570457
17.638425617078052,3.1749587808354427,4.575564711884597,-1.2059579620041021e-09,43.18321883570457
17.665110073382255,3.1703870848067974,4.5801364079132405,-1.2059579620041021e-09,43.18321883570457
17.691794529686458,3.165821971667802,4.584701521052235,-1.2059579620041021e-09,43.18321883570457
17.71847898599066,3.1612634319394703,4.589260060780569,-1.2059579620041021e-09,43.18321883570457
17.745163442294864,3.156711456156694,4.593812036563345,-1.2059579620041021e-09,43.18321883570457
17.771847898599066,3.15216603486849,4.598357457851549,-1.2059579620041021e-09,43.18321883570457
17.79853235490327,3.14762715863694,4.6028963340831,-1.2059579620041021e-09,43.18321883570457
17.825216811207472,3.1430948180376737,4.607428674682366,-1.2059579620041021e-09,43.18321883570457
17.851901267511675,3.1385690036598906,4.611954489060148,-1.2059579620041021e-09,43.18321883570457
17.878585723815878,3.1340497061063344,4.616473786613706,-1.2059579620041021e-09,43.18321883570457
17.90527018012008,3.129536915993274,4.620986576726765,-1.2059579620041021e-09,43.18321883570457
17.931954636424283,3.1250306239504853,4.625492868769553,-1.2059579620041021e-09,43.18321883570457
17.958639092728486,3.1205308206212305,4.62999267209881,-1.2059579620041021e-09,43.18321883570457
17.98532354903269,3.1160374966622353,4.634485996057805,-1.2059579620041021e-09,43.18321883570457
18.01200800533689,3.1115506427436705,4.638972849976369,-1.2059579620041021e-09,43.18321883570457
18.038692461641094,3.107070249549135,4.643453243170904,-1.2059579620041021e-09,43.18321883570457
18.065376917945297,3.1025963077756296,4.647927184944409,-1.2059579620041021e-09,43.18321883570457
18.0920613742495,3.09812880813354,4.652394684586499,-1.2059579620041021e-09,43.18321883570457
18.118745830553703,3.0936677413466183,4.656855751373421,-1.2059579620041021e-09,43.18321883570457
18.145430286857906,3.0892130981519594,4.66131039456808,-1.2059579620041021e-09,43.18321883570457
18.17211474316211,3.084764869299982,4.665758623420057,-1.2059579620041021e-09,43.18321883570457
18.19879919946631,3.0803230455544113,4.670200447165628,-1.2059579620041021e-09,43.18321883570457
18.225483655770514,3.075887617692253,4.674635875027786,-1.2059579620041021e-09,43.18321883570457
18.252168112074717,3.0714585765041442,4.6790649162158955,-1.2059579620041021e-09,43.18321883570457
18.27885256837892,3.067035912794098,4.683487579925941,-1.2059579620041021e-09,43.18321883570457
18.305537024683122,3.0626196173790374,4.687903875341001,-1.2059579620041021e-09,43.18321883570457
18.332221480987325,3.058209681089106,4.6923138116309335,-1.2059579620041021e-09,43.18321883570457
18.358905937291528,3.0538060947676504,4.696717397952389,-1.2059579620041021e-09,43.18321883570457
18.38559039359573,3.049408849271206,4.7011146434488325,-1.2059579620041021e-09,43.18321883570457
18.412274849899934,3.04501793546947,4.705505557250568,-1.2059579620041021e-09,43.18321883570457
18.438959306204136,3.0406333442452893,4.7098901484747495,-1.2059579620041021e-09,43.18321883570457
18.46564376250834,3.03625506649464,4.7142684262253995,-1.2059579620041021e-09,43.18321883570457
18.492328218812542,3.0318830931266065,4.71864039959343,-1.2059579620041021e-09,43.18321883570457
18.519012675116745,3.0275174150633664,4.723006077656672,-1.2059579620041021e-09,43.18321883570457
18.545697131420948,3.023158023240168,4.727365469479871,-1.2059579620041021e-09,43.18321883570457
18.57238158772515,3.018804908605316,4.731718584114724,-1.2059579620041021e-09,43.18321883570457
18.599066044029353,3.0144580621201493,4.73606543059989,-1.2059579620041021e-09,43.18321883570457
18.625750500333556,3.010117474759025,4.740406017961014,-1.2059579620041021e-09,43.18321883570457
18.65243495663776,3.0057831375093005,4.744740355210738,-1.2059579620041021e-09,43.18321883570457
18.67911941294196,3.0014550413713112,4.749068451348728,-1.2059579620041021e-09,43.18321883570457
18.705803869246164,2.9971331773583585,4.75339031536168,-1.2059579620041021e-09,43.18321883570457
18.732488325550367,2.9928175364966814,4.757705956223356,-1.2059579620041021e-09,43.18321883570457
18.75917278185457,2.988508109825316,4.762015382894723,-1.2059579620041021e-09,43.18321883570457
18.785857238158773,2.98420488839625,4.7663186043237875,-1.2059579620041021e-09,43.18321883570457
18.812541694462976,2.979907863274407,4.770615629445631,-1.2059579620041021e-09,43.18321883570457
18.83922615076718,2.975617025537576,4.774906467182461,-1.2059579620041021e-09,43.18321883570457
18.86591060707138,2.9713323662763966,4.779191126443642,-1.2059579620041021e-09,43.18321883570457
18.892595063375584,2.9670538765943375,4.783469616125702,-1.2059579620041021e-09,43.18321883570457
18.919279519679787,2.962781547607683,4.787741945112353,-1.2059579620041021e-09,43.18321883570457
18.94596397598399,2.9585153704455123,4.792008122274526,-1.2059579620041021e-09,43.18321883570457
18.972648432288192,2.9542553362496795,4.796268156470357,-1.2059579620041021e-09,43.18321883570457
18.999332888592395,2.950001436174802,4.800522056545237,-1.2059579620041021e-09,43.18321883570457
19.026017344896598,2.9457536613882342,4.804769831331804,-1.2059579620041021e-09,43.18321883570457
19.0527018012008,2.941512003070058,4.809011489649981,-1.2059579620041021e-09,43.18321883570457
19.079386257505003,2.937276452413058,4.8132470403069805,-1.2059579620041021e-09,43.18321883570457
19.106070713809206,2.933047000622709,4.8174764920973265,-1.2059579620041021e-09,43.18321883570457
19.13275517011341,2.9288236389171587,4.821699853802881,-1.2059579620041021e-09,43.18321883570457
19.159439626417612,2.924606358527202,4.825917134192835,-1.2059579620041021e-09,43.18321883570457
19.186124082721815,2.920395150696274,4.830128342023763,-1.2059579620041021e-09,43.18321883570457
19.212808539026017,2.9161900066804267,4.83433348603961,-1.2059579620041021e-09,43.18321883570457
19.23949299533022,2.911990917748256,4.838532574971783,-1.2059579620041021e-09,43.18321883570457
19.266177451634423,2.9077978751806355,4.842725617539404,-1.2059579620041021e-09,43.18321883570457
19.292861907938626,2.9036108702712142,4.846912622448824,-1.2059579620041021e-09,43.18321883570457
19.31954636424283,2.8994298943262273,4.851093598393811,-1.2059579620041021e-09,43.18321883570457
19.34623082054703,2.8952549386644293,4.855268554055609,-1.2059579620041021e-09,43.18321883570457
19.372915276851234,2.8910859946170753,4.859437498102963,-1.2059579620041021e-09,43.18321883570457
19.399599733155437,2.8869230535279042,4.863600439192135,-1.2059579620041021e-09,43.18321883570457
19.42628418945964,2.8827661067531207,4.867757385966917,-1.2059579620041021e-09,43.18321883570457
19.452968645763843,2.878615145661378,4.8719083470586595,-1.2059579620041021e-09,43.18321883570457
19.479653102068045,2.87447016163376,4.876053331086279,-1.2059579620041021e-09,43.18321883570457
19.50633755837225,2.8703311460637613,4.880192346656278,-1.2059579620041021e-09,43.18321883570457
19.53302201467645,2.8661980903572712,4.884325402362766,-1.2059579620041021e-09,43.18321883570457
19.559706470980654,2.86207098593256,4.88845250678748,-1.2059579620041021e-09,43.18321883570457
19.586390927284857,2.8579498242202535,4.892573668499785,-1.2059579620041021e-09,43.18321883570457
19.61307538358906,2.853834596663322,4.896688896056717,-1.2059579620041021e-09,43.18321883570457
19.639759839893262,2.8497252947170586,4.900798198002979,-1.2059579620041021e-09,43.18321883570457
19.666444296197465,2.8456219098490654,4.9049015828709726,-1.2059579620041021e-09,43.18321883570457
19.693128752501668,2.8415244335392322,4.908999059180807,-1.2059579620041021e-09,43.18321883570457
19.71981320880587,2.8374328572797225,4.913090635440315,-1.2059579620041021e-09,43.18321883570457
19.746497665110073,2.8333471725748987,4.917176320145141,-1.2059579620041021e-09,43.18321883570457
19.773182121414276,2.829267370941268,4.92125612177877,-1.2059579620041021e-09,43.18321883570457
19.79986657771848,2.825193443907657,4.9253300488123815,-1.2059579620041021e-09,43.18321883570457
19.826551034022682,2.8211253830150933,4.929398109704945,-1.2059579620041021e-09,43.18321883570457
19.853235490326885,2.817063179816786,4.933460312903252,-1.2059579620041021e-09,43.18321883570457
19.879919946631087,2.8130068258781056,4.9375166668419315,-1.2059579620041021e-09,43.18321883570457
19.90660440293529,2.80895631277657,4.941567179943468,-1.2059579620041021e-09,43.18321883570457
19.933288859239493,2.8049116321018235,4.945611860618213,-1.2059579620041021e-09,43.18321883570457
19.959973315543696,2.8008727754556224,4.949650717264415,-1.2059579620041021e-09,43.18321883570457
19.9866577718479,2.796839734451813,4.953683758268225,-1.2059579620041021e-09,43.18321883570457
20.0133422281521,2.7928125007163196,4.957710992003718,-1.2059579620041021e-09,43.18321883570457
20.040026684456304,2.7887910658871258,4.961732426832912,-1.2059579620041021e-09,43.18321883570457
20.066711140760507,2.784775421614254,4.965748071105784,-1.2059579620041021e-09,43.18321883570457
20.09339559706471,2.780765559559751,4.969757933160287,-1.2059579620041021e-09,43.18321883570457
20.120080053368913,2.77676147139767,4.9737620213223686,-1.2059579620041021e-09,43.18321883570457
20.146764509673115,2.7727631488140534,4.9777603439059845,-1.2059579620041021e-09,43.18321883570457
20.173448965977318,2.768770583506916,4.981752909213122,-1.2059579620041021e-09,43.18321883570457
20.20013342228152,2.7647837671862265,4.9857397255338105,-1.2059579620041021e-09,43.18321883570457
20.226817878585724,2.7608026915738915,4.989720801146146,-1.2059579620041021e-09,43.18321883570457
20.253502334889927,2.756827348403725,4.9936961443163135,-1.2059579620041021e-09,43.18321883570457
20.28018679119413,2.7528577294214407,4.997665763298598,-1.2059579620041021e-09,43.18321883570457
20.306871247498332,2.748893826384648,5.00162966633539,-1.2059579620041021e-09,43.18321883570457
20.333555703802535,2.744935631062826,5.0055878616572125,-1.2059579620041021e-09,43.18321883570457
20.360240160106738,2.7409831352373053,5.009540357482733,-1.2059579620041021e-09,43.18321883570457
20.38692461641094,2.7370363307012497,5.013487162018789,-1.2059579620041021e-09,43.18321883570457
20.413609072715143,2.733095209259641,5.017428283460397,-1.2059579620041021e-09,43.18321883570457
20.440293529019346,2.7291597627292616,5.021363729990776,-1.2059579620041021e-09,43.18321883570457
20.46697798532355,2.7252299829386764,5.0252935097813625,-1.2059579620041021e-09,43.18321883570457
20.49366244162775,2.721305861728217,5.029217630991821,-1.2059579620041021e-09,43.18321883570457
20.520346897931955,2.717387390949965,5.033136101770073,-1.2059579620041021e-09,43.18321883570457
20.547031354236157,2.713474562467734,5.037048930252303,-1.2059579620041021e-09,43.18321883570457
20.57371581054036,2.709567368157054,5.040956124562985,-1.2059579620041021e-09,43.18321883570457
20.600400266844563,2.7056657999051534,5.044857692814886,-1.2059579620041021e-09,43.18321883570457
20.627084723148766,2.70176984961094,5.048753643109098,-1.2059579620041021e-09,43.18321883570457
20.65376917945297,2.6978795091849923,5.052643983535044,-1.2059579620041021e-09,43.18321883570457
20.68045363575717,2.6939947705495344,5.056528722170503,-1.2059579620041021e-09,43.18321883570457
20.707138092061374,2.6901156256384207,5.060407867081617,-1.2059579620041021e-09,43.18321883570457
20.733822548365577,2.6862420663971216,5.064281426322916,-1.2059579620041021e-09,43.18321883570457
20.76050700466978,2.6823740847826945,5.068149407937344,-1.2059579620041021e-09,43.18321883570457
20.787191460973983,2.67851167276378,5.072011819956259,-1.2059579620041021e-09,43.18321883570457
20.813875917278185,2.6746548223205897,5.075868670399448,-1.2059579620041021e-09,43.18321883570457
20.840560373582388,2.6708035254448843,5.079719967275154,-1.2059579620041021e-09,43.18321883570457
20.86724482988659,2.666957774139954,5.083565718580084,-1.2059579620041021e-09,43.18321883570457
20.893929286190794,2.6631175604206034,5.087405932299435,-1.2059579620041021e-09,43.18321883570457
20.920613742494997,2.659282876313136,5.091240616406902,-1.2059579620041021e-09,43.18321883570457
20.9472981987992,2.655453713855337,5.0950697788647,-1.2059579620041021e-09,43.18321883570457
20.973982655103402,2.6516300650964575,5.098893427623581,-1.2059579620041021e-09,43.18321883570457
21.000667111407605,2.6478119220971954,5.102711570622843,-1.2059579620041021e-09,43.18321883570457
21.027351567711808,2.6439992769296814,5.106524215790357,-1.2059579620041021e-09,43.18321883570457
21.05403602401601,2.6401921216774635,5.110331371042575,-1.2059579620041021e-09,43.18321883570457
21.080720480320213,2.636390448435486,5.114133044284552,-1.2059579620041021e-09,43.18321883570457
21.107404936624416,2.632594249310079,5.11792924340996,-1.2059579620041021e-09,43.18321883570457
21.13408939292862,2.628803516418937,5.121719976301099,-1.2059579620041021e-09,43.18321883570457
21.16077384923282,2.625018241891107,5.125505250828931,-1.2059579620041021e-09,43.18321883570457
21.187458305537024,2.621238417866968,5.129285074853071,-1.2059579620041021e-09,43.18321883570457
21.214142761841227,2.6174640364982156,5.133059456221822,-1.2059579620041021e-09,43.18321883570457
21.24082721814543,2.6136950899478477,5.13682840277219,-1.2059579620041021e-09,43.18321883570457
21.267511674449633,2.6099315703901333,5.140591922329904,-1.2059579620041021e-09,43.18321883570457
21.294196130753836,2.606173470010619,5.144350022709419,-1.2059579620041021e-09,43.18321883570457
21.32088058705804,2.6024207810061046,5.148102711713932,-1.2059579620041021e-09,43.18321883570457
21.34756504336224,2.5986734955846287,5.151849997135408,-1.2059579620041021e-09,43.18321883570457
21.374249499666444,2.594931605965446,5.155591886754591,-1.2059579620041021e-09,43.18321883570457
21.400933955970647,2.5911951043790187,5.159328388341018,-1.2059579620041021e-09,43.18321883570457
21.42761841227485,2.587463983066994,5.163059509653045,-1.2059579620041021e-09,43.18321883570457
21.454302868579052,2.5837382342821913,5.166785258437847,-1.2059579620041021e-09,43.18321883570457
21.480987324883255,2.580017850288586,5.170505642431452,-1.2059579620041021e-09,43.18321883570457
21.507671781187458,2.576302823361292,5.174220669358746,-1.2059579620041021e-09,43.18321883570457
21.53435623749166,2.572593145786548,5.177930346933491,-1.2059579620041021e-09,43.18321883570457
21.561040693795864,2.568888809861699,5.181634682858339,-1.2059579620041021e-09,43.18321883570457
21.587725150100066,2.5651898078951816,5.1853336848248555,-1.2059579620041021e-09,43.18321883570457
21.61440960640427,2.561496132206509,5.189027360513529,-1.2059579620041021e-09,43.18321883570457
21.641094062708472,2.557807775126252,5.192715717593785,-1.2059579620041021e-09,43.18321883570457
21.667778519012675,2.5541247289960265,5.196398763724011,-1.2059579620041021e-09,43.18321883570457
21.694462975316878,2.5504469861684766,5.200076506551562,-1.2059579620041021e-09,43.18321883570457
21.72114743162108,2.5467745390072567,5.203748953712782,-1.2059579620041021e-09,43.18321883570457
21.747831887925283,2.5431073798870125,5.207416112833026,-1.2059579620041021e-09,43.18321883570457
21.774516344229486,2.539445501193363,5.2110779915266745,-1.2059579620041021e-09,43.18321883570457
21.80120080053369,2.535788895322901,5.214734597397138,-1.2059579620041021e-09,43.18321883570457
21.82788525683789,2.5321375546831657,5.218385938036871,-1.2059579620041021e-09,43.18321883570457
21.854569713142094,2.5284914716926314,5.222032021027406,-1.2059579620041021e-09,43.18321883570457
21.881254169446297,2.524850638780688,5.22567285393935,-1.2059579620041021e-09,43.18321883570457
21.9079386257505,2.521215048387627,5.229308444332411,-1.2059579620041021e-09,43.18321883570457
21.934623082054703,2.5175846929646255,5.232938799755414,-1.2059579620041021e-09,43.18321883570457
21.961307538358906,2.5139595649737285,5.236563927746311,-1.2059579620041021e-09,43.18321883570457
21.98799199466311,2.5103396568878384,5.240183835832199,-1.2059579620041021e-09,43.18321883570457
22.01467645096731,2.506724961190694,5.243798531529343,-1.2059579620041021e-09,43.18321883570457
22.041360907271514,2.5031154703768586,5.24740802234318,-1.2059579620041021e-09,43.18321883570457
22.068045363575717,2.4995111769517013,5.251012315768336,-1.2059579620041021e-09,43.18321883570457
22.09472981987992,2.495912073431385,5.254611419288653,-1.2059579620041021e-09,43.18321883570457
22.121414276184122,2.4923181523428473,5.258205340377192,-1.2059579620041021e-09,43.18321883570457
22.148098732488325,2.488729406223787,5.261794086496251,-1.2059579620041021e-09,43.18321883570457
22.174783188792528,2.485145827622649,5.265377665097389,-1.2059579620041021e-09,43.18321883570457
22.20146764509673,2.4815674090986084,5.26895608362143,-1.2059579620041021e-09,43.18321883570457
22.228152101400934,2.477994143221554,5.272529349498484,-1.2059579620041021e-09,43.18321883570457
22.254836557705136,2.4744260225720636,5.276097470147974,-1.2059579620041021e-09,43.18321883570457
22.28152101400934,2.470863039741401,5.2796604529786375,-1.2059579620041021e-09,43.18321883570457
22.308205470313542,2.4673051873315015,5.283218305388536,-1.2059579620041021e-09,43.18321883570457
22.334889926617745,2.463752457954955,5.286771034765082,-1.2059579620041021e-09,43.18321883570457
22.361574382921948,2.4602048442349878,5.290318648485051,-1.2059579620041021e-09,43.18321883570457
22.38825883922615,2.4566623388054483,5.29386115391459,-1.2059579620041021e-09,43.18321883570457
22.414943295530353,2.4531249343107917,5.297398558409246,-1.2059579620041021e-09,43.18321883570457
22.441627751834556,2.4495926234060654,5.300930869313972,-1.2059579620041021e-09,43.18321883570457
22.46831220813876,2.4460653987568923,5.304458093963145,-1.2059579620041021e-09,43.18321883570457
22.49499666444296,2.442543253039457,5.307980239680579,-1.2059579620041021e-09,43.18321883570457
22.521681120747164,2.43902617894049,5.311497313779547,-1.2059579620041021e-09,43.18321883570457
22.548365577051367,2.4355141691572517,5.315009323562786,-1.2059579620041021e-09,43.18321883570457
22.57505003335557,2.432007216397518,5.318516276322519,-1.2059579620041021e-09,43.18321883570457
22.601734489659773,2.4285053133795667,5.322018179340471,-1.2059579620041021e-09,43.18321883570457
22.628418945963976,2.42500845283216,5.325515039887879,-1.2059579620041021e-09,43.18321883570457
22.65510340226818,2.4215166274945297,5.32900686522551,-1.2059579620041021e-09,43.18321883570457
22.68178785857238,2.4180298301163643,5.3324936626036745,-1.2059579620041021e-09,43.18321883570457
22.708472314876584,2.414548053457792,5.3359754392622465,-1.2059579620041021e-09,43.18321883570457
22.735156771180787,2.4110712902893647,5.339452202430674,-1.2059579620041021e-09,43.18321883570457
22.76184122748499,2.407599533392033,5.342923959328005,-1.2059579620041021e-09,43.18321883570457
22.788525683789192,2.4041327755571507,5.346390717162887,-1.2059579620041021e-09,43.18321883570457
22.815210140093395,2.4006710095864503,5.349852483133587,-1.2059579620041021e-09,43.18321883570457
22.841894596397598,2.397214228292034,5.3533092644280025,-1.2059579620041021e-09,43.18321883570457
22.8685790527018,2.393762424496352,5.356761068223686,-1.2059579620041021e-09,43.18321883570457
22.895263509006003,2.3903155910321874,5.360207901687851,-1.2059579620041021e-09,43.18321883570457
22.921947965310206,2.3868737207426474,5.36364977197739,-1.2059579620041021e-09,43.18321883570457
22.94863242161441,2.383436806481143,5.3670866862388955,-1.2059579620041021e-09,43.18321883570457
22.975316877918612,2.380004841111375,5.370518651608662,-1.2059579620041021e-09,43.18321883570457
23.002001334222815,2.3765778175073224,5.373945675212717,-1.2059579620041021e-09,43.18321883570457
23.028685790527017,2.3731557285532228,5.377367764166815,-1.2059579620041021e-09,43.18321883570457
23.05537024683122,2.369738567143562,5.380784925576477,-1.2059579620041021e-09,43.18321883570457
23.082054703135423,2.366326326183056,5.384197166536982,-1.2059579620041021e-09,43.18321883570457
23.108739159439626,2.362918998586639,5.3876044941334005,-1.2059579620041021e-09,43.18321883570457
23.13542361574383,2.3595165772794453,5.391006915440593,-1.2059579620041021e-09,43.18321883570457
23.16210807204803,2.3561190551967996,5.394404437523239,-1.2059579620041021e-09,43.18321883570457
23.188792528352234,2.3527264252841977,5.39779706743584,-1.2059579620041021e-09,43.18321883570457
23.215476984656437,2.3493386804972936,5.401184812222745,-1.2059579620041021e-09,43.18321883570457
23.24216144096064,2.345955813801882,5.404567678918155,-1.2059579620041021e-09,43.18321883570457
23.268845897264843,2.3425778181738792,5.407945674546159,-1.2059579620041021e-09,43.18321883570457
23.295530353569045,2.3392046865993192,5.411318806120718,-1.2059579620041021e-09,43.18321883570457
23.32221480987325,2.335836412074342,5.414687080645695,-1.2059579620041021e-09,43.18321883570457
23.34889926617745,2.3324729876051693,5.41805050511487,-1.2059579620041021e-09,43.18321883570457
23.375583722481654,2.329114406208094,5.421409086511945,-1.2059579620041021e-09,43.18321883570457
23.402268178785857,2.325760660909466,5.424762831810572,-1.2059579620041021e-09,43.18321883570457
23.42895263509006,2.3224117447456756,5.428111747974362,-1.2059579620041021e-09,43.18321883570457
23.455637091394262,2.3190676507631416,5.431455841956897,-1.2059579620041021e-09,43.18321883570457
23.482321547698465,2.315728372018295,5.434795120701744,-1.2059579620041021e-09,43.18321883570457
23.509006004002668,2.312393901577564,5.4381295911424745,-1.2059579620041021e-09,43.18321883570457
23.53569046030687,2.3090642325173616,5.441459260202676,-1.2059579620041021e-09,43.18321883570457
23.562374916611073,2.3057393579240717,5.444784134795967,-1.2059579620041021e-09,43.18321883570457
23.589059372915276,2.3024192708940316,5.448104221826006,-1.2059579620041021e-09,43.18321883570457
23.61574382921948,2.2991039645335203,5.451419528186517,-1.2059579620041021e-09,43.18321883570457
23.642428285523682,2.295793431958744,5.454730060761293,-1.2059579620041021e-09,43.18321883570457
23.669112741827885,2.2924876662958207,5.458035826424217,-1.2059579620041021e-09,43.18321883570457
23.695797198132087,2.289186660680766,5.461336832039272,-1.2059579620041021e-09,43.18321883570457
23.72248165443629,2.28589040825948,5.464633084460557,-1.2059579620041021e-09,43.18321883570457
23.749166110740493,2.2825989021877278,5.46792459053231,-1.2059579620041021e-09,43.18321883570457
23.775850567044696,2.279312135631123,5.471211357088916,-1.2059579620041021e-09,43.18321883570457
23.8025350233489,2.276030101765127,5.47449339095491,-1.2059579620041021e-09,43.18321883570457
23.8292194796531,2.2727527937750334,5.477770698945005,-1.2059579620041021e-09,43.18321883570457
23.855903935957304,2.269480204855941,5.481043287864097,-1.2059579620041021e-09,43.18321883570457
23.882588392261507,2.266212328212753,5.484311164507285,-1.2059579620041021e-09,43.18321883570457
23.90927284856571,2.262949157060155,5.4875743356598825,-1.2059579620041021e-09,43.18321883570457
23.935957304869913,2.259690684622604,5.490832808097435,-1.2059579620041021e-09,43.18321883570457
23.962641761174115,2.25643690413431,5.494086588585727,-1.2059579620041021e-09,43.18321883570457
23.989326217478318,2.25318780883923,5.497335683880807,-1.2059579620041021e-09,43.18321883570457
24.01601067378252,2.2499433919910476,5.50058010072899,-1.2059579620041021e-09,43.18321883570457
24.042695130086724,2.246703646853159,5.503819845866879,-1.2059579620041021e-09,43.18321883570457
24.069379586390927,2.2434685666986627,5.507054926021375,-1.2059579620041021e-09,43.18321883570457
24.09606404269513,2.2402381448103434,5.510285347909695,-1.2059579620041021e-09,43.18321883570457
24.122748498999332,2.2370123744806567,5.51351111823938,-1.2059579620041021e-09,43.18321883570457
24.149432955303535,2.2337912490117198,5.516732243708319,-1.2059579620041021e-09,43.18321883570457
24.176117411607738,2.230574761715291,5.519948731004747,-1.2059579620041021e-09,43.18321883570457
24.20280186791194,2.227362905912763,5.5231605868072755,-1.2059579620041021e-09,43.18321883570457
24.229486324216143,2.2241556749351425,5.526367817784895,-1.2059579620041021e-09,43.18321883570457
24.256170780520346,2.220953062123032,5.529570430597006,-1.2059579620041021e-09,43.18321883570457
24.28285523682455,2.2177550608266237,5.532768431893414,-1.2059579620041021e-09,43.18321883570457
24.30953969312875,2.214561664405689,5.535961828314349,-1.2059579620041021e-09,43.18321883570457
24.336224149432955,2.2113728662295626,5.539150626490475,-1.2059579620041021e-09,43.18321883570457
24.362908605737157,2.208188659677127,5.5423348330429105,-1.2059579620041021e-09,43.18321883570457
24.38959306204136,2.205009038136797,5.54551445458324,-1.2059579620041021e-09,43.18321883570457
24.416277518345563,2.201833995006508,5.5486894977135295,-1.2059579620041021e-09,43.18321883570457
24.442961974649766,2.1986635236937033,5.551859969026334,-1.2059579620041021e-09,43.18321883570457
24.46964643095397,2.195497617615318,5.55502587510472,-1.2059579620041021e-09,43.18321883570457
24.49633088725817,2.192336270197766,5.55818722252227,-1.2059579620041021e-09,43.18321883570457
24.523015343562374,2.189179474876928,5.561344017843109,-1.2059579620041021e-09,43.18321883570457
24.549699799866577,2.1860272250981354,5.564496267621901,-1.2059579620041021e-09,43.18321883570457
24.57638425617078,2.1828795143161606,5.567643978403878,-1.2059579620041021e-09,43.18321883570457
24.603068712474983,2.1797363359951967,5.570787156724841,-1.2059579620041021e-09,43.18321883570457
24.629753168779185,2.1765976836088514,5.573925809111186,-1.2059579620041021e-09,43.18321883570457
24.656437625083388,2.1734635506401285,5.5770599420799085,-1.2059579620041021e-09,43.18321883570457
24.68312208138759,2.170333930581418,5.58018956213862,-1.2059579620041021e-09,43.18321883570457
24.709806537691794,2.1672088169344774,5.5833146757855605,-1.2059579620041021e-09,43.18321883570457
24.736490993995996,2.164088203210423,5.586435289509614,-1.2059579620041021e-09,43.18321883570457
24.7631754503002,2.1609720829297054,5.5895514097903325,-1.2059579620041021e-09,43.18321883570457
24.789859906604402,2.157860449622107,5.592663043097931,-1.2059579620041021e-09,43.18321883570457
24.816544362908605,2.154753296826733,5.595770195893302,-1.2059579620041021e-09,43.18321883570457
24.843228819212808,2.1516506180919923,5.598872874628044,-1.2059579620041021e-09,43.18321883570457
24.86991327551701,2.1485524069755813,5.601971085744456,-1.2059579620041021e-09,43.18321883570457
24.896597731821213,2.145458657044473,5.605064835675562,-1.2059579620041021e-09,43.18321883570457
24.923282188125416,2.1423693618749056,5.608154130845132,-1.2059579620041021e-09,43.18321883570457
24.94996664442962,2.139284515052365,5.611238977667672,-1.2059579620041021e-09,43.18321883570457
24.97665110073382,2.1362041101715743,5.614319382548462,-1.2059579620041021e-09,43.18321883570457
25.003335557038024,2.133128140836481,5.617395351883556,-1.2059579620041021e-09,43.18321883570457
25.030020013342227,2.1300566006602404,5.620466892059796,-1.2059579620041021e-09,43.18321883570457
25.05670446964643,2.126989483265207,5.62353400945483,-1.2059579620041021e-09,43.18321883570457
25.083388925950633,2.1239267822829158,5.626596710437122,-1.2059579620041021e-09,43.18321883570457
25.110073382254836,2.120868491354075,5.629655001365962,-1.2059579620041021e-09,43.18321883570457
25.13675783855904,2.1178146041285486,5.6327088885914876,-1.2059579620041021e-09,43.18321883570457
25.16344229486324,2.114765114265345,5.6357583784546925,-1.2059579620041021e-09,43.18321883570457
25.190126751167444,2.111720015432602,5.638803477287434,-1.2059579620041021e-09,43.18321883570457
25.216811207471647,2.1086793013075766,5.641844191412461,-1.2059579620041021e-09,43.18321883570457
25.24349566377585,2.1056429655766276,5.644880527143411,-1.2059579620041021e-09,43.18321883570457
25.270180120080052,2.102611001935195,5.647912490784842,-1.2059579620041021e-09,43.18321883570457
25.296864576384255,2.0995834040878063,5.650940088632232,-1.2059579620041021e-09,43.18321883570457
25.323549032688458,2.096560165748054,5.653963326971985,-1.2059579620041021e-09,43.18321883570457
25.35023348899266,2.093541280638584,5.656982212081453,-1.2059579620041021e-09,43.18321883570457
25.376917945296864,2.090526742491078,5.659996750228959,-1.2059579620041021e-09,43.18321883570457
25.403602401601066,2.0875165450462476,5.66300694767379,-1.2059579620041021e-09,43.18321883570457
25.43028685790527,2.0845106820538146,5.666012810666224,-1.2059579620041021e-09,43.18321883570457
25.456971314209472,2.0815091472725005,5.669014345447536,-1.2059579620041021e-09,43.18321883570457
25.483655770513675,2.0785119344700176,5.672011558250021,-1.2059579620041021e-09,43.18321883570457
25.510340226817878,2.075519037423048,5.67500445529699,-1.2059579620041021e-09,43.18321883570457
25.53702468312208,2.0725304499172377,5.677993042802801,-1.2059579620041021e-09,43.18321883570457
25.563709139426283,2.0695461657471785,5.680977326972858,-1.2059579620041021e-09,43.18321883570457
25.590393595730486,2.066566178716402,5.683957314003636,-1.2059579620041021e-09,43.18321883570457
25.61707805203469,2.0635904826373572,5.686933010082681,-1.2059579620041021e-09,43.18321883570457
25.64376250833889,2.0606190713314074,5.68990442138863,-1.2059579620041021e-09,43.18321883570457
25.670446964643094,2.0576519386288106,5.6928715540912265,-1.2059579620041021e-09,43.18321883570457
25.697131420947297,2.0546890783687086,5.695834414351329,-1.2059579620041021e-09,43.18321883570457
25.7238158772515,2.051730484399117,5.698793008320922,-1.2059579620041021e-09,43.18321883570457
25.750500333555703,2.0487761505769018,5.701747342143137,-1.2059579620041021e-09,43.18321883570457
25.777184789859906,2.045826070767771,5.704697421952267,-1.2059579620041021e-09,43.18321883570457
25.80386924616411,2.0428802388462755,5.707643253873765,-1.2059579620041021e-09,43.18321883570457
25.83055370246831,2.039938648695782,5.710584844024256,-1.2059579620041021e-09,43.18321883570457
25.857238158772514,2.037001294208468,5.713522198511571,-1.2059579620041021e-09,43.18321883570457
25.883922615076717,2.0340681692853053,5.716455323434731,-1.2059579620041021e-09,43.18321883570457
25.91060707138092,2.031139267836047,5.719384224883992,-1.2059579620041021e-09,43.18321883570457
25.937291527685122,2.0282145837792163,5.722308908940822,-1.2059579620041021e-09,43.18321883570457
25.963975983989325,2.0252941110420926,5.725229381677947,-1.2059579620041021e-09,43.18321883570457
25.990660440293528,2.0223778435607,5.728145649159338,-1.2059579620041021e-09,43.18321883570457
26.01734489659773,2.019465775279796,5.731057717440243,-1.2059579620041021e-09,43.18321883570457
26.044029352901934,2.0165579001528555,5.733965592567183,-1.2059579620041021e-09,43.18321883570457
26.070713809206136,2.0136542121420606,5.736869280577977,-1.2059579620041021e-09,43.18321883570457
26.09739826551034,2.0107547052182877,5.739768787501752,-1.2059579620041021e-09,43.18321883570457
26.124082721814542,2.0078593733610934,5.742664119358945,-1.2059579620041021e-09,43.18321883570457
26.150767178118745,2.0049682105587063,5.745555282161332,-1.2059579620041021e-09,43.18321883570457
26.177451634422948,2.002081210808011,5.748442281912028,-1.2059579620041021e-09,43.18321883570457
26.20413609072715,1.9991983681145333,5.751325124605506,-1.2059579620041021e-09,43.18321883570457
26.230820547031353,1.996319676492435,5.754203816227604,-1.2059579620041021e-09,43.18321883570457
26.257505003335556,1.9934451299644855,5.7570783627555535,-1.2059579620041021e-09,43.18321883570457
26.28418945963976,1.9905747225620651,5.7599487701579735,-1.2059579620041021e-09,43.18321883570457
26.31087391594396,1.9877084483251513,5.762815044394888,-1.2059579620041021e-09,43.18321883570457
26.337558372248164,1.9848463013023043,5.7656771914177325,-1.2059579620041021e-09,43.18321883570457
26.364242828552367,1.981988275550654,5.768535217169385,-1.2059579620041021e-09,43.18321883570457
26.39092728485657,1.979134365135887,5.771389127584151,-1.2059579620041021e-09,43.18321883570457
26.417611741160773,1.9762845641322357,5.7742389285878035,-1.2059579620041021e-09,43.18321883570457
26.444296197464976,1.9734388666224638,5.777084626097574,-1.2059579620041021e-09,43.18321883570457
26.47098065376918,1.9705972666978577,5.779926226022181,-1.2059579620041021e-09,43.18321883570457
26.49766511007338,1.96775975845821,5.78276373426183,-1.2059579620041021e-09,43.18321883570457
26.524349566377584,1.9649263360118105,5.785597156708229,-1.2059579620041021e-09,43.18321883570457
26.551034022681787,1.962096993475432,5.788426499244607,-1.2059579620041021e-09,43.18321883570457
26.57771847898599,1.9592717249743192,5.7912517677457185,-1.2059579620041021e-09,43.18321883570457
26.604402935290192,1.9564505246421762,5.794072968077862,-1.2059579620041021e-09,43.18321883570457
26.631087391594395,1.9536333866211548,5.796890106098885,-1.2059579620041021e-09,43.18321883570457
26.657771847898598,1.9508203050618407,5.7997031876581975,-1.2059579620041021e-09,43.18321883570457
26.6844563042028,1.9480112741232432,5.802512218596794,-1.2059579620041021e-09,43.18321883570457
26.711140760507003,1.945206287972783,5.805317204747256,-1.2059579620041021e-09,43.18321883570457
26.737825216811206,1.942405340786277,5.808118151933761,-1.2059579620041021e-09,43.18321883570457
26.76450967311541,1.9396084267479206,5.810915065972116,-1.2059579620041021e-09,43.18321883570457
26.791194129419612,1.9368155400502896,5.8137079526697475,-1.2059579620041021e-09,43.18321883570457
26.817878585723815,1.934026674894323,5.8164968178257155,-1.2059579620041021e-09,43.18321883570457
26.844563042028017,1.9312418254893102,5.819281667230727,-1.2059579620041021e-09,43.18321883570457
26.87124749833222,1.92846098605288,5.822062506667158,-1.2059579620041021e-09,43.18321883570457
26.897931954636423,1.9256841508109859,5.824839341909052,-1.2059579620041021e-09,43.18321883570457
26.924616410940626,1.922911313997897,5.827612178722141,-1.2059579620041021e-09,43.18321883570457
26.95130086724483,1.9201424698561833,5.830381022863854,-1.2059579620041021e-09,43.18321883570457
26.97798532354903,1.9173776126367064,5.8331458800833325,-1.2059579620041021e-09,43.18321883570457
27.004669779853234,1.9146167365986053,5.835906756121433,-1.2059579620041021e-09,43.18321883570457
27.031354236157437,1.9118598360092862,5.838663656710753,-1.2059579620041021e-09,43.18321883570457
27.05803869246164,1.9091069051444098,5.841416587575629,-1.2059579620041021e-09,43.18321883570457
27.084723148765843,1.9063579382878801,5.844165554432157,-1.2059579620041021e-09,43.18321883570457
27.111407605070045,1.9036129297318307,5.846910562988208,-1.2059579620041021e-09,43.18321883570457
27.13809206137425,1.9008718737766153,5.8496516189434224,-1.2059579620041021e-09,43.18321883570457
27.16477651767845,1.898134764730795,5.8523887279892435,-1.2059579620041021e-09,43.18321883570457
27.191460973982654,1.895401596911125,5.855121895808913,-1.2059579620041021e-09,43.18321883570457
27.218145430286857,1.8926723646425465,5.857851128077492,-1.2059579620041021e-09,43.18321883570457
27.24482988659106,1.889947062258167,5.8605764304618715,-1.2059579620041021e-09,43.18321883570457
27.271514342895262,1.8872256840992492,5.863297808620788,-1.2059579620041021e-09,43.18321883570457
27.298198799199465,1.88450822451521,5.866015268204827,-1.2059579620041021e-09,43.18321883570457
27.324883255503668,1.8817946778636028,5.868728814856435,-1.2059579620041021e-09,43.18321883570457
27.35156771180787,1.879085038510106,5.871438454209932,-1.2059579620041021e-09,43.18321883570457
27.378252168112073,1.8763793008285123,5.874144191891525,-1.2059579620041021e-09,43.18321883570457
27.404936624416276,1.8736774592007142,5.876846033519323,-1.2059579620041021e-09,43.18321883570457
27.43162108072048,1.8709795080166947,5.879543984703342,-1.2059579620041021e-09,43.18321883570457
27.458305537024682,1.8682854416745143,5.882238051045524,-1.2059579620041021e-09,43.18321883570457
27.484989993328885,1.8655952545803007,5.884928238139738,-1.2059579620041021e-09,43.18321883570457
27.511674449633087,1.8629089411482358,5.887614551571803,-1.2059579620041021e-09,43.18321883570457
27.53835890593729,1.8602264958005448,5.890296996919493,-1.2059579620041021e-09,43.18321883570457
27.565043362241493,1.857547912967486,5.8929755797525525,-1.2059579620041021e-09,43.18321883570457
27.591727818545696,1.8548731870873354,5.895650305632702,-1.2059579620041021e-09,43.18321883570457
27.6184122748499,1.8522023126063794,5.898321180113659,-1.2059579620041021e-09,43.18321883570457
27.6450967311541,1.8495352839789017,5.900988208741136,-1.2059579620041021e-09,43.18321883570457
27.671781187458304,1.8468720956671705,5.903651397052868,-1.2059579620041021e-09,43.18321883570457
27.698465643762507,1.8442127421414285,5.9063107505786085,-1.2059579620041021e-09,43.18321883570457
27.72515010006671,1.8415572178798816,5.908966274840156,-1.2059579620041021e-09,43.18321883570457
27.751834556370913,1.8389055173686804,5.911617975351357,-1.2059579620041021e-09,43.18321883570457
27.778519012675115,1.8362576351019133,5.914265857618124,-1.2059579620041021e-09,43.18321883570457
27.805203468979318,1.8336135655816026,5.916909927138435,-1.2059579620041021e-09,43.18321883570457
27.83188792528352,1.8309733033176865,5.919550189402352,-1.2059579620041021e-09,43.18321883570457
27.858572381587724,1.8283368428280096,5.922186649892029,-1.2059579620041021e-09,43.18321883570457
27.885256837891927,1.8257041786383092,5.92481931408173,-1.2059579620041021e-09,43.18321883570457
27.91194129419613,1.8230753052822062,5.927448187437832,-1.2059579620041021e-09,43.18321883570457
27.938625750500332,1.8204502173011923,5.930073275418845,-1.2059579620041021e-09,43.18321883570457
27.965310206804535,1.8178289092446192,5.932694583475419,-1.2059579620041021e-09,43.18321883570457
27.991994663108738,1.8152113756696877,5.93531211705035,-1.2059579620041021e-09,43.18321883570457
28.01867911941294,1.8125976111414344,5.937925881578605,-1.2059579620041021e-09,43.18321883570457
28.045363575717143,1.809987610232724,5.940535882487314,-1.2059579620041021e-09,43.18321883570457
28.072048032021346,1.807381367524234,5.943142125195805,-1.2059579620041021e-09,43.18321883570457
28.09873248832555,1.8047788776044476,5.945744615115589,-1.2059579620041021e-09,43.18321883570457
28.12541694462975,1.8021801350696385,5.9483433576503995,-1.2059579620041021e-09,43.18321883570457
28.152101400933955,1.7995851345238627,5.950938358196176,-1.2059579620041021e-09,43.18321883570457
28.178785857238157,1.7969938705789452,5.953529622141093,-1.2059579620041021e-09,43.18321883570457
28.20547031354236,1.7944063378544706,5.956117154865567,-1.2059579620041021e-09,43.18321883570457
28.232154769846563,1.7918225309777709,5.958700961742267,-1.2059579620041021e-09,43.18321883570457
28.258839226150766,1.7892424445839055,5.961281048136132,-1.2059579620041021e-09,43.18321883570457
28.28552368245497,1.7866660733156632,5.963857419404375,-1.2059579620041021e-09,43.18321883570457
28.31220813875917,1.7840934118235479,5.966430080896489,-1.2059579620041021e-09,43.18321883570457
28.338892595063374,1.7815244547657691,5.968999037954269,-1.2059579620041021e-09,43.18321883570457
28.365577051367577,1.7789591968082261,5.971564295911811,-1.2059579620041021e-09,43.18321883570457
28.39226150767178,1.7763976326244995,5.974125860095539,-1.2059579620041021e-09,43.18321883570457
28.418945963975982,1.7738397568958393,5.976683735824198,-1.2059579620041021e-09,43.18321883570457
28.445630420280185,1.771285564311155,5.979237928408883,-1.2059579620041021e-09,43.18321883570457
28.472314876584388,1.768735049567003,5.981788443153035,-1.2059579620041021e-09,43.18321883570457
28.49899933288859,1.7661882073675772,5.984335285352461,-1.2059579620041021e-09,43.18321883570457
28.525683789192794,1.7636450324246953,5.986878460295344,-1.2059579620041021e-09,43.18321883570457
28.552368245496996,1.7611055194577918,5.9894179732622455,-1.2059579620041021e-09,43.18321883570457
28.5790527018012,1.7585696631939043,5.991953829526133,-1.2059579620041021e-09,43.18321883570457
28.605737158105402,1.7560374583676626,5.994486034352375,-1.2059579620041021e-09,43.18321883570457
28.632421614409605,1.7535088997212793,5.997014592998759,-1.2059579620041021e-09,43.18321883570457
28.659106070713808,1.750983982004537,5.999539510715501,-1.2059579620041021e-09,43.18321883570457
28.68579052701801,1.7484626999747792,6.002060792745259,-1.2059579620041021e-09,43.18321883570457
28.712474983322213,1.745945048396899,6.00457844432314,-1.2059579620041021e-09,43.18321883570457
28.739159439626416,1.7434310220433251,6.007092470676713,-1.2059579620041021e-09,43.18321883570457
28.76584389593062,1.7409206156940074,6.0096028770260315,-1.2059579620041021e-09,43.18321883570457
28.79252835223482,1.7384138241364164,6.012109668583622,-1.2059579620041021e-09,43.18321883570457
28.819212808539024,1.7359106421655308,6.0146128505545065,-1.2059579620041021e-09,43.18321883570457
28.845897264843227,1.7334110645838234,6.017112428136213,-1.2059579620041021e-09,43.18321883570457
28.87258172114743,1.7309150862012521,6.019608406518786,-1.2059579620041021e-09,43.18321883570457
28.899266177451633,1.7284227018352463,6.022100790884791,-1.2059579620041021e-09,43.18321883570457
28.925950633755836,1.7259339063106998,6.024589586409338,-1.2059579620041021e-09,43.18321883570457
28.95263509006004,1.7234486944599579,6.02707479826008,-1.2059579620041021e-09,43.18321883570457
28.97931954636424,1.720967061122806,6.029556431597232,-1.2059579620041021e-09,43.18321883570457
29.006004002668444,1.718489001146461,6.032034491573576,-1.2059579620041021e-09,43.18321883570457
29.032688458972647,1.716014509385559,6.034508983334478,-1.2059579620041021e-09,43.18321883570457
29.05937291527685,1.7135435807021444,6.036979912017892,-1.2059579620041021e-09,43.18321883570457
29.086057371581052,1.711076209965662,6.039447282754375,-1.2059579620041021e-09,43.18321883570457
29.112741827885255,1.7086123920529432,6.041911100667095,-1.2059579620041021e-09,43.18321883570457
29.139426284189458,1.7061521218481956,6.044371370871843,-1.2059579620041021e-09,43.18321883570457
29.16611074049366,1.7036953942429947,6.046828098477042,-1.2059579620041021e-09,43.18321883570457
29.192795196797864,1.7012422041362725,6.049281288583765,-1.2059579620041021e-09,43.18321883570457
29.219479653102066,1.6987925464343046,6.051730946285733,-1.2059579620041021e-09,43.18321883570457
29.24616410940627,1.6963464160506987,6.05417707666934,-1.2059579620041021e-09,43.18321883570457
29.272848565710472,1.6939038079063817,6.056619684813656,-1.2059579620041021e-09,43.18321883570457
29.299533022014675,1.6914647169296009,6.059058775790437,-1.2059579620041021e-09,43.18321883570457
29.326217478318878,1.6890291380559044,6.0614943546641324,-1.2059579620041021e-09,43.18321883570457
29.35290193462308,1.6865970662281349,6.0639264264919035,-1.2059579620041021e-09,43.18321883570457
29.379586390927283,1.6841684963964163,6.066354996323622,-1.2059579620041021e-09,43.18321883570457
29.406270847231486,1.6817434235181448,6.068780069201895,-1.2059579620041021e-09,43.18321883570457
29.43295530353569,1.6793218425579755,6.071201650162063,-1.2059579620041021e-09,43.18321883570457
29.45963975983989,1.6769037484878169,6.0736197442322215,-1.2059579620041021e-09,43.18321883570457
29.486324216144094,1.6744891362868153,6.076034356433223,-1.2059579620041021e-09,43.18321883570457
29.513008672448297,1.6720780009413483,6.078445491778691,-1.2059579620041021e-09,43.18321883570457
29.5396931287525,1.6696703374450117,6.080853155275027,-1.2059579620041021e-09,43.18321883570457
29.566377585056703,1.6672661407986118,6.083257351921426,-1.2059579620041021e-09,43.18321883570457
29.593062041360906,1.6648654060101513,6.085658086709887,-1.2059579620041021e-09,43.18321883570457
29.61974649766511,1.6624681280948235,6.088055364625215,-1.2059579620041021e-09,43.18321883570457
29.64643095396931,1.660074302074998,6.09044919064504,-1.2059579620041021e-09,43.18321883570457
29.673115410273514,1.6576839229802127,6.092839569739826,-1.2059579620041021e-09,43.18321883570457
29.699799866577717,1.655296985847162,6.095226506872876,-1.2059579620041021e-09,43.18321883570457
29.72648432288192,1.6529134857196888,6.09761000700035,-1.2059579620041021e-09,43.18321883570457
29.753168779186122,1.6505334176487654,6.099990075071273,-1.2059579620041021e-09,43.18321883570457
29.779853235490325,1.6481567766924903,6.102366716027547,-1.2059579620041021e-09,43.18321883570457
29.806537691794528,1.6457835579160822,6.104739934803956,-1.2059579620041021e-09,43.18321883570457
29.83322214809873,1.6434137563918656,6.107109736328172,-1.2059579620041021e-09,43.18321883570457
29.859906604402934,1.641047367199261,6.109476125520777,-1.2059579620041021e-09,43.18321883570457
29.886591060707136,1.6386843854247726,6.111839107295265,-1.2059579620041021e-09,43.18321883570457
29.91327551701134,1.636324806161982,6.114198686558057,-1.2059579620041021e-09,43.18321883570457
29.939959973315542,1.6339686245115341,6.116554868208504,-1.2059579620041021e-09,43.18321883570457
29.966644429619745,1.631615835581129,6.11890765713891,-1.2059579620041021e-09,43.18321883570457
29.993328885923948,1.6292664344855114,6.1212570582345265,-1.2059579620041021e-09,43.18321883570457
30.02001334222815,1.6269204163464608,6.123603076373578,-1.2059579620041021e-09,43.18321883570457
30.046697798532353,1.6245777762927813,6.125945716427257,-1.2059579620041021e-09,43.18321883570457
30.073382254836556,1.62223850946029,6.128284983259747,-1.2059579620041021e-09,43.18321883570457
30.10006671114076,1.6199026109918098,6.130620881728228,-1.2059579620041021e-09,43.18321883570457
30.12675116744496,1.6175700760371563,6.132953416682882,-1.2059579620041021e-09,43.18321883570457
30.153435623749164,1.6152408997531302,6.135282592966908,-1.2059579620041021e-09,43.18321883570457
30.180120080053367,1.6129150773035061,6.1376084154165325,-1.2059579620041021e-09,43.18321883570457
30.20680453635757,1.6105926038590217,6.1399308888610165,-1.2059579620041021e-09,43.18321883570457
30.233488992661773,1.6082734745973697,6.142250018122668,-1.2059579620041021e-09,43.18321883570457
30.260173448965975,1.6059576847031778,6.1445658080168615,-1.2059579620041021e-09,43.18321883570457
30.28685790527018,1.6036452293680123,6.1468782633520265,-1.2059579620041021e-09,43.18321883570457
30.31354236157438,1.6013361037903642,6.149187388929673,-1.2059579620041021e-09,43.18321883570457
30.340226817878584,1.5990303031756399,6.151493189544398,-1.2059579620041021e-09,43.18321883570457
30.366911274182787,1.5967278227361488,6.15379566998389,-1.2059579620041021e-09,43.18321883570457
30.39359573048699,1.594428657691093,6.156094835028944,-1.2059579620041021e-09,43.18321883570457
30.420280186791192,1.5921328032665618,6.158390689453476,-1.2059579620041021e-09,43.18321883570457
30.446964643095395,1.5898402546955157,6.160683238024523,-1.2059579620041021e-09,43.18321883570457
30.473649099399598,1.587551007217781,6.162972485502257,-1.2059579620041021e-09,43.18321883570457
30.5003335557038,1.5852650560800372,6.165258436639999,-1.2059579620041021e-09,43.18321883570457
30.527018012008003,1.5829823965358107,6.1675410961842285,-1.2059579620041021e-09,43.18321883570457
30.553702468312206,1.5807030238454596,6.169820468874579,-1.2059579620041021e-09,43.18321883570457
30.58038692461641,1.5784269332761678,6.17209655944387,-1.2059579620041021e-09,43.18321883570457
30.607071380920612,1.5761541201019362,6.174369372618102,-1.2059579620041021e-09,43.18321883570457
30.633755837224815,1.573884579603568,6.176638913116469,-1.2059579620041021e-09,43.18321883570457
30.660440293529017,1.5716183070686645,6.178905185651374,-1.2059579620041021e-09,43.18321883570457
30.68712474983322,1.5693552977916099,6.1811681949284285,-1.2059579620041021e-09,43.18321883570457
30.713809206137423,1.5670955470735668,6.183427945646471,-1.2059579620041021e-09,43.18321883570457
30.740493662441626,1.5648390502224616,6.185684442497577,-1.2059579620041021e-09,43.18321883570457
30.76717811874583,1.562585802552969,6.187937690167068,-1.2059579620041021e-09,43.18321883570457
30.79386257505003,1.5603357993865183,6.190187693333519,-1.2059579620041021e-09,43.18321883570457
30.820547031354234,1.5580890360512736,6.192434456668765,-1.2059579620041021e-09,43.18321883570457
30.847231487658437,1.5558455078821283,6.19467798483791,-1.2059579620041021e-09,43.18321883570457
30.87391594396264,1.5536052102206919,6.196918282499348,-1.2059579620041021e-09,43.18321883570457
30.900600400266843,1.5513681384152822,6.1991553543047555,-1.2059579620041021e-09,43.18321883570457
30.927284856571045,1.5491342878209156,6.201389204899123,-1.2059579620041021e-09,43.18321883570457
30.953969312875248,1.5469036537992957,6.203619838920742,-1.2059579620041021e-09,43.18321883570457
30.98065376917945,1.5446762317188063,6.2058472610012325,-1.2059579620041021e-09,43.18321883570457
31.007338225483654,1.5424520169545002,6.208071475765539,-1.2059579620041021e-09,43.18321883570457
31.034022681787857,1.5402310048880894,6.210292487831949,-1.2059579620041021e-09,43.18321883570457
31.06070713809206,1.538013190907935,6.212510301812103,-1.2059579620041021e-09,43.18321883570457
31.087391594396262,1.535798570409042,6.214724922310996,-1.2059579620041021e-09,43.18321883570457
31.114076050700465,1.5335871387930426,6.216936353926996,-1.2059579620041021e-09,43.18321883570457
31.140760507004668,1.531378891468193,6.219144601251846,-1.2059579620041021e-09,43.18321883570457
31.16744496330887,1.5291738238493597,6.22134966887068,-1.2059579620041021e-09,43.18321883570457
31.194129419613073,1.5269719313580128,6.223551561362027,-1.2059579620041021e-09,43.18321883570457
31.220813875917276,1.5247732094222148,6.225750283297824,-1.2059579620041021e-09,43.18321883570457
31.24749833222148,1.5225776534766082,6.227945839243431,-1.2059579620041021e-09,43.18321883570457
31.274182788525682,1.5203852589624058,6.230138233757634,-1.2059579620041021e-09,43.18321883570457
31.300867244829885,1.5181960213273893,6.232327471392651,-1.2059579620041021e-09,43.18321883570457
31.327551701134087,1.5160099360258954,6.234513556694143,-1.2059579620041021e-09,43.18321883570457
31.35423615743829,1.5138269985188069,6.236696494201232,-1.2059579620041021e-09,43.18321883570457
31.380920613742493,1.5116472042735427,6.238876288446496,-1.2059579620041021e-09,43.18321883570457
31.407605070046696,1.5094705487640474,6.241052943955991,-1.2059579620041021e-09,43.18321883570457
31.4342895263509,1.5072970274707835,6.243226465249254,-1.2059579620041021e-09,43.18321883570457
31.4609739826551,1.5051266358807216,6.245396856839318,-1.2059579620041021e-09,43.18321883570457
31.487658438959304,1.50295936948733,6.247564123232709,-1.2059579620041021e-09,43.18321883570457
31.514342895263507,1.5007952237905668,6.249728268929471,-1.2059579620041021e-09,43.18321883570457
31.54102735156771,1.4986341942968695,6.251889298423169,-1.2059579620041021e-09,43.18321883570457
31.567711807871913,1.496476276519147,6.254047216200892,-1.2059579620041021e-09,43.18321883570457
31.594396264176115,1.4943214659767676,6.256202026743272,-1.2059579620041021e-09,43.18321883570457
31.621080720480318,1.492169758195553,6.258353734524485,-1.2059579620041021e-09,43.18321883570457
31.64776517678452,1.490021148707768,6.26050234401227,-1.2059579620041021e-09,43.18321883570457
31.674449633088724,1.4878756330521092,6.26264785966793,-1.2059579620041021e-09,43.18321883570457
31.701134089392927,1.4857332067736981,6.264790285946341,-1.2059579620041021e-09,43.18321883570457
31.72781854569713,1.4835938654240715,6.266929627295967,-1.2059579620041021e-09,43.18321883570457
31.754503002001332,1.4814576045611645,6.269065888158874,-1.2059579620041021e-09,43.18321883570457
31.781187458305535,1.4793244197493107,6.271199072970727,-1.2059579620041021e-09,43.18321883570457
31.807871914609738,1.4771943065592337,6.2733291861608045,-1.2059579620041021e-09,43.18321883570457
31.83455637091394,1.4750672605680333,6.275456232152005,-1.2059579620041021e-09,43.18321883570457
31.861240827218143,1.4729432773591808,6.2775802153608575,-1.2059579620041021e-09,43.18321883570457
31.887925283522346,1.4708223525225046,6.279701140197533,-1.2059579620041021e-09,43.18321883570457
31.91460973982655,1.4687044816541852,6.281819011065854,-1.2059579620041021e-09,43.18321883570457
31.94129419613075,1.4665896603567428,6.283933832363296,-1.2059579620041021e-09,43.18321883570457
31.967978652434955,1.4644778842390311,6.2860456084810075,-1.2059579620041021e-09,43.18321883570457
31.994663108739157,1.4623691489162256,6.288154343803813,-1.2059579620041021e-09,43.18321883570457
32.021347565043364,1.4602634500098162,6.290260042710222,-1.2059579620041021e-09,43.18321883570457
32.04803202134757,1.458160783147598,6.29236270957244,-1.2059579620041021e-09,43.18321883570457
32.07471647765177,1.4560611439636617,6.294462348756377,-1.2059579620041021e-09,43.18321883570457
32.10140093395597,1.4539645280983844,6.296558964621655,-1.2059579620041021e-09,43.18321883570457
32.128085390260175,1.4518709311984208,6.298652561521617,-1.2059579620041021e-09,43.18321883570457
32.15476984656438,1.449780348916694,6.300743143803344,-1.2059579620041021e-09,43.18321883570457
32.18145430286858,1.4476927769123884,6.30283071580765,-1.2059579620041021e-09,43.18321883570457
32.20813875917278,1.445608210850937,6.304915281869102,-1.2059579620041021e-09,43.18321883570457
32.234823215476986,1.4435266464040148,6.306996846316023,-1.2059579620041021e-09,43.18321883570457
32.26150767178119,1.441448079249523,6.309075413470516,-1.2059579620041021e-09,43.18321883570457
32.28819212808539,1.4393725050715884,6.31115098764845,-1.2059579620041021e-09,43.18321883570457
32.314876584389594,1.437299919560556,6.313223573159482,-1.2059579620041021e-09,43.18321883570457
32.3415610406938,1.435230318412976,6.315293174307063,-1.2059579620041021e-09,43.18321883570457
32.368245496998,1.4331636973315942,6.317359795388445,-1.2059579620041021e-09,43.18321883570457
32.3949299533022,1.431100052025345,6.319423440694693,-1.2059579620041021e-09,43.18321883570457
32.421614409606406,1.4290393782093413,6.321484114510698,-1.2059579620041021e-09,43.18321883570457
32.44829886591061,1.4269816716048664,6.323541821115171,-1.2059579620041021e-09,43.18321883570457
32.47498332221481,1.4249269279393648,6.325596564780674,-1.2059579620041021e-09,43.18321883570457
32.501667778519014,1.4228751429464326,6.3276483497736065,-1.2059579620041021e-09,43.18321883570457
32.52835223482322,1.4208263123658091,6.329697180354229,-1.2059579620041021e-09,43.18321883570457
32.55503669112742,1.4187804319433697,6.3317430607766685,-1.2059579620041021e-09,43.18321883570457
32.58172114743162,1.4167374974311138,6.333785995288924,-1.2059579620041021e-09,43.18321883570457
32.608405603735825,1.4146975045871588,6.335825988132879,-1.2059579620041021e-09,43.18321883570457
32.63509006004003,1.412660449175729,6.337863043544309,-1.2059579620041021e-09,43.18321883570457
32.66177451634423,1.4106263269671497,6.3398971657528875,-1.2059579620041021e-09,43.18321883570457
32.688458972648434,1.4085951337378364,6.341928358982202,-1.2059579620041021e-09,43.18321883570457
32.715143428952636,1.4065668652702845,6.343956627449753,-1.2059579620041021e-09,43.18321883570457
32.74182788525684,1.4045415173530642,6.345981975366975,-1.2059579620041021e-09,43.18321883570457
32.76851234156104,1.4025190857808005,6.348004406939237,-1.2059579620041021e-09,43.18321883570457
32.795196797865245,1.400499566354181,6.350023926365857,-1.2059579620041021e-09,43.18321883570457
32.82188125416945,1.3984829548799411,6.3520405378400975,-1.2059579620041021e-09,43.18321883570457
32.84856571047365,1.3964692471708522,6.354054245549187,-1.2059579620041021e-09,43.18321883570457
32.87525016677785,1.3944584390457166,6.356065053674321,-1.2059579620041021e-09,43.18321883570457
32.901934623082056,1.3924505263293572,6.358072966390681,-1.2059579620041021e-09,43.18321883570457
32.92861907938626,1.3904455048526079,6.360077987867431,-1.2059579620041021e-09,43.18321883570457
32.95530353569046,1.3884433704523063,6.362080122267733,-1.2059579620041021e-09,43.18321883570457
32.981987991994664,1.3864441189712857,6.364079373748753,-1.2059579620041021e-09,43.18321883570457
33.00867244829887,1.3844477462583644,6.366075746461675,-1.2059579620041021e-09,43.18321883570457
33.03535690460307,1.3824542481683384,6.368069244551701,-1.2059579620041021e-09,43.18321883570457
33.06204136090727,1.3804636205619727,6.370059872158066,-1.2059579620041021e-09,43.18321883570457
33.088725817211476,1.3784758593059927,6.372047633414046,-1.2059579620041021e-09,43.18321883570457
33.11541027351568,1.376490960273075,6.3740325324469636,-1.2059579620041021e-09,43.18321883570457
33.14209472981988,1.3745089193418405,6.376014573378198,-1.2059579620041021e-09,43.18321883570457
33.168779186124084,1.3725297323968435,6.377993760323194,-1.2059579620041021e-09,43.18321883570457
33.19546364242829,1.3705533953285651,6.379970097391474,-1.2059579620041021e-09,43.18321883570457
33.22214809873249,1.3685799040334035,6.381943588686634,-1.2059579620041021e-09,43.18321883570457
33.24883255503669,1.3666092544136634,6.383914238306375,-1.2059579620041021e-09,43.18321883570457
33.275517011340895,1.364641442377546,6.385882050342493,-1.2059579620041021e-09,43.18321883570457
33.3022014676451,1.3626764638391489,6.387847028880891,-1.2059579620041021e-09,43.18321883570457
33.3288859239493,1.3607143147184537,6.3898091780015855,-1.2059579620041021e-09,43.18321883570457
33.3555703802535,1.3587549909413168,6.3917685017787225,-1.2059579620041021e-09,43.18321883570457
33.382254836557706,1.3567984884394615,6.3937250042805776,-1.2059579620041021e-09,43.18321883570457
33.40893929286191,1.3548448031504683,6.395678689569571,-1.2059579620041021e-09,43.18321883570457
33.43562374916611,1.3528939310177681,6.397629561702271,-1.2059579620041021e-09,43.18321883570457
33.462308205470315,1.3509458679906328,6.399577624729407,-1.2059579620041021e-09,43.18321883570457
33.48899266177452,1.3490006100241665,6.401522882695872,-1.2059579620041021e-09,43.18321883570457
33.51567711807872,1.3470581530792984,6.40346533964074,-1.2059579620041021e-09,43.18321883570457
33.54236157438292,1.345118493122774,6.405404999597264,-1.2059579620041021e-09,43.18321883570457
33.569046030687126,1.343181626127146,6.407341866592894,-1.2059579620041021e-09,43.18321883570457
33.59573048699133,1.3412475480707662,6.409275944649273,-1.2059579620041021e-09,43.18321883570457
33.62241494329553,1.3393162549377777,6.4112072377822615,-1.2059579620041021e-09,43.18321883570457
33.649099399599734,1.3373877427181065,6.413135750001933,-1.2059579620041021e-09,43.18321883570457
33.67578385590394,1.3354620074074524,6.415061485312586,-1.2059579620041021e-09,43.18321883570457
33.70246831220814,1.3335390450072817,6.416984447712759,-1.2059579620041021e-09,43.18321883570457
33.72915276851234,1.3316188515248188,6.418904641195221,-1.2059579620041021e-09,43.18321883570457
33.755837224816545,1.3297014229730308,6.420822069747007,-1.2059579620041021e-09,43.18321883570457
33.78252168112075,1.3277867553706282,6.422736737349412,-1.2059579620041021e-09,43.18321883570457
33.80920613742495,1.325874844742056,6.424648647977984,-1.2059579620041021e-09,43.18321883570457
33.835890593729154,1.323965687117484,6.426557805602556,-1.2059579620041021e-09,43.18321883570457
33.86257505003336,1.3220592785327991,6.42846421418724,-1.2059579620041021e-09,43.18321883570457
33.88925950633756,1.320155615029595,6.430367877690444,-1.2059579620041021e-09,43.18321883570457
33.91594396264176,1.3182546926551661,6.432268800064872,-1.2059579620041021e-09,43.18321883570457
33.942628418945965,1.3163565074624985,6.43416698525754,-1.2059579620041021e-09,43.18321883570457
33.96931287525017,1.3144610555102614,6.436062437209778,-1.2059579620041021e-09,43.18321883570457
33.99599733155437,1.3125683328627993,6.437955159857239,-1.2059579620041021e-09,43.18321883570457
34.02268178785857,1.3106783355901237,6.439845157129915,-1.2059579620041021e-09,43.18321883570457
34.049366244162776,1.3087910597679058,6.441732432952132,-1.2059579620041021e-09,43.18321883570457
34.07605070046698,1.3069065014774663,6.443616991242572,-1.2059579620041021e-09,43.18321883570457
34.10273515677118,1.3050246568057704,6.44549883591427,-1.2059579620041021e-09,43.18321883570457
34.129419613075385,1.303145521845416,6.447377970874624,-1.2059579620041021e-09,43.18321883570457
34.15610406937959,1.3012690926946293,6.44925440002541,-1.2059579620041021e-09,43.18321883570457
34.18278852568379,1.2993953654572532,6.451128127262787,-1.2059579620041021e-09,43.18321883570457
34.20947298198799,1.2975243362427429,6.452999156477297,-1.2059579620041021e-09,43.18321883570457
34.236157438292196,1.2956560011661529,6.4548674915538875,-1.2059579620041021e-09,43.18321883570457
34.2628418945964,1.293790356348128,6.456733136371912,-1.2059579620041021e-09,43.18321883570457
34.2895263509006,1.2919273979149013,6.458596094805139,-1.2059579620041021e-09,43.18321883570457
34.316210807204804,1.290067121998285,6.460456370721755,-1.2059579620041021e-09,43.18321883570457
34.34289526350901,1.2882095247356622,6.462313967984378,-1.2059579620041021e-09,43.18321883570457
34.36957971981321,1.2863546022699777,6.464168890450063,-1.2059579620041021e-09,43.18321883570457
34.39626417611741,1.2845023507497295,6.466021141970311,-1.2059579620041021e-09,43.18321883570457
34.422948632421615,1.2826527663289626,6.467870726391077,-1.2059579620041021e-09,43.18321883570457
34.44963308872582,1.2808058451672586,6.469717647552782,-1.2059579620041021e-09,43.18321883570457
34.47631754503002,1.27896158342973,6.471561909290309,-1.2059579620041021e-09,43.18321883570457
34.503002001334224,1.2771199772870117,6.473403515433029,-1.2059579620041021e-09,43.18321883570457
34.52968645763843,1.2752810229152511,6.4752424698047895,-1.2059579620041021e-09,43.18321883570457
34.55637091394263,1.2734447164961038,6.477078776223936,-1.2059579620041021e-09,43.18321883570457
34.58305537024683,1.2716110542167218,6.478912438503319,-1.2059579620041021e-09,43.18321883570457
34.609739826551035,1.2697800322697488,6.480743460450292,-1.2059579620041021e-09,43.18321883570457
34.63642428285524,1.2679516468533096,6.482571845866731,-1.2059579620041021e-09,43.18321883570457
34.66310873915944,1.2661258941710045,6.484397598549036,-1.2059579620041021e-09,43.18321883570457
34.68979319546364,1.2643027704319005,6.486220722288141,-1.2059579620041021e-09,43.18321883570457
34.716477651767846,1.2624822718505233,6.488041220869517,-1.2059579620041021e-09,43.18321883570457
34.74316210807205,1.2606643946468477,6.489859098073192,-1.2059579620041021e-09,43.18321883570457
34.76984656437625,1.2588491350462858,6.491674357673753,-1.2059579620041021e-09,43.18321883570457
34.796531020680455,1.2570364892796915,6.4934870034403485,-1.2059579620041021e-09,43.18321883570457
34.82321547698466,1.255226453583344,6.495297039136697,-1.2059579620041021e-09,43.18321883570457
34.84989993328886,1.2534190241989434,6.497104468521096,-1.2059579620041021e-09,43.18321883570457
34.87658438959306,1.251614197373602,6.498909295346438,-1.2059579620041021e-09,43.18321883570457
34.903268845897266,1.2498119693598342,6.500711523360205,-1.2059579620041021e-09,43.18321883570457
34.92995330220147,1.2480123364155524,6.502511156304488,-1.2059579620041021e-09,43.18321883570457
34.95663775850567,1.2462152948040561,6.504308197915984,-1.2059579620041021e-09,43.18321883570457
34.983322214809874,1.2444208407940263,6.506102651926015,-1.2059579620041021e-09,43.18321883570457
35.01000667111408,1.242628970659516,6.507894522060523,-1.2059579620041021e-09,43.18321883570457
35.03669112741828,1.240839680679944,6.5096838120400955,-1.2059579620041021e-09,43.18321883570457
35.06337558372248,1.2390529671400867,6.511470525579953,-1.2059579620041021e-09,43.18321883570457
35.090060040026685,1.2372688263300702,6.513254666389971,-1.2059579620041021e-09,43.18321883570457
35.11674449633089,1.2354872545453615,6.515036238174678,-1.2059579620041021e-09,43.18321883570457
35.14342895263509,1.2337082480867636,6.5168152446332765,-1.2059579620041021e-09,43.18321883570457
35.170113408939294,1.2319318032604052,6.518591689459634,-1.2059579620041021e-09,43.18321883570457
35.1967978652435,1.2301579163777343,6.520365576342305,-1.2059579620041021e-09,43.18321883570457
35.2234823215477,1.2283865837555106,6.522136908964529,-1.2059579620041021e-09,43.18321883570457
35.2501667778519,1.2266178017157936,6.523905691004247,-1.2059579620041021e-09,43.18321883570457
35.276851234156105,1.2248515665859372,6.525671926134103,-1.2059579620041021e-09,43.18321883570457
35.30353569046031,1.2230878746985865,6.527435618021453,-1.2059579620041021e-09,43.18321883570457
35.33022014676451,1.2213267223916688,6.529196770328371,-1.2059579620041021e-09,43.18321883570457
35.35690460306871,1.2195681060083834,6.530955386711657,-1.2059579620041021e-09,43.18321883570457
35.383589059372916,1.2178120218971962,6.532711470822844,-1.2059579620041021e-09,43.18321883570457
35.41027351567712,1.21605846641183,6.534465026308209,-1.2059579620041021e-09,43.18321883570457
35.43695797198132,1.214307435911259,6.536216056808781,-1.2059579620041021e-09,43.18321883570457
35.463642428285524,1.2125589267596988,6.537964565960341,-1.2059579620041021e-09,43.18321883570457
35.49032688458973,1.2108129353266017,6.5397105573934375,-1.2059579620041021e-09,43.18321883570457
35.51701134089393,1.209069457986648,6.541454034733391,-1.2059579620041021e-09,43.18321883570457
35.54369579719813,1.207328491119737,6.543195001600304,-1.2059579620041021e-09,43.18321883570457
35.570380253502336,1.2055900311109817,6.544933461609057,-1.2059579620041021e-09,43.18321883570457
35.59706470980654,1.2038540743506996,6.546669418369341,-1.2059579620041021e-09,43.18321883570457
35.62374916611074,1.2021206172344066,6.5484028754856345,-1.2059579620041021e-09,43.18321883570457
35.650433622414944,1.200389656162809,6.550133836557231,-1.2059579620041021e-09,43.18321883570457
35.67711807871915,1.1986611875417952,6.551862305178245,-1.2059579620041021e-09,43.18321883570457
35.70380253502335,1.1969352077824302,6.55358828493761,-1.2059579620041021e-09,43.18321883570457
35.73048699132755,1.1952117133009459,6.555311779419093,-1.2059579620041021e-09,43.18321883570457
35.757171447631755,1.1934907005187292,6.557032792201312,-1.2059579620041021e-09,43.18321883570457
35.78385590393596,1.191772165862323,6.558751326857718,-1.2059579620041021e-09,43.18321883570457
35.81054036024016,1.1900561057634156,6.560467386956625,-1.2059579620041021e-09,43.18321883570457
35.837224816544364,1.188342516658836,6.562180976061204,-1.2059579620041021e-09,43.18321883570457
35.863909272848566,1.1866313949905416,6.563892097729498,-1.2059579620041021e-09,43.18321883570457
35.89059372915277,1.1849227372056148,6.565600755514425,-1.2059579620041021e-09,43.18321883570457
35.91727818545697,1.1832165397562535,6.567306952963786,-1.2059579620041021e-09,43.18321883570457
35.943962641761175,1.1815127990997638,6.5690106936202755,-1.2059579620041021e-09,43.18321883570457
35.97064709806538,1.1798115116985537,6.5707119810214865,-1.2059579620041021e-09,43.18321883570457
35.99733155436958,1.1781126740201247,6.572410818699915,-1.2059579620041021e-09,43.18321883570457
36.02401601067378,1.1764162825370648,6.574107210182976,-1.2059579620041021e-09,43.18321883570457
36.050700466977986,1.174722333727042,6.575801158992999,-1.2059579620041021e-09,43.18321883570457
36.07738492328219,1.1730308240727947,6.577492668647245,-1.2059579620041021e-09,43.18321883570457
36.10406937958639,1.1713417500621284,6.579181742657912,-1.2059579620041021e-09,43.18321883570457
36.130753835890594,1.1696551081879034,6.580868384532136,-1.2059579620041021e-09,43.18321883570457
36.1574382921948,1.1679708949480327,6.582552597772007,-1.2059579620041021e-09,43.18321883570457
36.184122748499,1.1662891068454706,6.584234385874569,-1.2059579620041021e-09,43.18321883570457
36.2108072048032,1.1646097403882065,6.585913752331834,-1.2059579620041021e-09,43.18321883570457
36.237491661107406,1.1629327920892591,6.5875907006307814,-1.2059579620041021e-09,43.18321883570457
36.26417611741161,1.1612582584666618,6.589265234253377,-1.2059579620041021e-09,43.18321883570457
36.29086057371581,1.1595861360434652,6.590937356676575,-1.2059579620041021e-09,43.18321883570457
36.317545030020014,1.1579164213477284,6.592607071372312,-1.2059579620041021e-09,43.18321883570457
36.34422948632422,1.1562491109125086,6.594274381807532,-1.2059579620041021e-09,43.18321883570457
36.37091394262842,1.1545842012758565,6.595939291444184,-1.2059579620041021e-09,43.18321883570457
36.39759839893262,1.1529216889808067,6.597601803739232,-1.2059579620041021e-09,43.18321883570457
36.424282855236825,1.1512615705753722,6.599261922144668,-1.2059579620041021e-09,43.18321883570457
36.45096731154103,1.1496038426125363,6.600919650107505,-1.2059579620041021e-09,43.18321883570457
36.47765176784523,1.1479485016502464,6.602574991069793,-1.2059579620041021e-09,43.18321883570457
36.504336224149434,1.1462955442514053,6.604227948468635,-1.2059579620041021e-09,43.18321883570457
36.531020680453636,1.1446449669838654,6.605878525736174,-1.2059579620041021e-09,43.18321883570457
36.55770513675784,1.1429967664204224,6.607526726299618,-1.2059579620041021e-09,43.18321883570457
36.58438959306204,1.1413509391388053,6.609172553581236,-1.2059579620041021e-09,43.18321883570457
36.611074049366245,1.1397074817216712,6.610816010998369,-1.2059579620041021e-09,43.18321883570457
36.63775850567045,1.1380663907565998,6.61245710196344,-1.2059579620041021e-09,43.18321883570457
36.66444296197465,1.1364276628360819,6.614095829883958,-1.2059579620041021e-09,43.18321883570457
36.69112741827885,1.1347912945575174,6.6157321981625214,-1.2059579620041021e-09,43.18321883570457
36.717811874583056,1.1331572825232048,6.617366210196836,-1.2059579620041021e-09,43.18321883570457
36.74449633088726,1.1315256233403328,6.618997869379707,-1.2059579620041021e-09,43.18321883570457
36.77118078719146,1.1298963136209719,6.620627179099068,-1.2059579620041021e-09,43.18321883570457
36.797865243495664,1.128269349982076,6.6222541427379635,-1.2059579620041021e-09,43.18321883570457
36.82454969979987,1.126644729045469,6.623878763674571,-1.2059579620041021e-09,43.18321883570457
36.85123415610407,1.125022447437841,6.625501045282198,-1.2059579620041021e-09,43.18321883570457
36.87791861240827,1.1234025017907376,6.627120990929302,-1.2059579620041021e-09,43.18321883570457
36.904603068712476,1.1217848887405564,6.6287386039794844,-1.2059579620041021e-09,43.18321883570457
36.93128752501668,1.1201696049285368,6.630353887791503,-1.2059579620041021e-09,43.18321883570457
36.95797198132088,1.1185566470007555,6.631966845719284,-1.2059579620041021e-09,43.18321883570457
36.984656437625084,1.1169460116081191,6.633577481111921,-1.2059579620041021e-09,43.18321883570457
37.01134089392929,1.1153376954063559,6.635185797313685,-1.2059579620041021e-09,43.18321883570457
37.03802535023349,1.1137316950560099,6.63679179766403,-1.2059579620041021e-09,43.18321883570457
37.06470980653769,1.112128007222434,6.638395485497605,-1.2059579620041021e-09,43.18321883570457
37.091394262841895,1.1105266285757824,6.6399968641442575,-1.2059579620041021e-09,43.18321883570457
37.1180787191461,1.108927555791005,6.6415959369290345,-1.2059579620041021e-09,43.18321883570457
37.1447631754503,1.107330785547839,6.643192707172202,-1.2059579620041021e-09,43.18321883570457
37.1714476317545,1.1057363145308017,6.6447871781892385,-1.2059579620041021e-09,43.18321883570457
37.198132088058706,1.1041441394291867,6.646379353290852,-1.2059579620041021e-09,43.18321883570457
37.22481654436291,1.1025542569370541,6.647969235782986,-1.2059579620041021e-09,43.18321883570457
37.25150100066711,1.1009666637532198,6.649556828966819,-1.2059579620041021e-09,43.18321883570457
37.278185456971315,1.0993813565812531,6.651142136138787,-1.2059579620041021e-09,43.18321883570457
37.30486991327552,1.097798332129473,6.652725160590567,-1.2059579620041021e-09,43.18321883570457
37.33155436957972,1.0962175871109379,6.6543059056091005,-1.2059579620041021e-09,43.18321883570457
37.35823882588392,1.0946391182434398,6.6558843744765985,-1.2059579620041021e-09,43.18321883570457
37.384923282188126,1.0930629222494963,6.657460570470543,-1.2059579620041021e-09,43.18321883570457
37.41160773849233,1.0914889958563447,6.659034496863693,-1.2059579620041021e-09,43.18321883570457
37.43829219479653,1.0899173357959355,6.660606156924104,-1.2059579620041021e-09,43.18321883570457
37.464976651100734,1.0883479388049226,6.662175553915117,-1.2059579620041021e-09,43.18321883570457
37.49166110740494,1.0867808016246623,6.663742691095378,-1.2059579620041021e-09,43.18321883570457
37.51834556370914,1.0852159210012002,6.665307571718838,-1.2059579620041021e-09,43.18321883570457
37.54503002001334,1.0836532936852696,6.666870199034769,-1.2059579620041021e-09,43.18321883570457
37.571714476317545,1.0820929164322812,6.668430576287757,-1.2059579620041021e-09,43.18321883570457
37.59839893262175,1.0805347860023184,6.66998870671772,-1.2059579620041021e-09,43.18321883570457
37.62508338892595,1.0789788991601295,6.67154459355991,-1.2059579620041021e-09,43.18321883570457
37.651767845230154,1.077425252675122,6.673098240044918,-1.2059579620041021e-09,43.18321883570457
37.67845230153436,1.0758738433213548,6.674649649398685,-1.2059579620041021e-09,43.18321883570457
37.70513675783856,1.0743246678775322,6.676198824842507,-1.2059579620041021e-09,43.18321883570457
37.73182121414276,1.0727777231269977,6.677745769593042,-1.2059579620041021e-09,43.18321883570457
37.758505670446965,1.0712330058577204,6.67929048686232,-1.2059579620041021e-09,43.18321883570457
37.78519012675117,1.0696905128622969,6.680832979857742,-1.2059579620041021e-09,43.18321883570457
37.81187458305537,1.0681502409379444,6.682373251782095,-1.2059579620041021e-09,43.18321883570457
37.83855903935957,1.0666121868864915,6.683911305833549,-1.2059579620041021e-09,43.18321883570457
37.865243495663776,1.065076347514372,6.685447145205668,-1.2059579620041021e-09,43.18321883570457
37.89192795196798,1.0635427196326181,6.686980773087421,-1.2059579620041021e-09,43.18321883570457
37.91861240827218,1.0620113000568545,6.688512192663184,-1.2059579620041021e-09,43.18321883570457
37.945296864576385,1.0604820856072907,6.690041407112749,-1.2059579620041021e-09,43.18321883570457
37.97198132088059,1.058955073108715,6.6915684196113245,-1.2059579620041021e-09,43.18321883570457
37.99866577718479,1.0574302593904872,6.693093233329551,-1.2059579620041021e-09,43.18321883570457
38.02535023348899,1.0559076412865336,6.694615851433506,-1.2059579620041021e-09,43.18321883570457
38.052034689793196,1.0543872156353395,6.6961362770847,-1.2059579620041021e-09,43.18321883570457
38.0787191460974,1.0528689792799424,6.697654513440097,-1.2059579620041021e-09,43.18321883570457
38.1054036024016,1.0513529290679247,6.699170563652115,-1.2059579620041021e-09,43.18321883570457
38.132088058705804,1.0498390618514095,6.7006844308686295,-1.2059579620041021e-09,43.18321883570457
38.15877251501001,1.0483273744870525,6.702196118232987,-1.2059579620041021e-09,43.18321883570457
38.18545697131421,1.0468178638360346,6.703705628884005,-1.2059579620041021e-09,43.18321883570457
38.21214142761841,1.0453105267640581,6.705212965955982,-1.2059579620041021e-09,43.18321883570457
38.238825883922615,1.0438053601413366,6.706718132578703,-1.2059579620041021e-09,43.18321883570457
38.26551034022682,1.042302360842586,6.708221131877453,-1.2059579620041021e-09,43.18321883570457
38.29219479653102,1.0408015257470264,6.709721966973013,-1.2059579620041021e-09,43.18321883570457
38.318879252835224,1.039302851738371,6.711220640981667,-1.2059579620041021e-09,43.18321883570457
38.34556370913943,1.0378063357048213,6.712717157015217,-1.2059579620041021e-09,43.18321883570457
38.37224816544363,1.03631197453906,6.714211518180978,-1.2059579620041021e-09,43.18321883570457
38.39893262174783,1.0348197651382431,6.715703727581796,-1.2059579620041021e-09,43.18321883570457
38.425617078052035,1.0333297044039949,6.7171937883160435,-1.2059579620041021e-09,43.18321883570457
38.45230153435624,1.031841789242401,6.718681703477637,-1.2059579620041021e-09,43.18321883570457
38.47898599066044,1.0303560165640022,6.720167476156036,-1.2059579620041021e-09,43.18321883570457
38.50567044696464,1.0288723832837883,6.721651109436251,-1.2059579620041021e-09,43.18321883570457
38.532354903268846,1.0273908863211911,6.723132606398848,-1.2059579620041021e-09,43.18321883570457
38.55903935957305,1.0259115226000777,6.724611970119962,-1.2059579620041021e-09,43.18321883570457
38.58572381587725,1.0244342890487455,6.726089203671294,-1.2059579620041021e-09,43.18321883570457
38.612408272181455,1.022959182599914,6.727564310120125,-1.2059579620041021e-09,43.18321883570457
38.63909272848566,1.0214862001907208,6.729037292529318,-1.2059579620041021e-09,43.18321883570457
38.66577718478986,1.0200153387627136,6.730508153957326,-1.2059579620041021e-09,43.18321883570457
38.69246164109406,1.0185465952618422,6.731976897458196,-1.2059579620041021e-09,43.18321883570457
38.719146097398266,1.0170799666384573,6.733443526081581,-1.2059579620041021e-09,43.18321883570457
38.74583055370247,1.0156154498472971,6.7349080428727435,-1.2059579620041021e-09,43.18321883570457
38.77251501000667,1.0141530418474818,6.736370450872559,-1.2059579620041021e-09,43.18321883570457
38.799199466310874,1.0126927396025138,6.737830753117526,-1.2059579620041021e-09,43.18321883570457
38.82588392261508,1.0112345400802683,6.739288952639771,-1.2059579620041021e-09,43.18321883570457
38.85256837891928,1.009778440252987,6.740745052467053,-1.2059579620041021e-09,43.18321883570457
38.87925283522348,1.0083244370972704,6.742199055622769,-1.2059579620041021e-09,43.18321883570457
38.905937291527685,1.0068725275940729,6.743650965125966,-1.2059579620041021e-09,43.18321883570457
38.93262174783189,1.0054227087286969,6.745100783991343,-1.2059579620041021e-09,43.18321883570457
38.95930620413609,1.0039749774907845,6.7465485152292555,-1.2059579620041021e-09,43.18321883570457
38.985990660440294,1.002529330874313,6.747994161845726,-1.2059579620041021e-09,43.18321883570457
39.0126751167445,1.0010857658775887,6.74943772684245,-1.2059579620041021e-09,43.18321883570457
39.0393595730487,0.9996442795032401,6.750879213216799,-1.2059579620041021e-09,43.18321883570457
39.0660440293529,0.9982048687582108,6.752318623961828,-1.2059579620041021e-09,43.18321883570457
39.092728485657105,0.9967675306537556,6.753755962066284,-1.2059579620041021e-09,43.18321883570457
39.11941294196131,0.9953322622054317,6.755191230514608,-1.2059579620041021e-09,43.18321883570457
39.14609739826551,0.9938990604330947,6.756624432286944,-1.2059579620041021e-09,43.18321883570457
39.17278185456971,0.9924679223608911,6.758055570359148,-1.2059579620041021e-09,43.18321883570457
39.199466310873916,0.9910388450172528,6.759484647702787,-1.2059579620041021e-09,43.18321883570457
39.22615076717812,0.9896118254348901,6.76091166728515,-1.2059579620041021e-09,43.18321883570457
39.25283522348232,0.9881868606507834,6.762336632069257,-1.2059579620041021e-09,43.18321883570457
39.279519679786524,0.9867639477061786,6.763759545013862,-1.2059579620041021e-09,43.18321883570457
39.30620413609073,0.9853430836465843,6.765180409073455,-1.2059579620041021e-09,43.18321883570457
39.33288859239493,0.9839242655217646,6.766599227198276,-1.2059579620041021e-09,43.18321883570457
39.35957304869913,0.9825074903857304,6.76801600233431,-1.2059579620041021e-09,43.18321883570457
39.386257505003336,0.9810927552967355,6.7694307374233045,-1.2059579620041021e-09,43.18321883570457
39.41294196130754,0.9796800573172693,6.77084343540277,-1.2059579620041021e-09,43.18321883570457
39.43962641761174,0.978269393514051,6.772254099205989,-1.2059579620041021e-09,43.18321883570457
39.466310873915944,0.9768607609580239,6.773662731762016,-1.2059579620041021e-09,43.18321883570457
39.49299533022015,0.9754541567243483,6.775069335995692,-1.2059579620041021e-09,43.18321883570457
39.51967978652435,0.974049577892397,6.776473914827643,-1.2059579620041021e-09,43.18321883570457
39.54636424282855,0.9726470215457473,6.777876471174294,-1.2059579620041021e-09,43.18321883570457
39.573048699132755,0.971246484772177,6.779277007947863,-1.2059579620041021e-09,43.18321883570457
39.59973315543696,0.9698479646636565,6.780675528056384,-1.2059579620041021e-09,43.18321883570457
39.62641761174116,0.9684514583163444,6.782072034403697,-1.2059579620041021e-09,43.18321883570457
39.653102068045364,0.9670569628305803,6.78346652988946,-1.2059579620041021e-09,43.18321883570457
39.679786524349566,0.9656644753108793,6.78485901740916,-1.2059579620041021e-09,43.18321883570457
39.70647098065377,0.9642739928659259,6.786249499854114,-1.2059579620041021e-09,43.18321883570457
39.73315543695797,0.9628855126085676,6.787637980111474,-1.2059579620041021e-09,43.18321883570457
39.759839893262175,0.9614990316558074,6.789024461064232,-1.2059579620041021e-09,43.18321883570457
39.78652434956638,0.9601145471287998,6.79040894559124,-1.2059579620041021e-09,43.18321883570457
39.81320880587058,0.958732056152846,6.791791436567195,-1.2059579620041021e-09,43.18321883570457
39.83989326217478,0.9573515558573851,6.793171936862654,-1.2059579620041021e-09,43.18321883570457
39.866577718478986,0.9559730433759904,6.794550449344048,-1.2059579620041021e-09,43.18321883570457
39.89326217478319,0.9545965158463623,6.7959269768736785,-1.2059579620041021e-09,43.18321883570457
39.91994663108739,0.9532219704103224,6.797301522309719,-1.2059579620041021e-09,43.18321883570457
39.946631087391594,0.9518494042138076,6.798674088506233,-1.2059579620041021e-09,43.18321883570457
39.9733155436958,0.9504788144068645,6.800044678313175,-1.2059579620041021e-09,43.18321883570457
40.0,0.949110198143643,6.801413294576397,-1.2059579620041021e-09,43.18321883570457
