time_h,biomass,sugar_ref,ethanol
0.0,0.09999999999999999,85.00000000000001,0.0
0.10005002501250625,0.10093922536055636,84.9945793601156,0.0
0.2001000500250125,0.10188602883738715,84.98911485733478,0.0
0.3001500750375187,0.10284165414822138,84.98359929475897,0.0
0.400200100050025,0.10380610129305909,84.97803267238814,0.0
0.5002501250625312,0.1047793840172311,84.97241491018232,0.0
0.6003001500750375,0.1057617278642905,84.96674469478607,0.0
0.7003501750875437,0.10675321237295646,84.96102156304006,0.0
0.80040020010005,0.10775383754322894,84.95524551494428,0.0
0.9004502251125562,0.10876362144236132,84.94941644524341,0.0
1.0005002501250624,0.10978280189882046,84.94353296840814,0.0
1.1005502751375686,0.110811452662461,84.9375946547902,0.0
1.200600300150075,0.11184957373328293,84.9316015043896,0.0
1.3006503251625812,0.11289717260022132,84.92555347357391,0.0
1.4007003501750874,0.11395436202901008,84.91944990535416,0.0
1.5007503751875937,0.11502125958958591,84.91329011477627,0.0
1.6008004002001,0.1160979676682181,84.90707350535277,0.0
1.7008504252126062,0.11718458865117594,84.90079948059612,0.0
1.8009004502251125,0.11828122492472873,84.89446744401884,0.0
1.9009504752376187,0.11938797887514574,84.88807679913346,0.0
2.0010005002501248,0.12050495288869627,84.88162694945247,0.0
2.101050525262631,0.12163224935164964,84.87511729848835,0.0
2.2011005502751373,0.1227699706502751,84.86854724975365,0.0
2.3011505752876436,0.1239182183665521,84.86191621134176,0.0
2.40120060030015,0.12507706333343474,84.85522376648109,0.0
2.501250625312656,0.12624658527802374,84.84846944774222,0.0
2.6013006503251623,0.12742687782405532,84.84165270854581,0.0
2.7013506753376686,0.1286180345952658,84.8347730023124,0.0
2.801400700350175,0.1298201492153915,84.82782978246266,0.0
2.901450725362681,0.13103331530816864,84.82082250241716,0.0
3.0015007503751874,0.13225762649733352,84.81375061559652,0.0
3.1015507753876936,0.13349317640662245,84.80661357542137,0.0
3.2016008004002,0.13474005865977173,84.79941083531226,0.0
3.301650825412706,0.13599836688218414,84.79214184867998,0.0
3.4017008504252124,0.1372682171553401,84.78480593588634,0.0
3.5017508754377187,0.13854973024423411,84.77740238954412,0.0
3.601800900450225,0.1398430079053797,84.76993061488842,0.0
3.701850925462731,0.14114815189529048,84.76239001715439,0.0
3.8019009504752375,0.14246526397048004,84.75478000157715,0.0
3.9019509754877437,0.14379444588746199,84.74709997339178,0.0
4.0020010005002495,0.14513579940274993,84.73934933783349,0.0
4.102051025512756,0.1464894262728574,84.73152750013735,0.0
4.202101050525262,0.14785542825429798,84.72363386553849,0.0
4.302151075537768,0.14923390710358536,84.71566783927206,0.0
4.402201100550275,0.15062498061022833,84.70762873089937,0.0
4.502251125562781,0.15202878530127678,84.69951573816915,0.0
4.602301150575287,0.1534454322621206,84.69132821064822,0.0
4.702351175587793,0.15487503194008123,84.68306550171103,0.0
4.8024012006003,0.15631769478247998,84.67472696473199,0.0
4.902451225612806,0.15777353123663823,84.66631195308551,0.0
5.002501250625312,0.1592426517498774,84.65781982014603,0.0
5.102551275637818,0.16072516676951878,84.64924991928791,0.0
5.202601300650325,0.1622211867428838,84.64060160388564,0.0
5.302651325662831,0.16373082211729387,84.63187422731359,0.0
5.402701350675337,0.16525419219318901,84.6230670897427,0.0
5.5027513756878434,0.16679144128611043,84.614179341023,0.0
5.60280140070035,0.16834269030052473,84.60521027172716,0.0
5.702851425712856,0.16990805891243688,84.5961591798464,0.0
5.802901450725362,0.17148766801207488,84.58702535611118,0.0
5.9029514757378685,0.17308163970388948,84.57780808399094,0.0
6.003001500750375,0.17469009730655466,84.5685066396943,0.0
6.103051525762881,0.17631316535296718,84.55912029216903,0.0
6.203101550775387,0.17795096959024687,84.54964830310189,0.0
6.3031515757878935,0.17960363697973641,84.54008992691891,0.0
6.4032016008004,0.18127129569700154,84.53044441078507,0.0
6.503251625812906,0.18295407513183093,84.52071099460456,0.0
6.603301650825412,0.18465210588823627,84.51088891102067,0.0
6.703351675837919,0.18636551978445212,84.50097738541578,0.0
6.803401700850425,0.18809444985293602,84.4909756359114,0.0
6.903451725862931,0.18983903034036853,84.48088287336812,0.0
7.003501750875437,0.19159939670765316,84.4706983013857,0.0
7.103551775887944,0.1933756856299164,84.4604211163029,0.0
7.20360180090045,0.19516803461973956,84.45005050917808,0.0
7.303651825912956,0.19697657599799615,84.43958569747994,0.0
7.403701850925462,0.1988014464046309,84.42902587509633,0.0
7.503751875937969,0.20064278577714612,84.4183702177037,0.0
7.603801900950475,0.2025007351881325,84.40761789413358,0.0
7.703851925962981,0.20437543684526904,84.39676806637256,0.0
7.8039019509754874,0.20626703409132316,84.38581988956228,0.0
7.903951975987994,0.20817567140415055,84.37477251199947,0.0
8.004002001000499,0.21010149439669537,84.36362507513586,0.0
8.104052026013006,0.21204464981698998,84.35237671357831,0.0
8.204102051025512,0.21400528554815518,84.3410265550887,0.0
8.304152076038019,0.2159835506084002,84.32957372058402,0.0
8.404202101050524,0.2179795951510225,84.31801732413626,0.0
8.504252126063031,0.21999357046440798,84.30635647297255,0.0
8.604302151075537,0.22202562897203082,84.29459026747499,0.0
8.704352176088044,0.22407592423245365,84.2827178011808,0.0
8.80440220110055,0.22614461093932733,84.27073816078226,0.0
8.904452226113056,0.22823184492139126,84.2586504261267,0.0
9.004502251125562,0.23033778314247294,84.24645367021651,0.0
9.104552276138069,0.2324625808277902,84.23414697190876,0.0
9.204602301150574,0.23460639276439715,84.22172941016808,0.0
9.304652326163081,0.2367693781876525,84.20920004247232,0.0
9.404702351175587,0.23895169742780661,84.19655791963197,0.0
9.504752376188094,0.24115351189372902,84.18380208586223,0.0
9.6048024012006,0.24337498407290822,84.17093157878283,0.0
9.704852426213106,0.24561627753145185,84.15794542941815,0.0
9.804902451225612,0.24787755691408647,84.14484266219716,0.0
9.904952476238119,0.2501589879441579,84.13162229495352,0.0
10.005002501250624,0.2524607374236308,84.11828333892538,0.0
10.105052526263131,0.254782973233089,84.1048247987556,0.0
10.205102551275637,0.2571258643317353,84.09124567249161,0.0
10.305152576288144,0.25948958075739165,84.07754495158548,0.0
10.40520260130065,0.261874293626499,84.06372162089389,0.0
10.505252626313156,0.2642801751341175,84.04977465867812,0.0
10.605302651325662,0.26670739855392606,84.03570303660405,0.0
10.705352676338169,0.2691561382382229,84.02150571974222,0.0
10.805402701350674,0.2716265696179251,84.00718166656775,0.0
10.905452726363182,0.2741188706564884,83.99272981802935,0.0
11.005502751375687,0.2766332262714371,83.97814906430679,0.0
11.105552776388194,0.2791698174413503,83.96343832670817,0.0
11.2056028014007,0.2817288255025546,83.9485965253659,0.0
11.305652826413207,0.28431043294787517,83.9336225732315,0.0
11.405702851425712,0.2869148234266349,83.9185153760756,0.0
11.505752876438219,0.2895421817446551,83.90327383248795,0.0
11.605802901450724,0.2921926938642552,83.88789683387732,0.0
11.705852926463232,0.29486654690425285,83.87238326447158,0.0
11.805902951475737,0.29756392913996377,83.85673200131778,0.0
11.905952976488244,0.30028503000320184,83.84094191428201,0.0
12.00600300150075,0.303030040082279,83.8250118660494,0.0
12.106053026513257,0.30579915112200584,83.80894071212428,0.0
12.206103051525762,0.3085925560236906,83.79272730082997,0.0
12.30615307653827,0.31141044884513974,83.77637047330897,0.0
12.406203101550775,0.314253024800658,83.75986906352281,0.0
12.506253126563282,0.31712048026104844,83.74322189825219,0.0
12.606303151575787,0.320013012753612,83.72642779709679,0.0
12.706353176588294,0.32293082108498533,83.70948557130748,0.0
12.8064032016008,0.32587410913008524,83.69239398775822,0.0
12.906453226613305,0.328843080551989,83.6751518191532,0.0
13.006503251625812,0.33183793851575083,83.657757846748,0.0
13.106553276638317,0.3348588873933402,83.64021084413794,0.0
13.206603301650825,0.3379061327636423,83.62250957725801,0.0
13.30665332666333,0.3409798814124578,83.60465280438285,0.0
13.406703351675837,0.34408034133250337,83.58663927612687,0.0
13.506753376688343,0.34720772172341086,83.56846773544409,0.0
13.60680340170085,0.35036223299172814,83.55013691762827,0.0
13.706853426713355,0.35354408675091825,83.53164555031283,0.0
13.806903451725862,0.3567534958213603,83.51299235347092,0.0
13.906953476738368,0.3599906742303487,83.49417603941531,0.0
14.007003501750875,0.3632558372120936,83.47519531279856,0.0
14.10705352676338,0.3665492012077208,83.45604887061282,0.0
14.207103551775887,0.3698709838652718,83.43673540218997,0.0
14.307153576788393,0.37322140403970333,83.41725358920162,0.0
14.4072036018009,0.37660068179288825,83.397602105659,0.0
14.507253626813405,0.3800090383936146,83.37777961791306,0.0
14.607303651825912,0.3834467775388264,83.35778428531331,0.0
14.707353676838418,0.38691413839039773,83.33761464887472,0.0
14.807403701850925,0.3904111470204662,83.31727055046042,0.0
14.90745372686343,0.3939382111796091,83.29674952035452,0.0
15.007503751875937,0.3974954824071077,83.27605064069454,0.0
15.107553776888443,0.4010831093332063,83.25517300988693,0.0
15.20760380190095,0.40470150819400985,83.23411410303653,0.0
15.307653826913455,0.4083507324423875,83.2128736002785,0.00039812277539402616
15.407703851925962,0.41203097332455346,83.19145033160805,0.0056274537349216384
15.507753876938468,0.41574257482798094,83.1698422123977,0.010905206531437919
15.607803901950975,0.41948577150060745,83.14804781622688,0.01623181767140187
15.70785392696348,0.4232607990481705,83.12606570873025,0.021607727359755403
15.807903951975987,0.4270678943329813,83.10389444757972,0.0270333795412618
15.907953976988493,0.4309072953447165,83.08153258256674,0.03250922201201965
16.008004002000998,0.43477924120801575,83.058978655581,0.03803570638997428
16.108054027013505,0.4386839722126414,83.03623120052106,0.04361328800761706
16.208104052026012,0.4426217297859572,83.01328874336974,0.0492424260201198
16.30815407703852,0.4465927564869187,82.99014980220782,0.05492358343363245
16.408204102051023,0.4505972960000837,82.96681288722768,0.06065722713350268
16.50825412706353,0.4546355931296236,82.9432765007468,0.0664438279124965
16.608304152076037,0.4587078937933338,82.91953913722145,0.07228386049901703
16.708354177088545,0.46281444501664454,82.89559928326022,0.07817780358532475
16.80840420210105,0.4669554948793048,82.87145541782839,0.08412613993729896
16.908454227113555,0.47113129233911566,82.84710601294756,0.09012935671603675
17.008504252126063,0.4753420875583938,82.82254953236968,0.09618794493327396
17.10855427713857,0.479588131786406,82.79778443204029,0.10230239967184714
17.208604302151073,0.4838696773283448,82.7728091602129,0.10847322015704637
17.30865432716358,0.4881869775380334,82.74762215746804,0.11470090978708543
17.408704352176088,0.49254028681063167,82.72222185673184,0.12098597616356961
17.508754377188595,0.4969298605753408,82.69660668329504,0.12732893112196586
17.6088044022011,0.5013559552881085,82.67077505483194,0.13373029076207135
17.708854427213605,0.5058188284179576,82.64472538145354,0.1401905754744869
17.808904452226113,0.5103187381260191,82.61845606742465,0.14671030977452187
17.90895447723862,0.5148559435794098,82.59196550944401,0.15329002253392762
18.009004502251123,0.5194307050455199,82.56525209611326,0.1599302470750233
18.10905452726363,0.5240432837478664,82.53831420869659,0.16663152111540658
18.209104552276138,0.5286939418566982,82.51115022115103,0.17339438679710625
18.309154577288645,0.533382942479603,82.48375850015668,0.18021939071573695
18.40920460230115,0.5381105496521151,82.45613740514686,0.18710708394965303
18.509254627313656,0.5428770283283199,82.42828528833836,0.19405802208910305
18.609304652326163,0.5476826443714616,82.4002004947616,0.20107276526538245
18.70935467733867,0.5525276643264561,82.37188136337988,0.2081518781979181
18.809404702351173,0.5574123551949975,82.3433262281954,0.2152959302411379
18.90945472736368,0.5623369851725744,82.31453341455284,0.2225054953522632
19.009504752376188,0.5673018232924946,82.28550124090008,0.22978115214895392
19.109554777388695,0.5723071393959216,82.25622801892106,0.23712348394015445
19.2096048024012,0.5773532041192616,82.2267120535821,0.24453307875551186
19.309654827413706,0.5824402888815496,82.19695164317811,0.2520105293747956
19.409704852426213,0.5875686658718333,82.166945079379,0.259556433357315
19.509754877438716,0.5927386080365594,82.1366906472759,0.2671713930713382
19.609804902451224,0.5979503890107891,82.10618662570596,0.2748560157324457
19.70985492746373,0.603204282507796,82.07543129026125,0.28261091352801937
19.809904952476238,0.6085005631692059,82.04442290905916,0.29043670350944983
19.90995497748874,0.6138395064296939,82.01315974339681,0.2983340076410668
20.01000500250125,0.6192213883556519,81.9816400485344,0.30630345285321153
20.110055027513756,0.6246464856287709,81.94986207376026,0.31434567107225814
20.210105052526263,0.6301150755296268,81.91782406245616,0.32246129925063843
20.310155077538766,0.6356274359212628,81.8855242521623,0.33065097939686466
20.410205102551274,0.6411838452327747,81.85296087464252,0.3389153586055538
20.51025512756378,0.6467845824428929,81.8201321559495,0.34725508908744923
20.610305152576288,0.6524299265948023,81.78703631883955,0.3556708282333972
20.71035517758879,0.6581201569337684,81.75367158206578,0.36416323863321165
20.8104052026013,0.6638555535501488,81.72003615713754,0.37273298805793953
20.910455227613806,0.6696363969502797,81.68612825045435,0.3813807495197717
21.010505252626313,0.6754629680353473,81.65194606339462,0.39010720130240983
21.110555277638817,0.681335548080713,81.61748779240227,0.398913026991397
21.210605302651324,0.6872544187152374,81.58275162907312,0.4077989155044509
21.31065532766383,0.6932198619006035,81.5477357602414,0.416765561121794
21.410705352676338,0.6992321599106426,81.51243836806624,0.4258136635164868
21.51075537768884,0.7052915948818272,81.47685763230497,0.4349439277687985
21.61080540270135,0.71139844743407,81.4409917373271,0.44415706434597924
21.710855427713856,0.7175529998252633,81.40483885600936,0.453453789250781
21.810905452726363,0.723755534713266,81.36839715602981,0.4628348240065367
21.910955477738867,0.7300063348985618,81.3316648011611,0.47230089567878614
22.011005502751374,0.7363056832987422,81.2946399513813,0.4818527369055819
22.11105552776388,0.7426538629224566,81.25732076298802,0.4914910859278199
22.211105552776388,0.7490511568428269,81.21970538871457,0.5012166866196064
22.31115557778889,0.7554978481703324,81.18179197784914,0.5110302885186491
22.4112056028014,0.7619942200251596,81.14357867635653,0.5209326468566833
22.511255627813906,0.7685405555090167,81.10506362700265,0.5309245225899222
22.611305652826413,0.7751371376764191,81.06624496948182,0.5410066824295415
22.711355677838917,0.7817842495054366,81.02712084054623,0.551179898872193
22.811405702851424,0.7884821738679132,80.98768937413877,0.5614449502305465
22.91145572786393,0.7952311934991473,80.94794870152812,0.5718026206638618
23.011505752876438,0.8020315909670431,80.90789695144652,0.5822537002085922
23.11155577788894,0.8088836486407268,80.86753225023045,0.5927989848090166
23.21160580290145,0.8157876486586311,80.82685272196379,0.6034392763479014
23.311655827913956,0.8227438728960431,80.78585648862366,0.6141753826771925
23.411705852926463,0.8297526029321226,80.74454167022918,0.6250081176487368
23.511755877938967,0.836814118711285,80.70290639175323,0.6359383008764067
23.611805902951474,0.8439286946089887,80.66094880348022,0.6469667569641172
23.71185592796398,0.8510966087095081,80.61866703292257,0.6580943174533862
23.81190595297649,0.8583181391355502,80.5760592038117,0.6693218201059334
23.911955977988992,0.8655935633510271,80.53312343968696,0.6806501087983797
24.0120060030015,0.8729231581147353,80.48985786411286,0.6920800335510634
24.112056028014006,0.8803071994332646,80.44626060090017,0.7036124505568316
24.212106053026513,0.8877459625131388,80.40232977433087,0.7152482222098193
24.312156078039017,0.8952397217121869,80.35806350938711,0.7269882171342069
24.412206103051524,0.9027887504901482,80.31345993198394,0.7388333102129611
24.51225612806403,0.910393321358504,80.26851716920595,0.7507843826165526
24.61230615307654,0.9180537058295449,80.223233349548,0.7628423218316606
24.712356178089042,0.9257701743646667,80.17760660315962,0.7750080216898549
24.81240620310155,0.9335429963218995,80.13163506209332,0.7872823823962637
24.912456228114056,0.9413724399026653,80.08531686055709,0.7996663105582154
25.012506253126563,0.9492587720977695,80.03865013517034,0.8121607192138692
25.112556278139067,0.9572022586326229,79.99163302522419,0.8247665278608233
25.212606303151574,0.9652031639116936,79.9442636729454,0.8374846624847063
25.31265632816408,0.9732617509621915,79.89654022376415,0.8503160555877469
25.41270635317659,0.9813782813769846,79.84846082658596,0.8632616462173285
25.512756378189092,0.9895530157143577,79.80002363236537,0.8763223791835857
25.6128064032016,0.9977862147284249,79.751226789591,0.8894992028036326
25.712856428214106,1.006078136162917,79.70206845627334,0.9027930745065257
25.81290645322661,1.0144290359416583,79.65254679558053,0.9162049586454979
25.912956478239117,1.022839168321454,79.60265997533429,0.9297358261475178
26.013006503251624,1.0313087858338237,79.55240616829255,0.9433866545356443
26.11305652826413,1.039838139226051,79.50178355243523,0.957158427951226
26.213106553276635,1.0484274774015407,79.4507903112541,0.9710521371759349
26.313156578289142,1.057077047359489,79.39942463404579,0.9850687796536488
26.41320660330165,1.0657870941338605,79.3476847162088,0.9992093595121635
26.513256628314156,1.0745578607316821,79.29556875954388,1.0134748875847526
26.61330665332666,1.0833895880706443,79.243074972558,1.0278663814315638
26.713356678339167,1.092282514916013,79.19020157077213,1.0423848653608596
26.813406703351674,1.1012368778168535,79.13694677703226,1.05703137045009
26.91345672836418,1.1102529110415673,79.08330882182459,1.0718069345668135
27.013506753376685,1.1193308465127345,79.02928594359362,1.086712602389454
27.113556778389192,1.1284709137412725,78.9748763890645,1.1017494254278999
27.2136068034017,1.1376733397599046,78.92007841356853,1.1169184620439396
27.313656828414207,1.1469383490559357,78.86489028137248,1.1322207774715414
27.41370685342671,1.1562661635033433,78.80931026601138,1.1476574438369715
27.513756878439217,1.1656570027863786,78.75333664886911,1.163229538983901
27.613806903451724,1.175111085635991,78.69696771486008,1.178938143323473
27.71385692846423,1.1846286264976849,78.64020176441116,1.19478434777311
27.813906953476735,1.194209836780077,78.58303710910249,1.2107692505734762
27.913956978489242,1.203854924995397,78.5254720712625,1.2268939567934931
28.01400700350175,1.2135640966910122,78.4675049843097,1.2431595783408318
28.114057028514257,1.2233375543803475,78.40913419309766,1.259567233972049
28.21410705352676,1.2331754974731934,78.3503580542635,1.276118049302359
28.314157078539267,1.2430781222054144,78.29117493657942,1.2928131568150485
28.414207103551774,1.253045621568046,78.23158322130789,1.3096536958705258
28.51425712856428,1.2630781852357897,78.17158130255976,1.326640812715011
28.614307153576785,1.2731759994948968,78.11116758765597,1.3437756604888658
28.714357178589292,1.283339247170453,78.05034049749246,1.3610593992345632
28.8144072036018,1.2935681075530487,77.98909846690829,1.3784931959042919
28.914457228614307,1.3038627563248488,77.92743994505734,1.396078224367203
29.01450725362681,1.3142233654850548,77.86536339578295,1.4138156654162974
29.114557278639317,1.3246501032747624,77.80286729799629,1.431706706774949
29.214607303651825,1.3351431341012054,77.73995014605758,1.4497525431030645
29.31465732866433,1.3457026184614052,77.67661045016102,1.4679543760028917
29.414707353676835,1.3563287128652044,77.61284673672279,1.486313414024454
29.514757378689342,1.3670215702830821,77.54865754720558,1.5048308710048004
29.61480740370185,1.3777813413792526,77.48404143460264,1.5235079619150633
29.714857428714357,1.3886081710765872,77.41899697384531,1.5423459135066317
29.81490745372686,1.3995021998576591,77.35352275808741,1.561345959938211
29.914957478739368,1.4104635638929517,77.28761739848899,1.5805093421193133
30.015007503751875,1.4214923949639413,77.22127952461324,1.5998373077018497
30.115057528764382,1.432588820385659,77.15450778482636,1.6193311110710993
30.215107553776885,1.4437529629287336,77.0873008467008,1.6389920133360372
30.315157578789393,1.4549849407409114,77.0196573974212,1.6588212823190391
30.4152076038019,1.4662848672680577,76.95157614419365,1.6788201925449462
30.515257628814407,1.4776528511746356,76.88305581465767,1.698990025229501
30.61530765382691,1.4890889962636635,76.81409515730176,1.7193320682671531
30.715357678839418,1.500593401396158,76.74469294188148,1.7398476162182315
30.815407703851925,1.512166160410044,76.67484795984089,1.760537970295481
30.915457728864432,1.5238073620385584,76.60455902473699,1.781404438349974
31.015507753876935,1.5355170898281205,76.53382497266706,1.8024483348563833
31.115557778889443,1.5472954220556931,76.46264466269936,1.8236709808976284
31.21560780390195,1.55914243164561,76.3910169773065,1.845073704148884
31.315657828914457,1.5710581860858956,76.31894082280222,1.8666578388609618
31.41570785392696,1.5830427473440551,76.24641512978097,1.888424725843057
31.515757878939468,1.5950961731656268,76.17343884789584,1.9103757101614063
31.615807903951975,1.6072185202333935,76.10001093301716,1.932512135764944
31.715857928964482,1.619409835563836,76.02613038256429,1.9548353595269556
31.815907953976986,1.6316701599823384,75.95179622137191,1.9773467453461226
31.915957978989493,1.6439995285407167,75.8770075000797,2.000047663293576
32.016008004001996,1.6563979704392646,75.801763295552,2.022939489576359
32.1160580290145,1.668865508948505,75.72606271129939,2.046023606499913
32.21610805402701,1.6814021613306305,75.64990487790259,2.069301402429552
32.31615807903952,1.6940079387606488,75.57328895343858,2.0927742717509625
32.416208104052025,1.7066828462472192,75.49621412390896,2.1164436148297066
32.51625812906453,1.7194268825531878,75.41867960366989,2.140310837969727
32.61630815407704,1.7322400401158211,75.34068463586519,2.1643773533708712
32.71635817908954,1.745122304966734,75.26222849286061,2.1886445790854188
32.816408204102046,1.75807365665152,75.1833104766809,2.2131139389736196
32.91645822911455,1.771094068149068,75.1039299194488,2.2377868626582345
33.01650825412706,1.7841835057905877,75.02408618382616,2.2626647854780884
33.11655827913957,1.7973419291783257,74.94377866345742,2.287749148440639
33.216608304152075,1.8105692911039795,74.86300678341497,2.313041398173543
33.31665832916458,1.8238655374668076,74.78177000064693,2.338542986875237
33.41670835417709,1.8372306071914402,74.70006780442691,2.364255372264524
33.51675837918959,1.850664434630096,74.6178997056944,2.390180014567584
33.6168084042021,1.86416695494959,74.5352652130475,2.4163183699460076
33.716858429214604,1.8777380893002675,74.4521638991529,2.44267190802182
33.81690845422711,1.8913777509989615,74.368595373181,2.469242104354099
33.91695847923962,1.9050858462781073,74.28455927754194,2.4960304393909443
34.017008504252125,1.9188622742180417,74.20005528827566,2.5230383983936773
34.11705852926463,1.9327069266793826,74.11508311544212,2.550267471359594
34.21710855427714,1.9466196882354814,74.02964250351204,2.57771915294328
34.31715857928964,1.9606004361049505,73.94373323175832,2.6053949423764724
34.41720860430215,1.9746490400842671,73.85735511464759,2.633296343386501
34.517258629314654,1.988765362480452,73.77050800223259,2.6614248641132594
34.61730865432716,2.0029492580438215,73.68319178054465,2.6897820170247506
34.71735867933967,2.017200573900823,73.5954063719871,2.7183693188311935
34.817408704352175,2.031519149486931,73.50715173572846,2.747188290397673
34.91745872936468,2.045904816479636,73.41842786809703,2.7762404566553593
35.01750875437719,2.060357398731495,73.32923480297497,2.805527346511276
35.11755877938969,2.074876712203263,73.2395726121937,2.835050492756636
35.2176088044022,2.0894625648971035,73.14944140592908,2.8648114319737292
35.317658829414704,2.1041147567898633,73.05884133309755,2.8948117044413584
35.41770885442721,2.1188330797664343,72.96777258175251,2.9250528540388534
35.51775887943972,2.133617321143116,72.87623536265478,2.9555364245666986
35.617808904452225,2.148467271007696,72.78422987495483,2.986263952257599
35.71785892946473,2.163382701614256,72.69175640285756,3.0172369861691255
35.81790895447724,2.1783633761817742,72.59881527447011,3.0484570792367847
35.91795897948974,2.193409049933099,72.50540685701998,3.0799257870680186
36.01800900450225,2.208519470051584,72.4115315571474,3.111644667814798
36.118059029514754,2.2236943756383236,72.31718982119557,3.1436152820442125
36.21810905452726,2.238933497669994,72.22238213549896,3.175839192607108
36.31815907953977,2.2542365589573032,72.12710902666943,3.208317964504755
36.418209104552275,2.269603274104043,72.03137106188053,3.2410531647535397
36.51825912956478,2.285033349466742,71.93516884914968,3.2740463622476828
36.61830915457729,2.3005264831149295,71.83850303761838,3.307299127619997
36.71835917958979,2.3160823647920017,71.74137431783032,3.340813033100662
36.8184092046023,2.331700675876691,71.64378342200767,3.3745896523740457
36.918459229614804,2.3473810893451406,71.54573112432514,3.408630560433532
37.01850925462731,2.3631232697335878,71.44721824118213,3.4429373334343967
37.11855927963982,2.3789268731016424,71.34824563147299,3.4775115485447055
37.218609304652325,2.3947915469961853,71.24881419685497,3.5123547837942417
37.31865932966483,2.4107169304158518,71.14892488201446,3.5474686179214685
37.41870935467734,2.4267026537761414,71.04857867493097,3.582854630218507
37.51875937968984,2.44274834319554,70.94777658604299,3.6185143964455673
37.61880940470235,2.4588536288023093,70.84651960778166,3.654449481087963
37.718859429714854,2.475018120876375,70.74480883116546,3.690661458859391
37.81890945472736,2.491241420259458,70.64264539506539,3.7271519050435353
37.91895947973987,2.507523119543816,70.54003048049884,3.763922394219266
38.019009504752376,2.523862803067596,70.43696531075165,3.800974500069604
38.11905952976488,2.5402600469113907,70.33345115149501,3.8383097951881515
38.21910955477739,2.5567144188960254,70.22948931089769,3.8759298508829914
38.31915957978989,2.573225478581561,70.12508113973294,3.913836236978057
38.4192096048024,2.58979277726753,70.02022803148047,3.9520305216119747
38.519259629814904,2.6064158579943766,69.91493142242335,3.990514271034353
38.61930965482741,2.623094255546135,69.80919279174009,4.02928904939957
38.71935967983992,2.63982749645432,69.70301366159136,4.068356418558008
38.819409704852426,2.656615099003044,69.59639559720202,4.107717937844767
38.91945972986493,2.673456573235353,69.48934020693785,4.147375163865834
39.01950975487743,2.690351420960785,69.3818491423774,4.187329650281742
39.11955977988994,2.707299135764157,69.2739240983789,4.227582947588679
39.21960980490245,2.724299203015555,69.16556681314187,4.268136602897063
39.319659829914954,2.7413510998815718,69.05677906826399,4.3089921597076035
39.41970985492746,2.7584542953377422,68.94756268879281,4.350151157684816
39.51975987993997,2.775608254385755,68.83791952164893,4.391615128766877
39.619809904952476,2.79281244564744,68.72785139667984,4.433385590332946
39.71985992996498,2.810066319039351,68.61736024162417,4.475464064427787
39.81990995497748,2.8273693157311652,68.50644803100523,4.517852068866827
39.91995997998999,2.84472086925295,68.39511678055705,4.560551116048809
40.0200100050025,2.862120405540032,68.28336854711702,4.6035627126922405
40.120060030015004,2.8795673429796858,68.17120542851028,4.646888359568836
40.22011005502751,2.8970610924596163,68.05862956342602,4.690529551233896
40.32016008004002,2.9146010574182455,67.94564313128606,4.734487775753662
40.420210105052526,2.9321866338968112,67.83224835210508,4.778764514429639
40.52026013006503,2.949817210593256,67.7184474863431,4.823361241519853
40.62031015507753,2.9674921689179294,67.6042428347497,4.8682794239571
40.72036018009004,2.9852108830510975,67.4896367382004,4.913520521064147
40.82041020510255,3.00297272000224,67.37463157752514,4.959085984265867
40.920460230115054,3.0207770396711657,67.25922977332824,5.004977256798386
41.02051025512756,3.0386231949109304,67.14343378580091,5.051195773415151
41.12056028014007,3.056510531592549,67.02724611452547,5.097742960089976
41.220610305152576,3.0744383886715214,66.91066929827153,5.144620233717046
41.32066033016508,3.0924060982561583,66.7937059147842,5.191829001807887
41.42071035517758,3.1104129856777045,66.67635858056441,5.239370662185288
41.52076038019009,3.128458372410115,66.55862993425437,5.287246600355781
41.6208104052026,3.1465415809296546,66.44052260886377,5.335458185301297
41.720860430215104,3.164661920203396,66.32203931546032,5.384006781039299
41.82091045522761,3.182818692353987,66.2031828050136,5.4328937409417435
41.92096048024012,3.201011193414195,66.08395586424881,5.482120406863957
42.021010505252626,3.2192387134243474,65.96436131528415,5.531688108806925
42.12106053026513,3.2375005365319667,65.84440201525764,5.581598164576198
42.22111055527763,3.2557959410935777,65.72408085594394,5.631851879437469
42.32116058029014,3.274124199778721,65.60340076336087,5.682450545768804
42.42121060530265,3.2924845796761253,65.48236469736571,5.733395442709494
42.521260630315155,3.31087634240209,65.36097565124146,5.7846878358055855
42.62131065532766,3.329298744211044,65.23923665127244,5.836328976652065
42.72136068034017,3.3477510361082867,65.11715075631025,5.888320102531657
42.821410705352676,3.36623246396492,64.99472105732902,5.94066243605032
42.92146073036518,3.3847422686349655,64.87195067697083,5.993357184769356
43.02151075537768,3.4032796860746695,64.74884276908044,6.046405540834181
43.12156078039019,3.4218439474639855,64.62540051823048,6.099808680599777
43.2216108054027,3.440434279330257,64.50162713923564,6.1535677642527205
43.321660830415205,3.459049903674067,64.37752587665733,6.207683935429944
43.42171085542771,3.477690038097293,64.25310000429769,6.26215832083409
43.52176088044022,3.496353896121721,64.12835281990213,6.3169920304579925
43.621810905452726,3.5150406876158473,64.00328763716124,6.372186158150412
43.72186093046523,3.533749617999661,63.87790780877421,6.427741778198454
43.82191095547773,3.552479888807491,63.752216715088196,6.483659946314697
43.92196098049024,3.5712306978678554,63.62621776250427,6.539941699368672
44.02201100550275,3.590001239445663,63.49991438288345,6.59658805498555
44.122061030515255,3.608790704386657,63.37331003294175,6.6536000111416165
44.22211105552776,3.6275982802640536,63.24640819363456,6.710978545756442
44.32216108054027,3.6464231515273915,63.11921236953003,6.768724616281782
44.422211105552776,3.665264499653595,62.991726088171724,6.826839159287221
44.52226113056528,3.684121503300242,62.86395289943043,6.8853230900425455
44.62231115557778,3.7029933384610563,62.735896374845005,6.944177302096829
44.72236118059029,3.7218791786235936,62.6075601069525,7.003402666854281
44.8224112056028,3.7407781949291454,62.478947708607514,7.063000033146777
44.922461230615305,3.759689556334855,62.35006281229045,7.122970226803169
45.02251125562781,3.77861242977804,62.2209090694052,7.1833140502152935
45.12256128064032,3.797545980342731,62.091490149565864,7.244032281900724
45.222611305652826,3.8164893714284136,61.961809739872585,7.305125676062246
45.322661330665326,3.835441764920982,61.83187154417668,7.366594962144063
45.42271135567783,3.854402321365915,61.701679282334794,7.4284408443847525
45.52276138069034,3.8733701968232115,61.57123670085434,7.490664006888035
45.62281140570285,3.8923445382325865,61.44054758865129,7.553265121171119
45.722861430715355,3.911324499384105,61.30961572204776,7.616244819451224
45.82291145572786,3.930309233759915,61.17844488918857,7.679603706390663
45.92296148074037,3.9492978940606913,61.04703889150004,7.743342359727149
46.023011505752876,3.9682896323739514,60.91540154294131,7.80746132983725
46.123061530765376,3.98728360034417,60.783536669246374,7.871961139297228
46.22311155577788,4.006278949344678,60.651448107156554,7.936842282441345
46.32316158079039,4.025274830651353,60.5191397036437,8.002105224917555
46.4232116058029,4.044270395618098,60.386615315124,8.067750403240655
46.523261630815405,4.063264795854126,60.25387880666227,8.133778224342867
46.62331165582791,4.082257183403009,60.12093405116695,8.200189065121817
46.72336168084042,4.101246710923545,59.987784928575714,8.266983271985978
46.823411705852926,4.120232531872402,59.854435325031524,8.334161160397496
46.92346173086543,4.139213800688547,59.720889132049514,8.401723014412498
47.023511755877934,4.158189672979487,59.58715024567431,8.469669086218797
47.12356178089044,4.177159305709276,59.45322256562796,8.537999595671003
47.22361180590295,4.196121857388331,59.31910999444856,8.60671472982311
47.323661830915455,4.21507648826503,59.1848164366194,8.675814642458477
47.42371185592796,4.2340223605190985,59.05034579768872,8.745299453617251
47.52376188094047,4.252958631733033,58.91570201131958,8.815169261494027
47.62381190595298,4.271884446078266,58.780889075833464,8.885424158541408
47.72386193096548,4.290798965317748,58.64591092530225,8.956064174305798
47.823911955977984,4.30970135448315,58.510771488979415,9.027089301669823
47.92396198099049,4.328590780862452,58.37547469542065,9.098499498602184
48.024012006003,4.34746641416848,58.24002447169513,9.170294687735218
48.124062031015505,4.36632742670838,58.1044247425909,9.242474755941338
48.22411205602801,4.385172993554088,57.96867942981429,9.31503955390843
48.32416208104052,4.404002292713753,57.83279245118336,9.387988895714235
48.42421210605303,4.422814505304118,57.69676771981534,9.461322558399619
48.52426213106553,4.441608815723881,57.56060914330815,9.535040281540821
48.624312156078034,4.460384411828018,57.424320622915864,9.609141766820667
48.72436218109054,4.4791404851030645,57.28790605271835,9.68362667759866
48.82441220610305,4.49787623084337,57.151369318784745,9.758494638480093
48.924462231115555,4.516590848328329,57.01471429833114,9.833745234884061
49.02451225612806,4.535283541000552,56.877944858872134,9.909378012610437
49.12456228114057,4.55395351664502,56.741064857366545,9.985392477405771
49.22461230615308,4.572599987569217,56.60407813935709,10.061788094528168
49.32466233116558,4.591222170784196,56.46698853810409,10.13856428831109
49.424712356178084,4.609819288186639,56.32979987371316,10.215720441726106
49.52476238119059,4.628390557865033,56.192515991750156,10.293255916272393
49.6248124062031,4.646935183321404,56.05514081112789,10.371170076640714
49.724862431215605,4.665452392825875,55.91767814895046,10.449462200575324
49.82491245622811,4.6839414208742065,55.78013180293954,10.528131521320134
49.92496248124062,4.70240150691441,55.64250555702908,10.607177230520179
50.02501250625313,4.720831895488926,55.50480318066035,10.686598477882617
50.12506253126563,4.739231836376695,55.36702842807581,10.766394370839127
50.225112556278134,4.757600584735161,55.22918503761171,10.846563974209682
50.32516258129064,4.775937401242153,55.091276730989385,10.927106309867629
50.42521260630315,4.794241552237702,54.953307212605324,11.008020356406208
50.525262631315655,4.812512309865749,54.81528016881991,11.089305048806391
50.62531265632816,4.83074895221577,54.677199267244994,11.17095927810611
50.72536268134067,4.8489507634643125,54.53906815603012,11.252981891070863
50.82541270635318,4.8671170340164265,54.40089046314748,11.33537168986564
50.92546273136568,4.885247060647015,54.26266979567566,11.41812743172826
51.025512756378184,4.903340146642102,54.12440973908206,11.501247828644091
51.12556278139069,4.921395601939979,53.986113856504126,11.584731547022063
51.2256128064032,4.939412743272298,53.847785688029184,11.66857720737211
51.325662831415706,4.957390894305037,53.70942874997318,11.752783383983983
51.42571285642821,4.975329385779408,53.57104653415797,11.837348604607389
51.52576288144072,4.993227546710665,53.43264254906374,11.92227137758083
51.62581290645322,5.0110846943932,53.294220366570194,12.007550222625724
51.72586293146573,5.028900172536535,53.15578344329334,12.093183553904181
51.825912956478234,5.046673332984784,53.017335206125836,12.179169736247902
51.92596298149074,5.064403534520018,52.87887905776967,12.265507088949335
52.02601300650325,5.082090142957887,52.74041837621534,12.352193885587262
52.126063031515756,5.0997325312421244,52.60195651422454,12.439228353856986
52.22611305652826,5.117330079537919,52.46349679881665,12.52660867540503
52.32616308154077,5.134882175324157,52.32504253075858,12.614332985668398
52.42621310655327,5.1523882134845405,52.1865969840583,12.702399373718366
52.52626313156578,5.169847596397587,52.048163405461956,12.790805882108845
52.626313156578284,5.187259734025488,51.9097450139545,12.879550506729256
52.72636318159079,5.204624044001848,51.77134500026402,12.968631196661956
52.8264132066033,5.221939951718307,51.63296652636951,13.05804585404424
52.926463231615806,5.239206890410008,51.494612725012296,13.14779233393484
53.02651325662831,5.256424301239978,51.35628669921106,13.237868444185011
53.12656328164082,5.273591633382338,51.21799152178047,13.328271945314135
53.22661330665332,5.290708344104431,51.07973023485318,13.419000550389873
53.32666333166583,5.307773898847783,50.94150584940573,13.510051924912895
53.426713356678334,5.3247877713079665,50.80332134478779,13.60142368670609
53.52676338169084,5.341749436709483,50.66517970231351,13.693113436580612
53.62681340670335,5.358658364837056,50.52708394007014,13.785118790103146
53.726863431715856,5.375514047944662,50.38903697313487,13.877437251618245
53.82691345672836,5.392315987149621,50.251041681603596,13.97006627603309
53.92696348174087,5.409063691583797,50.11310091475862,14.063003272904016
54.02701350675337,5.4257566784336175,49.97521749078495,14.156245606502646
54.12706353176588,5.442394472978198,49.837394196494124,14.24979059589003
54.227113556778384,5.458976608625558,49.699633787055475,14.343635514998777
54.32716358179089,5.475502626946961,49.56193898573477,14.437777592723215
54.4272136068034,5.491972077709371,49.424312483640215,14.532214013017544
54.527263631815906,5.508384518905979,49.28675693947596,14.62694191500201
54.62731365682841,5.524739516784886,49.14927497930294,14.721958393077074
54.72736368184092,5.541036645875851,49.01186919630726,14.817260497045597
54.82741370685342,5.557275489015178,48.87454215057577,14.91284523224302
54.92746373186593,5.573455637368691,48.73729636887927,15.008709559675578
55.027513756878434,5.589576690452829,48.60013434446302,15.10485039616648
55.12756378189094,5.605638256153836,48.463058536844706,15.20126461451013
55.22761380690345,5.621639950745074,48.326071371619754,15.297949043634354
55.327663831915956,5.637581398902428,48.18917524027414,15.39490046877061
55.42771385692846,5.653462233717842,48.052372500004566,15.492115631632231
55.52776388194097,5.669282093566805,47.91566549223199,15.58959125766863
55.62781390695347,5.685040619158876,47.77905656002375,15.687324081735792
55.72786393196598,5.700737465924439,47.64254797436637,15.785310741727477
55.827913956978485,5.71637229785169,47.50614197067843,15.883547831894553
55.92796398199099,5.731944787104507,47.36984075096294,15.982031906387979
56.0280140070035,5.747454614009761,47.23364648376043,16.08075947961308
56.128064032016006,5.762901467042368,47.09756130411132,16.179727026594758
56.22811405702851,5.778285042808119,46.961587313527964,16.27893098335378
56.32816408204102,5.793605046024276,46.82572657997601,16.37836774729389
56.42821410705352,5.808861189497911,46.68998113786531,16.4780336776
56.52826413206603,5.824053194102043,46.55435298805012,16.577925095647338
56.628314157078535,5.8391807887495,46.41884409783903,16.678038285421483
56.72836418209104,5.85424371036458,46.28345640101409,16.778369493949484
56.82841420710355,5.869241703852446,46.14819179785958,16.878914931741846
56.928464232116056,5.884174522066312,46.01305215520007,16.979670773245566
57.02851425712856,5.899041925772365,45.87803930644811,17.080633157308093
57.12856428214107,5.913843683612475,45.74315505166127,17.181798187652255
57.22861430715357,5.9285795720646535,45.60840115760863,17.28316193336218
57.32866433216608,5.943249375401285,45.47377935784684,17.384720429380195
57.428714357178585,5.957852885645111,45.33929135280548,17.486469677014625
57.52876438219109,5.972389903398944,45.20493881067763,17.588405658734423
57.6288144072036,5.986860238541728,45.070723368200426,17.69052435083329
57.728864432216106,6.001263706859525,44.936646627755,17.792821669890362
57.82891445722861,6.015600131668964,44.80271015901234,17.895293500643323
57.92896448224111,6.029869343859254,44.66891549915434,17.997935698135123
58.02901450725362,6.044071181838793,44.535264153019625,18.100744088353384
58.12906453226613,6.058205491479614,44.401757593258935,18.203714468882186
58.229114557278635,6.072272126059718,44.26839726050013,18.306842609566377
58.32916458229114,6.0862709462032365,44.13518456352257,18.410124253188467
58.42921460730365,6.100201819818468,44.002120879441215,18.513555116157846
58.529264632316156,6.114064622033768,43.86920755390012,18.617130889212596
58.62931465732866,6.127859235131288,43.736445901275616,18.720847238133814
58.72936468234116,6.1415855484785835,43.603837204888876,18.82469980447232
58.82941470735367,6.1552434584580675,43.47138271722815,18.928684206287958
58.92946473236618,6.1688328683943325,43.33908366018049,19.032796038901306
59.029514757378685,6.182353688479319,43.206941225273056,19.137030875657942
59.12956478239119,6.195805835695345,43.07495657392389,19.241384268705133
59.2296148074037,6.209189233736,42.943130837702284,19.34585174978108
59.329664832416206,6.222503812924872,42.81146511859869,19.450428831016595
59.42971485742871,6.23574951013217,42.679960489304165,19.555111005749296
59.529764882441214,6.248926272817911,42.54861797903994,19.659893742537527
59.62981490745372,6.2620340620898425,42.41743856283953,19.764772480809025
59.72986493246623,6.275072837569589,42.28642321454323,19.869742656536417
59.829914957478735,6.288042565005369,42.15557288013267,19.974799690388014
59.92996498249124,6.300943216590764,42.02488847661212,20.079938987923157
60.03001500750375,6.313774770886949,41.89437089228041,20.18515594045082
60.13006503251626,6.326537212743209,41.7640209870109,20.290445925900016
60.230115057528764,6.339230533215737,41.633839592539545,20.39580430970196
60.330165082541264,6.351854729484728,41.50382751276095,20.501226445684036
60.43021510755377,6.364409804769744,41.373985524032484,20.606707676975557
60.53026513256628,6.376895768243376,41.24431437548651,20.712243336925255
60.630315157578785,6.389312634943169,41.11481478935058,20.81782875003061
60.73036518259129,6.401660425681867,40.98548746127563,20.923459232878937
60.8304152076038,6.413939166955904,40.8563330606724,21.029130095100268
60.93046523261631,6.426148890852215,40.72735223105568,21.134836640332008
61.030515257628814,6.438289634953294,40.59854559039676,21.240574167195362
61.130565282641314,6.450361442240576,40.469913731483906,21.346337970283578
61.23061530765382,6.462364360996073,40.341457222290735,21.45212334116195
61.33066533266633,6.47429844470231,40.21317660635284,21.5579255693796
61.430715357678835,6.48616375194054,40.08507240315236,21.663739943493052
61.53076538269134,6.497960352223818,39.957145084755425,21.76956172044001
61.63081540770385,6.509688329909047,39.829395060137784,21.875386105161162
61.73086543271636,6.521347763291636,39.701822758818224,21.981208362583576
61.830915457728864,6.532938735295007,39.57442858806658,22.08702376110146
61.930965482741364,6.5444613338938575,39.4472129311933,22.192827570812643
62.03101550775387,6.555915652027975,39.32017614787863,22.29861506447489
62.13106553276638,6.567301787514924,39.19331857450758,22.404381518470583
62.231115557778885,6.578619842961623,39.06664052451046,22.51012221378017
62.33116558279139,6.58986992567481,38.940142288709154,22.61583243696418
62.4312156078039,6.60105214757038,38.813824135668874,22.72150748115373
62.53126563281641,6.612166625081617,38.687686312055774,22.82714264704974
62.631315657828914,6.623213479066292,38.56172904300002,22.932733243930684
62.731365682841414,6.634192834712675,38.4359525324647,23.038274590668895
62.83141570785392,6.645104821444386,38.310356963620166,23.143762016755566
62.93146573286643,6.655949572824181,38.18494249922426,23.249190863334245
63.031515757878935,6.6667272264565645,38.05970928200803,23.354556484242924
63.13156578289144,6.677437923889342,37.93465743506711,23.459854247064804
63.23161580790395,6.68808181051401,37.8097870622588,23.56507953418756
63.33166583291646,6.698659035465051,37.68509824860481,23.670227743871266
63.431715857928964,6.70916975151812,37.56059106069955,23.775294291324823
63.531765882941464,6.719614121194088,37.43626552079273,23.88027455692285
63.63181590795397,6.729992320343952,37.312121591559595,23.98516385587868
63.73186593296648,6.74030451714339,37.18815926518982,24.089957617364686
63.831915957978985,6.750550882986999,37.06437851715174,24.194651291926114
63.93196598299149,6.760731592880946,36.940779304507636,24.2992403483412
64.03201600800399,6.7708468253608,36.81736156624413,24.403720274524634
64.1320660330165,6.780896762408875,36.69412522360568,24.508086578434472
64.232116058029,6.790881589371035,36.57107018043109,24.612334788982416
64.33216608304151,6.800801494873012,36.44819632349324,24.7164604569475
64.43221610805402,6.810656670736214,36.325503522841665,24.82045915589318
64.53226613306653,6.820447311893022,36.20299163214834,24.924326483087828
64.63231615807904,6.830173616301578,36.08066048905649,25.028058060428616
64.73236618309154,6.839835784860068,35.958509915532474,25.13164953536881
64.83241620810405,6.849434021320503,35.83653971822077,25.23509658184846
64.93246623311656,6.858968532201982,35.71474968880187,25.33839490122848
65.03251625812906,6.8684395267034555,35.593139604353446,25.441540223228156
65.13256628314157,6.877847216615975,35.47170922771448,25.54452830686601
65.23261630815408,6.887191816234448,35.3504583078524,25.647354941404107
65.33266633316659,6.896473542268867,35.22938658023346,25.750015947295747
65.43271635817908,6.9056926137550425,35.10849376719593,25.852507177136527
65.53276638319159,6.914849257264209,34.98777955481932,25.954824453682193
65.63281640820409,6.923943709539855,34.867243581206786,26.05696353841835
65.7328664332166,6.932976200264304,34.74688551290969,26.15892033611219
65.8329164582291,6.941946961115031,34.626705004735875,26.260690787137683
65.93296648324161,6.95085622605433,34.50670169844599,26.362270863913178
66.03301650825412,6.959704231258941,34.38687522304805,26.46365657161243
66.13306653326663,6.968491215049647,34.26722519509263,26.564843948873023
66.23311655827914,6.977217417820906,34.147751218968956,26.6658290685022
66.33316658329164,6.98588308197046,34.028452887201794,26.766608038180095
66.43321660830415,6.994488451828939,33.90932978074918,26.867177001160236
66.53326663331666,7.003033773589486,33.79038146930092,26.967532136967556
66.63331665832916,7.011519295237358,33.671607511577925,27.06766966209373
66.73336668334167,7.0199452664795485,33.553007455632404,27.167585830689873
66.83341670835418,7.028311938674388,33.43458083914881,27.267276935256664
66.93346673336669,7.036619564761158,33.31632718974562,27.36673930733181
67.03351675837918,7.044868399189703,33.19824602527801,27.465969318174917
67.13356678339169,7.053058697850036,33.08033685414113,27.564963379449754
67.2336168084042,7.061190718001947,32.96259917557452,27.663717943903826
67.3336668334167,7.06926471820461,32.84503247996708,27.762229506045433
67.43371685842921,7.077280958246194,32.72763624916289,27.86049460281801
67.53376688344171,7.085239702839468,32.6104099391877,27.958509756550054
67.63381690845422,7.0931412231988515,32.4933529728657,28.056271450373544
67.73386693346673,7.100985785272108,32.37646479473587,28.153776308185854
67.83391695847924,7.108773655999111,32.25974484181536,28.251020998305744
67.93396698349174,7.116505103482869,32.14319254278261,28.348002230434524
68.03401700850425,7.124180396934299,32.02680731821709,28.444716756081938
68.13406703351676,7.131799806617387,31.910588580838475,28.541161368984028
68.23411705852926,7.139363603794679,31.79453573574474,28.637332905513045
68.33416708354177,7.146872060673109,31.678648180649684,28.73322824507929
68.43421710855428,7.154325450350209,31.562925306119418,28.828844310525014
68.53426713356679,7.161724046760642,31.44736649580816,28.924178068510287
68.63431715857928,7.169068124623101,31.331971126693187,29.019226529890904
68.73436718359179,7.176357959387556,31.216738569308877,29.113986750088248
68.8344172086043,7.183593827182837,31.10166818798008,29.208455829451186
68.9344672336168,7.190776004764592,30.986759341054583,29.302630913609946
69.03451725862931,7.19790476946358,30.87201138113467,29.39650919382202
69.13456728364181,7.204980399134308,30.75742365530806,29.49008790731007
69.23461730865432,7.212003172104038,30.642995505377822,29.58336433759177
69.33466733366683,7.218973367122126,30.52872626809161,29.67633581480177
69.43471735867934,7.225891263309719,30.414615275369997,29.76899971600554
69.53476738369184,7.232757142229727,30.30066184374246,29.86135342695086
69.63481740870435,7.239571288606177,30.186865270659652,29.9533943283809
69.73486743371686,7.246333983955241,30.073224866890154,30.045119911259007
69.83491745872936,7.253045510003689,29.959739939094852,30.136527713991093
69.93496748374187,7.259706148760881,29.846409789437473,30.227615320506917
70.03501750875438,7.266316182478914,29.733233715765593,30.318380360374377
70.13506753376689,7.27287589361329,29.62021101178981,30.408820508902377
70.23511755877938,7.2793855647841434,29.507340967261165,30.498933487232026
70.33516758379189,7.2858454787380005,29.394622868146662,30.58871706241662
70.4352176088044,7.292255918310084,29.282055996803134,30.678169047489764
70.5352676338169,7.298617166387168,29.169639632149185,30.767287301522288
70.63531765882941,7.304929505870962,29.05737304983538,30.85606972966753
70.73536768384191,7.311193219642053,28.945255522412612,30.944514283195133
70.83541770885442,7.317408590524379,28.833286319498693,31.03261895951336
70.93546773386693,7.32357590125025,28.72146470794313,31.120381802179903
71.03551775887944,7.329695434425912,28.60978995199007,31.207800900901162
71.13556778389194,7.335767472497655,28.49826131343951,31.294874391520093
71.23561780890445,7.341792297718463,28.386878051806637,31.38160045599247
71.33566783391696,7.347770192115198,28.27563942447938,31.467977322351715
71.43571785892946,7.35370143745635,28.164544686874244,31.554003264662185
71.53576788394197,7.3595863159281585,28.053593087865362,31.639676591274416
71.63581790895448,7.365425110308962,27.942783868565016,31.724995641362437
71.73586793396697,7.371218101914463,27.8321162759842,31.809958818259645
71.83591795897948,7.376965571693958,27.721589555663346,31.894564570771173
71.93596798399199,7.382667800236334,27.611202951581753,31.978811392482438
72.0360180090045,7.3883250677437875,27.50095570628435,32.062697821598626
72.136068034017,7.393937654006142,27.39084706100632,32.146222440771616
72.23611805902951,7.3995058383757515,27.280876255795494,32.22938387691447
72.33616808404201,7.405029899743043,27.171042529632512,32.312180801003215
72.43621810905452,7.410510116512626,27.061345120548797,32.39461192786626
72.53626813406703,7.415946766580042,26.95178326574224,32.47667601596117
72.63631815907954,7.4213401273091035,26.842356201690755,32.558371867138995
72.73636818409204,7.426690475509833,26.73306316426352,32.63969832639588
72.83641820910455,7.431998087417024,26.623903388830083,32.720654281612404
72.93646823411706,7.437263238669388,26.51487611036719,32.80123866328018
73.03651825912956,7.442486204289326,26.4059805635634,32.881450444216
73.13656828414207,7.4476672586633,26.297215982921504,32.96128863926344
73.23661830915458,7.452806675522792,26.188581602858694,33.04075230498185
73.33666833416707,7.4579047279259045,26.080076657804558,33.119840539323036
73.43671835917958,7.4629616882395275,25.971700382296767,33.19855248129508
73.53676838419209,7.467977827810905,25.863452010905366,33.276887325222894
73.6368184092046,7.472953416882513,25.755330778286833,33.354844323603366
73.7368684342171,7.477888725429165,25.64733591973708,33.43242274668766
73.83691845922961,7.482784022661077,25.539466671016424,33.509621904698506
73.93696848424212,7.487639576995321,25.431722268426768,33.58644114807723
74.03701850925462,7.492455656040477,25.32410194889338,33.6628798671272
74.13706853426713,7.497232526581871,25.21660495004443,33.73893749164605
74.23711855927964,7.501970454567388,25.109230510288306,33.81461349054643
74.33716858429214,7.506669705093856,25.001977868888694,33.8899073714657
74.43721860930465,7.511330542394024,24.894846266037447,33.96481868036423
74.53726863431716,7.515953229824105,24.787834942925134,34.039347001112546
74.63731865932967,7.520538029851901,24.680943141809472,34.11349195506691
74.73736868434217,7.525085204045522,24.574170106081432,34.18725320063407
74.83741870935468,7.529595013062651,24.467515080329143,34.2606304328243
74.93746873436717,7.534067716640425,24.360977310399583,34.33362338279356
75.03751875937968,7.538503573585867,24.254556043457953,34.406231817374014
75.13756878439219,7.5429028417669075,24.148250528044937,34.4784555385935
75.2376188094047,7.54726577810399,24.042060014131636,34.550294383183754
75.3376688344172,7.551592638562237,23.935983753172295,34.62174822207714
75.43771885942971,7.555883678144225,23.83002099815478,34.692816959892355
75.53776888444222,7.560139149959743,23.724171006373286,34.76350056793262
75.63781890945472,7.56435930507924,23.61843303988878,34.8337990887479
75.73786893446723,7.568544394953405,23.51280635841885,34.90371254755917
75.83791895947974,7.5726946700193505,23.40729022347649,34.97324100211389
75.93796898449224,7.576810379660507,23.301883898514788,35.04238454341274
76.03801900950475,7.5808917721994975,23.196586648973973,35.111143295249775
76.13806903451726,7.584939094891489,23.091397742326446,35.17951741374434
76.23811905952977,7.588952593918047,22.98631644811974,35.24750708686457
76.33816908454227,7.5929325143815065,22.881342038017596,35.3151125339423
76.43821910955478,7.596879100299827,22.77647378583891,35.38233400517961
76.53826913456727,7.600792594601952,22.67171096759476,35.44917178114698
76.63831915957978,7.604673239123682,22.56705286152335,35.51562617227286
76.73836918459229,7.608521274604028,22.46249874812306,35.581697518324894
76.8384192096048,7.612336940682085,22.358047910183377,35.64738618788267
76.9384692346173,7.61612047589439,22.253699632813866,35.71269257780194
77.03851925962981,7.619872117672797,22.149453203471165,35.7776171126706
77.13856928464232,7.623592102342836,22.045307911983915,35.84216024425599
77.23861930965482,7.627280665122587,21.941263050575753,35.90632245094385
77.33866933466733,7.630938040122053,21.837317913886206,35.97010423716884
77.43871935967984,7.634564460343017,21.733471798989687,36.03350613283662
77.53876938469234,7.638160156481167,21.629724009600277,36.09652873465572
77.63881940970485,7.641725356823794,21.526073856447276,36.15917270915173
77.73886943471736,7.6452602902631295,21.42252064676132,36.22143868669758
77.83891945972987,7.648765184547518,21.319063690404064,36.28332732214613
77.93896948474237,7.652240266243408,21.215702300018112,36.34483929562242
78.03901950975487,7.655685760733964,21.112435791048934,36.40597531204438
78.13906953476737,7.659101892218077,21.00926348176496,36.466736100638585
78.23911955977988,7.6624888837097656,20.90618469327614,36.527122414450915
78.33916958479239,7.6658469570379975,20.803198749550784,36.58713502985231
78.4392196098049,7.669176332846904,20.70030497743074,36.64677474603952
78.5392696348174,7.672477230596393,20.59750270664491,36.70604238453073
78.63931965982991,7.675749868563175,20.494791269821125,36.764938788656416
78.73936968484242,7.678994463842183,20.392170002496336,36.82346482304488
78.83941970985492,7.682211232348395,20.289638243125165,36.88162137310312
78.93946973486743,7.685400388819063,20.187195333086795,36.93940934449248
79.03951975987994,7.6885621468163485,20.08484061669015,36.99682966259933
79.13956978489244,7.691696718730341,19.982573441177493,37.05388327200083
79.23961980990495,7.6948043157825055,19.88039315672628,37.1105711359256
79.33966983491746,7.697885148029509,19.77829911644945,37.166894235709485
79.43971985992997,7.70093942436747,19.676290676393922,37.22285357024613
79.53976988494247,7.703967351302428,19.574367200143236,37.27845019591494
79.63981990995497,7.706969132928209,19.47252805891429,37.33368522691373
79.73986993496747,7.709944973899166,19.370772620477318,37.38855973736248
79.83991995997998,7.712895077685058,19.26910025568238,37.44307481816875
79.93996998499249,7.715819646541292,19.167510338583803,37.497231577634075
80.040020010005,7.718718881511294,19.066002246444874,37.55103114101551
80.1400700350175,7.721592982429161,18.964575359741154,37.60447465008545
80.24012006003001,7.724442147922637,18.86322906216256,37.65756326268964
80.34017008504252,7.7272665754163725,18.761962740614052,37.71029815230346
80.44022011005502,7.730066461135504,18.66077578521516,37.762680507586396
80.54027013506753,7.732842000109528,18.559667589298105,37.81471153193492
80.64032016008004,7.735593386176477,18.458637549404713,37.86639244303344
80.74037018509254,7.738320811987407,18.35768506528198,37.917724472403606
80.84042021010505,7.741024469011179,18.256809539876368,37.968708864951786
80.94047023511756,7.743704547539548,18.156010379326805,38.0193468785149
81.04052026013007,7.74636123669256,18.055286992956418,38.06963978340439
81.14057028514257,7.74899472442424,17.954638793262937,38.11958886194853
81.24062031015507,7.751605197528597,17.854065195907822,38.16919540803286
81.34067033516757,7.754192841645922,17.753565619704062,38.21846072663908
81.44072036018008,7.756757841269393,17.65313948660281,38.26738613338194
81.54077038519259,7.7593003786262384,17.552786226042567,38.3159729864099
81.6408204102051,7.761820633730145,17.452505274757854,38.36422268463877
81.7408704352176,7.764318786975569,17.35229606673428,38.41213659291381
81.84092046023011,7.766795017595348,17.252158039199223,38.45971608610762
81.94097048524262,7.7692495036405855,17.152090632711396,38.50696254946037
82.04102051025512,7.7716824219852505,17.05209329115449,38.553877378216335
82.14107053526763,7.774093948330997,16.952165461729813,38.60046197726109
82.24112056028014,7.776484257212183,16.852306594948057,38.64671776075962
82.34117058529264,7.77885352200112,16.75251614462004,38.692646151795024
82.44122061030515,7.7812019149135425,16.652793567846548,38.73824858200831
82.54127063531766,7.783529607014272,16.553138325007193,38.7835264912386
82.64132066033017,7.785836768223106,16.45354987974835,38.828481327164454
82.74137068534267,7.788123567320933,16.354027698970135,38.87311454494575
82.84142071035517,7.79039017195605,16.254571252812443,38.9174276068665
82.94147073536767,7.792636748650685,16.155180014639953,38.96142198197837
83.04152076038018,7.794863462807772,16.05585346102639,39.005099145744936
83.14157078539269,7.797070478717887,15.956591071737561,39.0484605796869
83.2416208104052,7.799257959566454,15.857392329713681,39.09150777102796
83.3416708354177,7.801426067441124,15.758256721050602,39.13424221234139
83.44172086043021,7.803574963339396,15.659183734980164,39.17666540119766
83.54177088544272,7.805704806229032,15.560172867625761,39.218778861190664
83.64182091045522,7.807815753151382,15.461223621601022,39.260584139436986
83.74187093546773,7.809907961308245,15.362335497702249,39.30208275932167
83.84192096048024,7.811981586804792,15.26350799992928,39.343276248706246
83.94197098549274,7.814036784637929,15.164740635541989,39.38416614003822
84.04202101050525,7.816073708702074,15.066032915047455,39.424753970074256
84.14207103551776,7.818092511795044,14.967384352186471,39.465041279605714
84.24212106053027,7.820093345624099,14.868794463919377,39.5050296131866
84.34217108554276,7.822076360812125,14.770262770411277,39.544720518864025
84.44222111055527,7.824041706903963,14.671788795016482,39.58411554791094
84.54227113556777,7.825989532372874,14.573372064262475,39.62321625456148
84.64232116058028,7.827919984627147,14.47501210783306,39.66202419574854
84.74237118559279,7.829833210016864,14.376708458550901,39.70054093084394
84.8424212106053,7.831729353840785,14.278460652359424,39.7387680214009
84.9424712356178,7.833608560353392,14.180268228304023,39.77670703089896
85.04252126063031,7.83547097277207,14.08213072851263,39.81435952449134
85.14257128564282,7.837316733284429,13.984047698175612,39.851727068754755
85.24262131065532,7.8391459830557695,13.886018685525007,39.888811231441565
85.34267133566783,7.840958862236694,13.78804324181312,39.92561358123441
85.44272136068034,7.842755509970859,13.69012092129042,39.96213568750325
85.54277138569284,7.844536063653027,13.59225128424503,39.998379130709544
85.64282141070535,7.846300659056524,13.494433896491671,40.03434550047294
85.74287143571786,7.848049431910675,13.396668322938934,40.070036373058265
85.84292146073037,7.849782516937971,13.298954131530621,40.10545332492877
85.94297148574286,7.851500047848923,13.20129089327599,40.14059793270853
86.04302151075537,7.853202157348225,13.103678182233581,40.175471772988764
86.14307153576787,7.8548889771410195,13.006115575494771,40.21007642213696
86.24312156078038,7.856560637939252,12.90860265316674,40.24441345610941
86.34317158579289,7.858217269468086,12.811138998355059,40.27848445026716
86.4432216108054,7.859859000472443,12.71372419714588,40.31229097919469
86.5432716358179,7.861485958723601,12.61635783858765,40.34583461652236
86.64332166083041,7.863098271025881,12.519039514672418,40.37911693475165
86.74337168584292,7.8646960632234375,12.421768820316696,40.41213950508388
86.84342171085542,7.866279460207115,12.324545353341897,40.44490389725196
86.94347173586793,7.867848585921408,12.22736871445435,40.47741167935557
87.04352176088044,7.869403563371494,12.130238507224862,40.50966441769932
87.14357178589295,7.870944514630361,12.03315433806786,40.5416636766343
87.24362181090545,7.872471560846017,11.93611581622011,40.57341101840282
87.34367183591796,7.873984822248792,11.839122553718992,40.604908002986306
87.44372186093047,7.875484418158718,11.742174165380344,40.636156187956416
87.54377188594296,7.876970466429789,11.645270271133397,40.667157130359385
87.64382191095547,7.878443083579338,11.5484104954878,40.69791238613459
87.74387193596797,7.879902385918777,11.451594462809172,40.728423505927395
87.84392196098048,7.881348488854496,11.35482180025383,40.758692037500765
87.94397198599299,7.882781506887073,11.258092137780519,40.7887195256336
88.0440220110055,7.884201553617401,11.161405108133133,40.81850751199749
88.144072036018,7.885608741752841,11.064760346823185,40.84805753503704
88.24412206103051,7.887003183113435,10.96815749211203,40.87737112985354
88.34417208604302,7.888384988638162,10.871596184992804,40.90644982809188
88.44422211105552,7.8897542683912265,10.77507606917214,40.93529515783092
88.54427213606803,7.891111131568417,10.678596791051588,40.963908643477254
88.64432216108054,7.8924556865034825,10.582157999708798,40.99229180566228
88.74437218609305,7.893788040674574,10.485759346878448,41.02044616114266
88.84442221110555,7.8951083007107234,10.389400486932876,41.048373222704114
88.94447223611806,7.896416572398365,10.293081076862526,41.07607449906866
89.04452226113057,7.897712960687907,10.196800776256023,41.10355149480514
89.14457228614306,7.898997569700353,10.100559247280138,41.130805710243145
89.24462231115557,7.900270502733954,10.004356154659309,41.15783864139031
89.34467233616807,7.901531862270921,9.908191165655097,41.18465177985298
89.44472236118058,7.902781749984172,9.812063950045246,41.2112466127602
89.54477238619309,7.904020266341694,9.71597418183579,41.23762461888811
89.6448224112056,7.90524751072274,9.619921538768656,41.26378726962413
89.7448724362181,7.90646358218847,9.523905699010577,41.28973603611848
89.84492246123061,7.9076685789997665,9.427926343237747,41.31547238459951
89.94497248624312,7.908862598619082,9.331983154635708,41.34099777626616
90.04502251125562,7.910045737716221,9.236075818882254,41.36631366722037
90.14507253626813,7.911218092174131,9.140204024130211,41.39142150840272
90.24512256128064,7.912379757094717,9.044367460990104,41.416322745530834
90.34517258629315,7.913530826804653,8.948565822512649,41.44101881904136
90.44522261130565,7.914671394861243,8.85279880417116,41.46551116403459
90.54527263631816,7.915801554058258,8.757066103843764,41.48980121022242
90.64532266133065,7.916921396431832,8.661367421795545,41.513890381879385
90.74537268634316,7.918031013266337,8.565702460660452,41.53778009779678
90.84542271135567,7.919130495100304,8.470070925423219,41.56147177123972
90.94547273636817,7.920219931732331,8.37447252340102,41.58496680990756
91.04552276138068,7.921299412227045,8.278906964225037,41.60826661589726
91.14557278639319,7.922369024921042,8.183373959821896,41.631372585669766
91.2456228114057,7.923428857428871,8.087873224394984,41.65428611001968
91.3456728364182,7.9244789966490226,7.992404474405569,41.6770085740479
91.44572286143071,7.925519528769928,7.896967428553863,41.699541357137335
91.54577288644322,7.92655053900357,7.80156180897755,41.7218858259116
91.64582291145572,7.927572111680228,7.706187340835994,41.74404333650318
91.74587293646823,7.928584330745965,7.610843750094392,41.76601524720189
91.84592296148074,7.92958727944824,7.515530764936587,41.78780291018518
91.94597298649325,7.930581040339138,7.4202481157581985,41.80940767143554
92.04602301150575,7.93156569528065,7.324995535150534,41.83083087071366
92.14607303651826,7.93254132544995,7.229772757884453,41.852073841534036
92.24612306153075,7.933508011344668,7.134579520894155,41.87313791114316
92.34617308654326,7.934465832788175,7.039415563260907,41.89402440050052
92.44622311155577,7.935414868934834,6.944280626196807,41.91473462426199
92.54627313656827,7.936355198275288,6.849174453028397,41.93526989076588
92.64632316158078,7.937286898641712,6.754096789180262,41.9556315020217
92.74637318659329,7.9382100472130865,6.659047382158595,41.97582075370141
92.8464232116058,7.939124720520451,6.56402598153469,41.99583893513323
92.9464732366183,7.940030994452161,6.469032338928397,42.0156873292983
93.04652326163081,7.940928944259152,6.374066207991519,42.0353672128296
93.14657328664332,7.941818644560187,6.279127344391164,42.05487985601374
93.24662331165582,7.942700169347106,6.184215505793045,42.07422652279533
93.34667333666833,7.943573591990078,6.089330451844721,42.093408470783736
93.44672336168084,7.944438985242847,5.994471944158814,42.11242695126273
93.54677338669335,7.9452964210756525,5.899639747109199,42.13128320100144
93.64682341170585,7.94614597074564,5.804833627506675,42.149978445370216
93.74687343671836,7.946987705097117,5.7100533531899345,42.16851391239924
93.84692346173085,7.94782169437074,5.615298693933615,42.18689082346798
93.94697348674336,7.948648008207281,5.52056942143817,42.20511039325727
94.04702351175587,7.949466715652331,5.425865309315273,42.223173829750046
94.14707353676837,7.950277885161016,5.331186133073059,42.24108233423431
94.24712356178088,7.951081584602682,5.2365316701014715,42.25883710130802
94.34717358679339,7.951877881265583,5.141901699657573,42.27643931888606
94.4472236118059,7.952666841861524,5.047296002850875,42.29389016820926
94.5472736368184,7.9534485325305395,4.95271436262868,42.31119082385537
94.64732366183091,7.954223018845493,4.858156563761406,42.32834245375237
94.74737368684342,7.954990365816724,4.763622392827941,42.345346219193324
94.84742371185592,7.955750637896643,4.669111638200981,42.3622032748538
94.94747373686843,7.956503898984326,4.5746240900323984,42.37891476881099
95.04752376188094,7.957250212430087,4.480159540238586,42.39548184256504
95.14757378689345,7.957989641040046,4.385717782485829,42.41190563106234
95.24762381190595,7.958722247080678,4.291298612175676,42.428187262720876
95.34767383691846,7.959448092283345,4.196901826430307,42.44432785945767
95.44772386193095,7.960167237848817,4.102527224077931,42.46032853671826
95.54777388694346,7.960879744353411,4.008174606146584,42.47619039548549
95.64782391195597,7.9615856717957065,3.9138437756313564,42.49191452575638
95.74787393696847,7.962285079760624,3.8195345366547437,42.50750201959492
95.84792396198098,7.962978027315717,3.725246695011157,42.52295396234777
95.94797398699349,7.963664573014938,3.6309800581558953,42.53827143262798
96.048024012006,7.964344774902794,3.5367344351920225,42.55345550233339
96.1480740370185,7.965018690518467,3.4425096368572916,42.568507236666626
96.24812406203101,7.965686376899925,3.3483054755111166,42.58342769415662
96.34817408704352,7.966347890588011,3.254121765121564,42.59821792668147
96.44822411205602,7.967003287630503,3.159958321252404,42.61287897949306
96.54827413706853,7.967652623586167,3.0658149610501866,42.62741189124297
96.64832416208104,7.9682959535287745,2.9716915032313644,42.64181769401004
96.74837418709355,7.968933332051111,2.8775877680694513,42.656097413329334
96.84842421210605,7.969564813268956,2.7835035773822208,42.67025206822269
96.94847423711855,7.970190450825047,2.6894387545189575,42.68428267123079
97.04852426213105,7.970810297893021,2.5953931243476815,42.69819022844665
97.14857428714356,7.971424407181324,2.5013665132425436,42.71197573955067
97.24862431215607,7.972032830937131,2.407358749071125,42.725640197847206
97.34867433716857,7.972635620950208,2.313369661181852,42.73918459030266
97.44872436218108,7.973232828556775,2.219399080391422,42.752609897585046
97.54877438719359,7.9738245045974985,2.1254468392596944,42.765917087026004
97.6488244122061,7.974410699443273,2.0315127719395525,42.77910711605366
97.7488744372186,7.974991463069367,1.937596713723261,42.792180943103496
97.84892446223111,7.975566845010533,1.8436985013352958,42.80513952014588
97.94897448724362,7.976136894364482,1.7498179729215915,42.81798379269314
98.04902451225612,7.976701659795502,1.6559549680380319,42.830714699828214
98.14907453726863,7.977261189538033,1.562109327638985,42.843333174234125
98.24912456228114,7.977815531400212,1.468280894065909,42.85584014222474
98.34917458729365,7.9783647327674245,1.374469511036005,42.86823652377635
98.44922461230615,7.978908840605788,1.2806750236309379,42.8805232325604
98.54927463731865,7.979447901465654,1.1868972782856202,42.89270117597733
98.64932466233115,7.979981961485058,1.0931361227769916,42.90477125519128
98.74937468734366,7.980511066393158,0.999391406212988,42.91673436516604
98.84942471235617,7.9810352615136475,0.9056629790214374,42.92859139470194
98.94947473736867,7.9815545917681465,0.811950692939077,42.94034322647375
99.04952476238118,7.982069101679554,0.7182544010006177,42.951990737069764
99.14957478739369,7.982578835375401,0.6245739575278652,42.96353479703173
99.2496248124062,7.983083836591165,0.5309092181189,42.97497627089607
99.3496748374187,7.983584148673557,0.4372600396373137,42.9863160172359
99.44972486243121,7.9840798145837955,0.3436262802015055,42.997554888704315
99.54977488744372,7.984570876892266,0.25000779926835787,43.008693728256006
99.64982491245622,7.985057377775875,0.156404457688805,43.0197333664821
99.74987493746873,7.985539359057832,0.06281611729830637,43.03067463776165
99.84992496248124,7.986016862158996,-7.125119907210915e-08,43.04151836758536
99.94997498749375,7.986489928201856,-7.125119907210915e-08,43.05226537732861
100.05002501250625,7.986958597873875,-7.125119907210915e-08,43.06291648086281
100.15007503751875,7.987422911519242,-7.125119907210915e-08,43.07347248655285
100.25012506253125,7.987882909120719,-7.125119907210915e-08,43.08393419680641
100.35017508754376,7.988338630305915,-7.125119907210915e-08,43.09430240815404
100.45022511255627,7.9887901143468145,-7.125119907210915e-08,43.10457791122009
100.55027513756878,7.9892374001731765,-7.125119907210915e-08,43.11476149086417
100.65032516258128,7.989680526386748,-7.125119907210915e-08,43.124853926328576
100.75037518759379,7.990119531218157,-7.125119907210915e-08,43.134855990791515
100.8504252126063,7.99055445254994,-7.125119907210915e-08,43.144768451601394
100.9504752376188,7.990985327921336,-7.125119907210915e-08,43.154592070322856
101.05052526263131,7.991412194531378,-7.125119907210915e-08,43.16432760276543
101.15057528764382,7.991835089242002,-7.125119907210915e-08,43.17397579901226
101.25062531265633,7.992254048581144,-7.125119907210915e-08,43.18353740344876
101.35067533766883,7.992669108745838,-7.125119907210915e-08,43.19301315479128
101.45072536268134,7.993080305605327,-7.125119907210915e-08,43.202403786115866
101.55077538769385,7.993487674704147,-7.125119907210915e-08,43.21171002488682
101.65082541270635,7.993891251265249,-7.125119907210915e-08,43.22093259298552
101.75087543771885,7.994291070200428,-7.125119907210915e-08,43.23007220688998
101.85092546273135,7.994687166149831,-7.125119907210915e-08,43.239129578451596
101.95097548774386,7.995079573416188,-7.125119907210915e-08,43.24810541350847
102.05102551275637,7.995468325988771,-7.125119907210915e-08,43.25700041234274
102.15107553776888,7.995853457553335,-7.125119907210915e-08,43.26581526984997
102.25112556278138,7.996235001495348,-7.125119907210915e-08,43.274550675570275
102.35117558779389,7.996612990903211,-7.125119907210915e-08,43.283207313719615
102.4512256128064,7.996987458571486,-7.125119907210915e-08,43.291785863221065
102.5512756378189,7.997358437004123,-7.125119907210915e-08,43.30028699773595
102.65132566283141,7.9977259584176785,-7.125119907210915e-08,43.30871138569513
102.75137568784392,7.9980900547445435,-7.125119907210915e-08,43.31705969033023
102.85142571285643,7.9984507576361725,-7.125119907210915e-08,43.32533256970487
102.95147573786893,7.998808098456777,-7.125119907210915e-08,43.333530676725175
103.05152576288144,7.999162108134715,-7.125119907210915e-08,43.34165465884192
103.15157578789395,7.999512817380471,-7.125119907210915e-08,43.34970515854726
103.25162581290644,7.999860256675393,-7.125119907210915e-08,43.357682813374616
103.35167583791895,8.000204456226548,-7.125119907210915e-08,43.36558825582506
103.45172586293145,8.000545445969493,-7.125119907210915e-08,43.37342211339746
103.55177588794396,8.000883255571042,-7.125119907210915e-08,43.38118500861878
103.65182591295647,8.001217914432013,-7.125119907210915e-08,43.388877559074295
103.75187593796898,8.001549451690023,-7.125119907210915e-08,43.396500377437825
103.85192596298148,8.001877896222233,-7.125119907210915e-08,43.404054071501996
103.95197598799399,8.002203276648117,-7.125119907210915e-08,43.41153924420842
104.0520260130065,8.002525621332232,-7.125119907210915e-08,43.41895649367793
104.152076038019,8.002844958386317,-7.125119907210915e-08,43.426306413241
104.25212606303151,8.003161315582144,-7.125119907210915e-08,43.43358959148062
104.35217608804402,8.003474720439058,-7.125119907210915e-08,43.44080661225055
104.45222611305653,8.003785200278395,-7.125119907210915e-08,43.44795805469823
104.55227613806903,8.004092782174151,-7.125119907210915e-08,43.45504449330241
104.65232616308154,8.004397492955423,-7.125119907210915e-08,43.46206649790341
104.75237618809405,8.0046993592089,-7.125119907210915e-08,43.46902463373338
104.85242621310654,8.00499840728129,-7.125119907210915e-08,43.47591946144663
104.95247623811905,8.005294663281804,-7.125119907210915e-08,43.48275153714987
105.05252626313155,8.005588153084604,-7.125119907210915e-08,43.48952141243248
105.15257628814406,8.005878902331261,-7.125119907210915e-08,43.496229634396784
105.25262631315657,8.006166936433221,-7.125119907210915e-08,43.50287674568839
105.35267633816908,8.006452280574248,-7.125119907210915e-08,43.50946328452636
105.45272636318158,8.00673495966752,-7.125119907210915e-08,43.51598978470977
105.55277638819409,8.007014998361305,-7.125119907210915e-08,43.52245677564966
105.6528264132066,8.007292421133359,-7.125119907210915e-08,43.52886478244748
105.7528764382191,8.007567252239568,-7.125119907210915e-08,43.53521432589722
105.85292646323161,8.007839515715604,-7.125119907210915e-08,43.54150592251523
105.95297648824412,8.00810923537916,-7.125119907210915e-08,43.547740084570336
106.05302651325663,8.008376434832186,-7.125119907210915e-08,43.55391732011407
106.15307653826913,8.008641137463112,-7.125119907210915e-08,43.560038133010806
106.25312656328164,8.008903366449081,-7.125119907210915e-08,43.56610302296786
106.35317658829415,8.009163144758194,-7.125119907210915e-08,43.57211248556575
106.45322661330664,8.009420495151709,-7.125119907210915e-08,43.57806701228823
106.55327663831915,8.009675440186314,-7.125119907210915e-08,43.583967090552555
106.65332666333165,8.009928002191522,-7.125119907210915e-08,43.58981320366026
106.75337668834416,8.010178203233455,-7.125119907210915e-08,43.59560583070423
106.85342671335667,8.010426065230464,-7.125119907210915e-08,43.60134544696164
106.95347673836918,8.010671609905335,-7.125119907210915e-08,43.6070325237641
107.05352676338168,8.010914858782987,-7.125119907210915e-08,43.61266752851328
107.15357678839419,8.011155833192484,-7.125119907210915e-08,43.61825092471037
107.2536268134067,8.011394554269058,-7.125119907210915e-08,43.62378317198561
107.3536768384192,8.011631042956136,-7.125119907210915e-08,43.62926472612772
107.45372686343171,8.011865320007344,-7.125119907210915e-08,43.63469603911341
107.55377688844422,8.012097405988547,-7.125119907210915e-08,43.64007755913687
107.65382691345673,8.012327321279855,-7.125119907210915e-08,43.645409730639194
107.75387693846923,8.012555086077642,-7.125119907210915e-08,43.65069299433795
107.85392696348174,8.012780720373538,-7.125119907210915e-08,43.65592778712431
107.95397698849425,8.013004243847913,-7.125119907210915e-08,43.66111454146933
108.05402701350674,8.013225676098937,-7.125119907210915e-08,43.666253686757166
108.15407703851925,8.013445036568974,-7.125119907210915e-08,43.67134564888029
108.25412706353175,8.013662344523777,-7.125119907210915e-08,43.67639085013793
108.35417708854426,8.013877619054416,-7.125119907210915e-08,43.68138970926497
108.45422711355677,8.0140908790792,-7.125119907210915e-08,43.68634264146096
108.55427713856928,8.01430214334562,-7.125119907210915e-08,43.691250058418994
108.65432716358178,8.014511430432263,-7.125119907210915e-08,43.696112368354754
108.75437718859429,8.014718758750737,-7.125119907210915e-08,43.700929976035376
108.8544272136068,8.014924146547617,-7.125119907210915e-08,43.70570328280849
108.9544772386193,8.015127611906356,-7.125119907210915e-08,43.7104326866311
109.05452726363181,8.015329172749226,-7.125119907210915e-08,43.715118582098576
109.15457728864432,8.01552884683923,-7.125119907210915e-08,43.719761360473626
109.25462731365683,8.01572665178205,-7.125119907210915e-08,43.7243614097152
109.35467733866933,8.015922605027956,-7.125119907210915e-08,43.7289191145075
109.45472736368184,8.016116723873758,-7.125119907210915e-08,43.73343485628887
109.55477738869433,8.0163090254647,-7.125119907210915e-08,43.73790901328084
109.65482741370684,8.01649952679642,-7.125119907210915e-08,43.74234196051699
109.75487743871935,8.016688244716862,-7.125119907210915e-08,43.746734069871934
109.85492746373185,8.016875195855581,-7.125119907210915e-08,43.75108570957804
109.95497748874436,8.01706039630212,-7.125119907210915e-08,43.75539724197195
110.05502751375687,8.017243862296487,-7.125119907210915e-08,43.75966902838062
110.15507753876938,8.017425609996144,-7.125119907210915e-08,43.76390142749297
110.25512756378188,8.017605655411478,-7.125119907210915e-08,43.76809479492012
110.35517758879439,8.01778401440746,-7.125119907210915e-08,43.77224948322231
110.4552276138069,8.017960702705286,-7.125119907210915e-08,43.77636584193601
110.5552776388194,8.018135735884028,-7.125119907210915e-08,43.780444217600795
110.65532766383191,8.018309129382292,-7.125119907210915e-08,43.78448495378642
110.75537768884442,8.018480898499863,-7.125119907210915e-08,43.788488391119785
110.85542771385693,8.018651058399353,-7.125119907210915e-08,43.79245486731196
110.95547773886943,8.018819624107858,-7.125119907210915e-08,43.79638471718513
111.05552776388194,8.018986610518603,-7.125119907210915e-08,43.80027827269963
111.15557778889443,8.019152032392595,-7.125119907210915e-08,43.80413586298092
111.25562781390694,8.019315904360273,-7.125119907210915e-08,43.80795781434664
111.35567783891945,8.019478240923162,-7.125119907210915e-08,43.81174445033348
111.45572786393195,8.019639056455508,-7.125119907210915e-08,43.81549609172432
111.55577788894446,8.019798365205956,-7.125119907210915e-08,43.81921305657511
111.65582791395697,8.019956181299168,-7.125119907210915e-08,43.822895660241954
111.75587793896948,8.020112518737502,-7.125119907210915e-08,43.82654421540802
111.85592796398198,8.02026739133212,-7.125119907210915e-08,43.83015903142184
111.95597798899449,8.02042081240758,-7.125119907210915e-08,43.83374041142298
112.056028014007,8.020572795446913,-7.125119907210915e-08,43.83728865865302
112.1560780390195,8.020723353868588,-7.125119907210915e-08,43.84080407428824
112.25612806403201,8.020872500968583,-7.125119907210915e-08,43.84428695688477
112.35617808904452,8.021020249921785,-7.125119907210915e-08,43.84773760240302
112.45622811405703,8.021166613783386,-7.125119907210915e-08,43.85115630423223
112.55627813906953,8.021311605490258,-7.125119907210915e-08,43.8545433532148
112.65632816408204,8.021455237862346,-7.125119907210915e-08,43.857899037670876
112.75637818909453,8.021597523604086,-7.125119907210915e-08,43.86122364342279
112.85642821410704,8.021738475305753,-7.125119907210915e-08,43.86451745381944
112.95647823911955,8.021878105444896,-7.125119907210915e-08,43.86778074976085
113.05652826413206,8.022016426387689,-7.125119907210915e-08,43.87101380972263
113.15657828914456,8.02215345039036,-7.125119907210915e-08,43.87421690978037
113.25662831415707,8.022289189600553,-7.125119907210915e-08,43.87739032363419
113.35667833916958,8.02242365605873,-7.125119907210915e-08,43.880534322633146
113.45672836418208,8.022556861699572,-7.125119907210915e-08,43.88364917579968
113.55677838919459,8.022688818353354,-7.125119907210915e-08,43.88673514985421
113.6568284142071,8.02281953774734,-7.125119907210915e-08,43.889792509239385
113.7568784392196,8.022949031507189,-7.125119907210915e-08,43.89282151614477
113.85692846423211,8.02307731109518,-7.125119907210915e-08,43.895822429761786
113.95697848924462,8.023204387560247,-7.125119907210915e-08,43.89879550324514
114.05702851425713,8.0233302720938,-7.125119907210915e-08,43.90174099049335
114.15707853926963,8.023454975833197,-7.125119907210915e-08,43.90465914376122
114.25712856428214,8.023578509813884,-7.125119907210915e-08,43.90755021308431
114.35717858929463,8.023700884970559,-7.125119907210915e-08,43.910414446300734
114.45722861430714,8.023822112138346,-7.125119907210915e-08,43.913252089072856
114.55727863931965,8.023942202053957,-7.125119907210915e-08,43.91606338490901
114.65732866433216,8.024061165356867,-7.125119907210915e-08,43.91884857518532
114.75737868934466,8.024179012590483,-7.125119907210915e-08,43.92160789916741
114.85742871435717,8.024295754203308,-7.125119907210915e-08,43.92434159403216
114.95747873936968,8.024411400550095,-7.125119907210915e-08,43.927049894889386
115.05752876438218,8.02452596189305,-7.125119907210915e-08,43.92973303480371
115.15757878939469,8.024639448402972,-7.125119907210915e-08,43.93239124481623
115.2576288144072,8.024751870160426,-7.125119907210915e-08,43.93502475396623
115.3576788394197,8.024863237156916,-7.125119907210915e-08,43.937633789313054
115.45772886443221,8.024973559296056,-7.125119907210915e-08,43.94021857595769
115.55777888944472,8.02508284639473,-7.125119907210915e-08,43.94277933706466
115.65782891445723,8.025191108184265,-7.125119907210915e-08,43.94531629388365
115.75787893946973,8.025298354311596,-7.125119907210915e-08,43.94782966577138
115.85792896448223,8.025404594284664,-7.125119907210915e-08,43.950319669421326
115.95797898949473,8.025509837263776,-7.125119907210915e-08,43.95278651590652
116.05802901450724,8.025614092534274,-7.125119907210915e-08,43.95523041739612
116.15807903951975,8.025717369335771,-7.125119907210915e-08,43.95765158473574
116.25812906453226,8.025819676823168,-7.125119907210915e-08,43.96005022689914
116.35817908954476,8.02592102406763,-7.125119907210915e-08,43.96242655100726
116.45822911455727,8.026021420057546,-7.125119907210915e-08,43.96478076234731
116.55827913956978,8.026120873699552,-7.125119907210915e-08,43.967113064391775
116.65832916458228,8.026219393819463,-7.125119907210915e-08,43.96942365881752
116.75837918959479,8.026316989163275,-7.125119907210915e-08,43.9717127455248
116.8584292146073,8.026413668398147,-7.125119907210915e-08,43.97398052265635
116.9584792396198,8.026509440113362,-7.125119907210915e-08,43.97622718661644
117.05852926463231,8.02660431282132,-7.125119907210915e-08,43.978452932089866
117.15857928964482,8.026698294958516,-7.125119907210915e-08,43.98065795206109
117.25862931465733,8.026791394886507,-7.125119907210915e-08,43.98284243783323
117.35867933966983,8.026883620892903,-7.125119907210915e-08,43.985006579047166
117.45872936468233,8.026974981192344,-7.125119907210915e-08,43.98715056370054
117.55877938969483,8.027065483927469,-7.125119907210915e-08,43.98927457816686
117.65882941470734,8.027155137169906,-7.125119907210915e-08,43.9913788072145
117.75887943971985,8.027243948921239,-7.125119907210915e-08,43.99346343402582
117.85892946473236,8.027331927064958,-7.125119907210915e-08,43.99552863943909
117.95897948974486,8.027419079193193,-7.125119907210915e-08,43.99757459920678
118.05902951475737,8.027505413006915,-7.125119907210915e-08,43.99960149034042
118.15907953976988,8.027590936168343,-7.125119907210915e-08,44.00160948877516
118.25912956478238,8.027675656269308,-7.125119907210915e-08,44.00359876887262
118.35917958979489,8.027759580832111,-7.125119907210915e-08,44.00556950343737
118.4592296148074,8.027842717310305,-7.125119907210915e-08,44.00752186373351
118.5592796398199,8.027925073089534,-7.125119907210915e-08,44.00945601950103
118.65932966483241,8.028006655488358,-7.125119907210915e-08,44.01137213897254
118.75937968984492,8.028087471759036,-7.125119907210915e-08,44.01327038888955
118.85942971485743,8.028167529088394,-7.125119907210915e-08,44.01515093451915
118.95947973986993,8.028246834598585,-7.125119907210915e-08,44.01701393967045
119.05952976488243,8.028325395347963,-7.125119907210915e-08,44.01885956671107
119.15957978989493,8.028403218331867,-7.125119907210915e-08,44.0206879765837
119.25962981490744,8.028480310483445,-7.125119907210915e-08,44.02249932882258
119.35967983991995,8.028556678674478,-7.125119907210915e-08,44.02429378157002
119.45972986493246,8.028632329716194,-7.125119907210915e-08,44.0260714915929
119.55977988994496,8.028707270360085,-7.125119907210915e-08,44.02783261429918
119.65982991495747,8.028781507298735,-7.125119907210915e-08,44.029577303754444
119.75987993996998,8.028855047166616,-7.125119907210915e-08,44.03130571269833
119.85992996498248,8.02892789650678,-7.125119907210915e-08,44.033017991973296
119.95997998999499,8.029000061654724,-7.125119907210915e-08,44.03471428852801
120.0600300150075,8.029071549005128,-7.125119907210915e-08,44.036394750011254
120.16008004002,8.029142364913348,-7.125119907210915e-08,44.03805952307917
120.26013006503251,8.029212515675322,-7.125119907210915e-08,44.03970875305124
120.36018009004502,8.029282007528053,-7.125119907210915e-08,44.04134258392138
120.46023011505753,8.02935084665011,-7.125119907210915e-08,44.042961158368854
120.56028014007003,8.029419039162095,-7.125119907210915e-08,44.04456461776902
120.66033016508253,8.029486591127103,-7.125119907210915e-08,44.04615310220362
120.76038019009503,8.029553508551183,-7.125119907210915e-08,44.04772675047107
120.86043021510754,8.029619797383752,-7.125119907210915e-08,44.04928570009641
120.96048024012005,8.029685463518021,-7.125119907210915e-08,44.05083008734089
121.06053026513256,8.029750512791388,-7.125119907210915e-08,44.05236004721153
121.16058029014506,8.02981495098584,-7.125119907210915e-08,44.053875713470255
121.26063031515757,8.0298787838283,-7.125119907210915e-08,44.05537721864295
121.36068034017008,8.029942016991019,-7.125119907210915e-08,44.05686469402811
121.46073036518258,8.030004656091885,-7.125119907210915e-08,44.05833826970533
121.56078039019509,8.030066706694775,-7.125119907210915e-08,44.05979807454359
121.6608304152076,8.030128174309853,-7.125119907210915e-08,44.061244236209255
121.7608804402201,8.030189064393882,-7.125119907210915e-08,44.062676881173736
121.86093046523261,8.030249382365392,-7.125119907210915e-08,44.06409613493133
121.96098049024512,8.030309133653132,-7.125119907210915e-08,44.065502122686155
122.06103051525763,8.030368323584558,-7.125119907210915e-08,44.06689496778201
122.16108054027012,8.030426957428581,-7.125119907210915e-08,44.06827479230961
122.26113056528263,8.030485040404274,-7.125119907210915e-08,44.06964171723188
122.36118059029513,8.030542577681162,-7.125119907210915e-08,44.07099586239214
122.46123061530764,8.030599574379563,-7.125119907210915e-08,44.07233734652183
122.56128064032015,8.030656035570878,-7.125119907210915e-08,44.07366628724803
122.66133066533266,8.030711966277915,-7.125119907210915e-08,44.07498280110108
122.76138069034516,8.030767371475136,-7.125119907210915e-08,44.076287003521564
122.86143071535767,8.030822256088957,-7.125119907210915e-08,44.07757900886739
122.96148074037018,8.030876624998012,-7.125119907210915e-08,44.07885893042065
123.06153076538268,8.030930483033359,-7.125119907210915e-08,44.08012688039411
123.16158079039519,8.030983834978777,-7.125119907210915e-08,44.081382969937636
123.2616308154077,8.031036685570935,-7.125119907210915e-08,44.08262730914441
123.3616808404202,8.031089039499642,-7.125119907210915e-08,44.08386000705686
123.46173086543271,8.031140901408024,-7.125119907210915e-08,44.08508117167246
123.56178089044522,8.031192275892732,-7.125119907210915e-08,44.08629090994936
123.66183091545773,8.031243167504098,-7.125119907210915e-08,44.08748932781168
123.76188094047022,8.031293580746324,-7.125119907210915e-08,44.08867653015469
123.86193096548273,8.031343520106828,-7.125119907210915e-08,44.08985262130133
123.96198099049523,8.031392990145585,-7.125119907210915e-08,44.09101770638422
124.06203101550774,8.031441995283947,-7.125119907210915e-08,44.09217188808652
124.16208104052025,8.031490539886722,-7.125119907210915e-08,44.09331526791218
124.26213106553276,8.031538628277525,-7.125119907210915e-08,44.09444794642562
124.36218109054526,8.031586264739088,-7.125119907210915e-08,44.09557002325917
124.46223111555777,8.031633453513592,-7.125119907210915e-08,44.0966815971205
124.56228114057028,8.031680198802968,-7.125119907210915e-08,44.09778276579986
124.66233116558278,8.031726504769196,-7.125119907210915e-08,44.098873626177266
124.76238119059529,8.031772375534624,-7.125119907210915e-08,44.099954274229454
124.8624312156078,8.031817815182222,-7.125119907210915e-08,44.10102480503685
124.9624812406203,8.031862827755907,-7.125119907210915e-08,44.10208531279032
125.06253126563281,8.031907417260777,-7.125119907210915e-08,44.10313589079783
125.16258129064532,8.031951587663423,-7.125119907210915e-08,44.10417663149098
125.26263131565783,8.031995342892156,-7.125119907210915e-08,44.105207626431444
125.36268134067032,8.032038686837298,-7.125119907210915e-08,44.10622896631727
125.46273136568283,8.032081623351399,-7.125119907210915e-08,44.10724074098906
125.56278139069533,8.032124156249512,-7.125119907210915e-08,44.10824303943601
125.66283141570784,8.032166289309409,-7.125119907210915e-08,44.10923594980188
125.76288144072035,8.03220802627182,-7.125119907210915e-08,44.11021955939076
125.86293146573286,8.03224937085496,-7.125119907210915e-08,44.11119395489717
125.96298149074536,8.032290326795854,-7.125119907210915e-08,44.11215922305689
126.06303151575787,8.032330897750972,-7.125119907210915e-08,44.11311544908956
126.16308154077038,8.032371087335747,-7.125119907210915e-08,44.11406271732129
126.26313156578288,8.032410899131655,-7.125119907210915e-08,44.11500111129767
126.36318159079539,8.03245033668653,-7.125119907210915e-08,44.11593071379069
126.4632316158079,8.032489403514836,-7.125119907210915e-08,44.116851606805405
126.5632816408204,8.032528103097981,-7.125119907210915e-08,44.11776387158655
126.66333166583291,8.032566438884594,-7.125119907210915e-08,44.11866758862513
126.76338169084542,8.032604414290802,-7.125119907210915e-08,44.119562837664866
126.86343171585793,8.032642032700526,-7.125119907210915e-08,44.12044969770865
126.96348174087042,8.03267929746574,-7.125119907210915e-08,44.12132824702479
127.06353176588293,8.032716211906767,-7.125119907210915e-08,44.122198563153304
127.16358179089544,8.032752779312512,-7.125119907210915e-08,44.123060722912
127.26363181590794,8.032789002940753,-7.125119907210915e-08,44.12391480240262
127.36368184092045,8.032824886018396,-7.125119907210915e-08,44.12476087701682
127.46373186593296,8.032860431741716,-7.125119907210915e-08,44.125599021442014
127.56378189094546,8.032895643276627,-7.125119907210915e-08,44.126429309667294
127.66383191595797,8.032930523758921,-7.125119907210915e-08,44.12725181498912
127.76388194097048,8.032965076294506,-7.125119907210915e-08,44.12806661001701
127.86393196598299,8.032999303963914,-7.125119907210915e-08,44.128873766750424
127.96398199099549,8.033033209834091,-7.125119907210915e-08,44.12967335677758
128.06403201600799,8.033066796929996,-7.125119907210915e-08,44.13046545080198
128.1640820410205,8.033100068246341,-7.125119907210915e-08,44.131250118840235
128.264132066033,8.033133026749708,-7.125119907210915e-08,44.13202743025889
128.3641820910455,8.033165675378775,-7.125119907210915e-08,44.132797453780235
128.464232116058,8.033198017044596,-7.125119907210915e-08,44.133560257487865
128.56428214107052,8.033230054630822,-7.125119907210915e-08,44.13431590883223
128.66433216608303,8.033261790993945,-7.125119907210915e-08,44.135064474636216
128.76438219109554,8.033293228963535,-7.125119907210915e-08,44.13580602110048
128.86443221610804,8.033324371342486,-7.125119907210915e-08,44.13654061380893
128.96448224112055,8.033355220907227,-7.125119907210915e-08,44.13726831773387
129.06453226613306,8.033385780407956,-7.125119907210915e-08,44.13798919724135
129.16458229114556,8.033416052568874,-7.125119907210915e-08,44.13870331609628
129.26463231615807,8.033446040088396,-7.125119907210915e-08,44.13941073746749
129.36468234117058,8.033475745639356,-7.125119907210915e-08,44.1401115239328
129.46473236618309,8.033505171869248,-7.125119907210915e-08,44.14080573748389
129.5647823911956,8.033534321400415,-7.125119907210915e-08,44.141493439531295
129.6648324162081,8.03356319683026,-7.125119907210915e-08,44.14217469090913
129.7648824412206,8.033591800731458,-7.125119907210915e-08,44.14284955187985
129.8649324662331,8.033620135655513,-7.125119907210915e-08,44.143518082199655
129.96498249124562,8.033648204141542,-7.125119907210915e-08,44.144180341277846
130.06503251625813,8.033676008694698,-7.125119907210915e-08,44.14483638778862
130.16508254127064,8.033703551795238,-7.125119907210915e-08,44.14548627983609
130.26513256628314,8.033730835900107,-7.125119907210915e-08,44.14613007498347
130.36518259129565,8.033757863443139,-7.125119907210915e-08,44.146767830257815
130.46523261630816,8.033784636835264,-7.125119907210915e-08,44.14739960215479
130.56528264132066,8.033811158464697,-7.125119907210915e-08,44.14802544664326
130.66533266633317,8.033837430697163,-7.125119907210915e-08,44.14864541916986
130.76538269134568,8.033863455876062,-7.125119907210915e-08,44.1492595746636
130.86543271635816,8.033889236322691,-7.125119907210915e-08,44.14986796754024
130.96548274137066,8.033914774336415,-7.125119907210915e-08,44.15047065170676
131.06553276638317,8.033940072194868,-7.125119907210915e-08,44.1510676805657
131.16558279139568,8.033965132154124,-7.125119907210915e-08,44.151659107019434
131.26563281640819,8.033989956448897,-7.125119907210915e-08,44.15224498347444
131.3656828414207,8.034014547292706,-7.125119907210915e-08,44.152825361845416
131.4657328664332,8.034038906878067,-7.125119907210915e-08,44.15340029355946
131.5657828914457,8.034063037376642,-7.125119907210915e-08,44.15396982956007
131.6658329164582,8.034086940939442,-7.125119907210915e-08,44.15453402031121
131.76588294147072,8.034110619696973,-7.125119907210915e-08,44.15509291580118
131.86593296648323,8.034134075762328,-7.125119907210915e-08,44.155646565602055
131.96598299149574,8.034157311238355,-7.125119907210915e-08,44.15619501900663
132.06603301650824,8.034180328199602,-7.125119907210915e-08,44.15673832468586
132.16608304152075,8.034203128700039,-7.125119907210915e-08,44.157276530836484
132.26613306653326,8.034225714774312,-7.125119907210915e-08,44.15780968520561
132.36618309154576,8.034248088437934,-7.125119907210915e-08,44.1583378350946
132.46623311655827,8.03427025168742,-7.125119907210915e-08,44.15886102736305
132.56628314157078,8.03429220650049,-7.125119907210915e-08,44.15937930843264
132.66633316658329,8.0343139548362,-7.125119907210915e-08,44.15989272429091
132.7663831915958,8.034335498635134,-7.125119907210915e-08,44.160401320495126
132.8664332166083,8.034356839819546,-7.125119907210915e-08,44.16090514217585
132.9664832416208,8.03437798029353,-7.125119907210915e-08,44.161404234040816
133.06653326663331,8.034398921943163,-7.125119907210915e-08,44.161898640378304
133.16658329164582,8.034419666636671,-7.125119907210915e-08,44.16238840506095
133.26663331665833,8.034440216224574,-7.125119907210915e-08,44.16287357154907
133.36668334167084,8.034460572539839,-7.125119907210915e-08,44.16335418289428
133.46673336668334,8.03448073739801,-7.125119907210915e-08,44.163830281742776
133.56678339169585,8.034500712597389,-7.125119907210915e-08,44.16430191033883
133.66683341670836,8.034520499919129,-7.125119907210915e-08,44.164769110528034
133.76688344172086,8.034540101127416,-7.125119907210915e-08,44.16523192376061
133.86693346673337,8.034559517972111,-7.125119907210915e-08,44.165690391144636
133.96698349174588,8.034578752194573,-7.125119907210915e-08,44.166144553561985
134.06703351675836,8.034597805512607,-7.125119907210915e-08,44.16659445137042
134.16708354177086,8.034616679627021,-7.125119907210915e-08,44.16704012453383
134.26713356678337,8.034635376222601,-7.125119907210915e-08,44.16748161264253
134.36718359179588,8.034653896968289,-7.125119907210915e-08,44.16791895491663
134.4672336168084,8.03467224351729,-7.125119907210915e-08,44.16835219020922
134.5672836418209,8.034690417507228,-7.125119907210915e-08,44.1687813570096
134.6673336668334,8.034708420560285,-7.125119907210915e-08,44.16920649344652
134.7673836918459,8.034726254283326,-7.125119907210915e-08,44.16962763729119
134.86743371685841,8.034743920268037,-7.125119907210915e-08,44.17004482596054
134.96748374187092,8.034761420091055,-7.125119907210915e-08,44.17045809652012
135.06753376688343,8.0347787553141,-7.125119907210915e-08,44.17086748568719
135.16758379189594,8.034795927484097,-7.125119907210915e-08,44.171273029833635
135.26763381690844,8.03481293813331,-7.125119907210915e-08,44.171674764988985
135.36768384192095,8.034829788779453,-7.125119907210915e-08,44.172072726843155
135.46773386693346,8.03484648092582,-7.125119907210915e-08,44.17246695074938
135.56778389194596,8.034863016061403,-7.125119907210915e-08,44.17285747172701
135.66783391695847,8.034879395661001,-7.125119907210915e-08,44.17324432446422
135.76788394197098,8.034895621185358,-7.125119907210915e-08,44.17362754332076
135.8679339669835,8.034911694083434,-7.125119907210915e-08,44.174007162375254
135.967983991996,8.034927615797113,-7.125119907210915e-08,44.17438321552204
136.0680340170085,8.034943387748715,-7.125119907210915e-08,44.1747557362151
136.168084042021,8.034959011346485,-7.125119907210915e-08,44.17512475758158
136.26813406703351,8.03497448798543,-7.125119907210915e-08,44.175490312438555
136.36818409204602,8.034989819047398,-7.125119907210915e-08,44.17585243329569
136.46823411705853,8.035005005901231,-7.125119907210915e-08,44.17621115235797
136.56828414207104,8.035020049902856,-7.125119907210915e-08,44.17656650152841
136.66833416708354,8.035034952395403,-7.125119907210915e-08,44.17691851241069
136.76838419209605,8.03504971470932,-7.125119907210915e-08,44.17726721631168
136.86843421710856,8.03506433816249,-7.125119907210915e-08,44.1776126442441
136.96848424212106,8.035078824060315,-7.125119907210915e-08,44.17795482692906
137.06853426713357,8.035093173695856,-7.125119907210915e-08,44.17829379479848
137.16858429214605,8.035107388349916,-7.125119907210915e-08,44.178629577997604
137.26863431715856,8.035121469291145,-7.125119907210915e-08,44.17896220638742
137.36868434217106,8.03513541777615,-7.125119907210915e-08,44.17929170954705
137.46873436718357,8.035149235049602,-7.125119907210915e-08,44.17961811677612
137.56878439219608,8.035162922344306,-7.125119907210915e-08,44.17994145709703
137.6688344172086,8.03517648088133,-7.125119907210915e-08,44.18026175925729
137.7688844422211,8.035189911870091,-7.125119907210915e-08,44.18057905173179
137.8689344672336,8.035203216510311,-7.125119907210915e-08,44.18089336276437
137.9689844922461,8.035216395995835,-7.125119907210915e-08,44.18120472044809
138.06903451725861,8.035229451504236,-7.125119907210915e-08,44.181513152506916
138.16908454227112,8.035242384201469,-7.125119907210915e-08,44.1818186863939
138.26913456728363,8.035255195242515,-7.125119907210915e-08,44.182121349304765
138.36918459229614,8.03526788577147,-7.125119907210915e-08,44.18242116818019
138.46923461730864,8.035280456921646,-7.125119907210915e-08,44.18271816970806
138.56928464232115,8.035292909815666,-7.125119907210915e-08,44.18301238032566
138.66933466733366,8.03530524556555,-7.125119907210915e-08,44.18330382622191
138.76938469234616,8.03531746527282,-7.125119907210915e-08,44.1835925333395
138.86943471735867,8.035329570028582,-7.125119907210915e-08,44.18387852737703
138.96948474237118,8.035341560913626,-7.125119907210915e-08,44.18416183379113
139.0695347673837,8.035353438998495,-7.125119907210915e-08,44.18444247779852
139.1695847923962,8.035365205343602,-7.125119907210915e-08,44.18472048437802
139.2696348174087,8.03537686099928,-7.125119907210915e-08,44.18499587827262
139.3696848424212,8.0353884070059,-7.125119907210915e-08,44.18526868399143
139.46973486743371,8.035399844393933,-7.125119907210915e-08,44.18553892581166
139.56978489244622,8.03541117418404,-7.125119907210915e-08,44.18580662778051
139.66983491745873,8.03542239738715,-7.125119907210915e-08,44.18607181371707
139.76988494247124,8.035433515004547,-7.125119907210915e-08,44.18633450721424
139.86993496748374,8.035444528029544,-7.125119907210915e-08,44.186594731675115
139.96998499249625,8.035455437450546,-7.125119907210915e-08,44.18685251037884
140.07003501750876,8.035466244242455,-7.125119907210915e-08,44.18710786629587
140.17008504252126,8.035476949370572,-7.125119907210915e-08,44.187360822172224
140.27013506753377,8.03548755379111,-7.125119907210915e-08,44.18761140054054
140.37018509254625,8.035498058451264,-7.125119907210915e-08,44.18785962372185
140.47023511755876,8.035508464289302,-7.125119907210915e-08,44.18810551382759
140.57028514257127,8.035518772234633,-7.125119907210915e-08,44.18834909276128
140.67033516758377,8.035528983207907,-7.125119907210915e-08,44.188590382220504
140.77038519259628,8.035539098121053,-7.125119907210915e-08,44.188829403698634
140.8704352176088,8.035549117877396,-7.125119907210915e-08,44.18906617848657
140.9704852426213,8.035559043371704,-7.125119907210915e-08,44.18930072767451
141.0705352676338,8.035568875490272,-7.125119907210915e-08,44.18953307215369
141.1705852926463,8.035578615110987,-7.125119907210915e-08,44.18976323261807
141.27063531765882,8.035588263103413,-7.125119907210915e-08,44.18999122956601
141.37068534267132,8.03559782032885,-7.125119907210915e-08,44.190217083301874
141.47073536768383,8.0356072876404,-7.125119907210915e-08,44.19044081393768
141.57078539269634,8.035616665883042,-7.125119907210915e-08,44.19066244139472
141.67083541770884,8.035625955893702,-7.125119907210915e-08,44.19088198540509
141.77088544272135,8.035635158501309,-7.125119907210915e-08,44.19109946551325
141.87093546773386,8.035644274528245,-7.125119907210915e-08,44.19131490110778
141.97098549274637,8.035653304792799,-7.125119907210915e-08,44.191528311475
142.07103551775887,8.035662250102046,-7.125119907210915e-08,44.191739715643465
142.17108554277138,8.035671111255125,-7.125119907210915e-08,44.19194913245601
142.2711355677839,8.035679889043656,-7.125119907210915e-08,44.19215658057845
142.3711855927964,8.035688584251798,-7.125119907210915e-08,44.19236207850124
142.4712356178089,8.0356971976563,-7.125119907210915e-08,44.19256564454097
142.5712856428214,8.035705730026597,-7.125119907210915e-08,44.19276729684194
142.67133566783392,8.035714182124854,-7.125119907210915e-08,44.19296705337768
142.77138569284642,8.035722554706021,-7.125119907210915e-08,44.193164931952346
142.87143571785893,8.035730848517929,-7.125119907210915e-08,44.19336095020229
142.97148574287144,8.035739064301314,-7.125119907210915e-08,44.193555125597456
143.07153576788394,8.035747202789903,-7.125119907210915e-08,44.19374747544284
143.17158579289645,8.035755264710454,-7.125119907210915e-08,44.19393801687986
143.27163581790896,8.035763250782843,-7.125119907210915e-08,44.19412676688774
143.37168584292147,8.035771161720094,-7.125119907210915e-08,44.194313742284905
143.47173586793394,8.035778998228446,-7.125119907210915e-08,44.1944989597303
143.57178589294645,8.035786761007413,-7.125119907210915e-08,44.19468243572474
143.67183591795896,8.035794450749844,-7.125119907210915e-08,44.19486418661217
143.77188594297147,8.035802068141955,-7.125119907210915e-08,44.19504422858096
143.87193596798397,8.035809613864592,-7.125119907210915e-08,44.19522257769149
143.97198599299648,8.035817088595175,-7.125119907210915e-08,44.19539924991941
144.072036018009,8.035824493001813,-7.125119907210915e-08,44.19557426102559
144.1720860430215,8.035831827746081,-7.125119907210915e-08,44.19574762661716
144.272136068034,8.03583909348331,-7.125119907210915e-08,44.19591936215454
144.3721860930465,8.035846290862645,-7.125119907210915e-08,44.196089482952765
144.47223611805902,8.035853420527129,-7.125119907210915e-08,44.19625800418284
144.57228614307152,8.035860483113721,-7.125119907210915e-08,44.196424940872895
144.67233616808403,8.035867479253362,-7.125119907210915e-08,44.196590307909496
144.77238619309654,8.035874409571035,-7.125119907210915e-08,44.1967541200389
144.87243621810904,8.035881274685813,-7.125119907210915e-08,44.19691639186822
144.97248624312155,8.0358880752109,-7.125119907210915e-08,44.19707713786668
145.07253626813406,8.035894811753705,-7.125119907210915e-08,44.19723637236676
145.17258629314657,8.035901484915856,-7.125119907210915e-08,44.19739410956534
145.27263631815907,8.035908095293284,-7.125119907210915e-08,44.197550363524925
145.37268634317158,8.035914643476241,-7.125119907210915e-08,44.197705148174705
145.4727363681841,8.035921130049383,-7.125119907210915e-08,44.19785847731168
145.5727863931966,8.03592755559178,-7.125119907210915e-08,44.19801036460178
145.6728364182091,8.035933920676978,-7.125119907210915e-08,44.19816082358094
145.7728864432216,8.035940225873048,-7.125119907210915e-08,44.19830986765613
145.87293646823412,8.035946471743642,-7.125119907210915e-08,44.198457510129145
145.97298649324662,8.035952658849531,-7.125119907210915e-08,44.19860376423159
146.07303651825913,8.035958787743793,-7.125119907210915e-08,44.19874864301616
146.17308654327164,8.03596485897408,-7.125119907210915e-08,44.198892159408366
146.27313656828414,8.035970873082887,-7.125119907210915e-08,44.19903432621217
146.37318659329665,8.0359768306076,-7.125119907210915e-08,44.19917515611108
146.47323661830916,8.035982732080532,-7.125119907210915e-08,44.199314661669185
146.57328664332167,8.035988578028963,-7.125119907210915e-08,44.199452855332254
146.67333666833414,8.035994368975205,-7.125119907210915e-08,44.1995897494287
146.77338669334665,8.03600010543662,-7.125119907210915e-08,44.19972535617067
146.87343671835916,8.03600578792568,-7.125119907210915e-08,44.19985968765504
146.97348674337167,8.036011416950014,-7.125119907210915e-08,44.19999275586438
147.07353676838417,8.036016993012423,-7.125119907210915e-08,44.20012457266798
147.17358679339668,8.036022516610958,-7.125119907210915e-08,44.20025514982277
147.2736368184092,8.036027988238919,-7.125119907210915e-08,44.200384498974294
147.3736868434217,8.036033408384935,-7.125119907210915e-08,44.20051263165763
147.4737368684342,8.036038777532973,-7.125119907210915e-08,44.200639559298345
147.5737868934467,8.036044096162394,-7.125119907210915e-08,44.20076529321338
147.67383691845922,8.036049364747981,-7.125119907210915e-08,44.20088984461195
147.77388694347172,8.036054583759983,-7.125119907210915e-08,44.20101322459639
147.87393696848423,8.036059753665176,-7.125119907210915e-08,44.20113544418625
147.97398699349674,8.036064874928245,-7.125119907210915e-08,44.201256514349865
148.07403701850924,8.03606994800706,-7.125119907210915e-08,44.20137644589704
148.17408704352175,8.036074973354971,-7.125119907210915e-08,44.20149524953134
148.27413706853426,8.036079951421037,-7.125119907210915e-08,44.201612935855195
148.37418709354677,8.03608488265006,-7.125119907210915e-08,44.20172951537082
148.47423711855927,8.03608976748263,-7.125119907210915e-08,44.20184499848111
148.57428714357178,8.03609460635516,-7.125119907210915e-08,44.201959395490434
148.6743371685843,8.036099399699916,-7.125119907210915e-08,44.20207271660565
148.7743871935968,8.036104147945068,-7.125119907210915e-08,44.20218497193687
148.8744372186093,8.036108851514713,-7.125119907210915e-08,44.20229617149843
148.9744872436218,8.036113510828924,-7.125119907210915e-08,44.20240632520974
149.07453726863432,8.036118126303782,-7.125119907210915e-08,44.20251544289616
149.17458729364682,8.036122698351415,-7.125119907210915e-08,44.202623534289856
149.27463731865933,8.03612722738003,-7.125119907210915e-08,44.202730609030795
149.37468734367184,8.036131713793969,-7.125119907210915e-08,44.20283667666746
149.47473736868434,8.036136157993718,-7.125119907210915e-08,44.202941746657935
149.57478739369685,8.036140560375966,-7.125119907210915e-08,44.20304582837056
149.67483741870936,8.036144921333637,-7.125119907210915e-08,44.20314893108504
149.77488744372184,8.036149241255927,-7.125119907210915e-08,44.203251063993164
149.87493746873434,8.03615352052891,-7.125119907210915e-08,44.203352236212226
149.97498749374685,8.03615775953628,-7.125119907210915e-08,44.203452456801
150.07503751875936,8.036161958656812,-7.125119907210915e-08,44.203551734704824
150.17508754377187,8.036166118265644,-7.125119907210915e-08,44.20365007878339
150.27513756878437,8.036170238734407,-7.125119907210915e-08,44.20374749781376
150.37518759379688,8.036174320431273,-7.125119907210915e-08,44.20384400049123
150.4752376188094,8.036178363720982,-7.125119907210915e-08,44.20393959543029
150.5752876438219,8.036182368964882,-7.125119907210915e-08,44.204034291165485
150.6753376688344,8.036186336520979,-7.125119907210915e-08,44.20412809615234
150.7753876938469,8.036190266743958,-7.125119907210915e-08,44.20422101876829
150.87543771885942,8.036194159985238,-7.125119907210915e-08,44.20431306731356
150.97548774387192,8.036198016593005,-7.125119907210915e-08,44.20440425001206
151.07553776888443,8.036201836912245,-7.125119907210915e-08,44.204494575012355
151.17558779389694,8.036205621284784,-7.125119907210915e-08,44.2045840503885
151.27563781890944,8.036209370049338,-7.125119907210915e-08,44.20467268414099
151.37568784392195,8.036213083541538,-7.125119907210915e-08,44.204760484197664
151.47573786893446,8.036216762093975,-7.125119907210915e-08,44.204847458414584
151.57578789394697,8.03622040603624,-7.125119907210915e-08,44.204933614577016
151.67583791895947,8.03622401569495,-7.125119907210915e-08,44.20501896040021
151.77588794397198,8.036227591393814,-7.125119907210915e-08,44.20510350353048
151.8759379689845,8.036231133451343,-7.125119907210915e-08,44.20518725149201
151.975987993997,8.036234642178348,-7.125119907210915e-08,44.20527021162765
152.0760380190095,8.036238117887896,-7.125119907210915e-08,44.20535239133294
152.176088044022,8.036241560890492,-7.125119907210915e-08,44.205433797942916
152.27613806903452,8.036244971493769,-7.125119907210915e-08,44.20551443872488
152.37618809404702,8.036248350002515,-7.125119907210915e-08,44.20559432087907
152.47623811905953,8.036251696718724,-7.125119907210915e-08,44.205673451539546
152.57628814407204,8.036255011941607,-7.125119907210915e-08,44.205751837775004
152.67633816908454,8.036258295967647,-7.125119907210915e-08,44.2058294865895
152.77638819409705,8.036261549090625,-7.125119907210915e-08,44.20590640492338
152.87643821910956,8.036264771601656,-7.125119907210915e-08,44.205982599653986
152.97648824412204,8.036267963789207,-7.125119907210915e-08,44.20605807759649
153.07653826913455,8.03627112593917,-7.125119907210915e-08,44.20613284550473
153.17658829414705,8.036274258334851,-7.125119907210915e-08,44.206206910072005
153.27663831915956,8.036277361257039,-7.125119907210915e-08,44.206280277931825
153.37668834417207,8.036280434984022,-7.125119907210915e-08,44.20635295565881
153.47673836918457,8.036283479791624,-7.125119907210915e-08,44.2064249497694
153.57678839419708,8.036286495953245,-7.125119907210915e-08,44.206496266722766
153.6768384192096,8.036289483739893,-7.125119907210915e-08,44.20656691292153
153.7768884442221,8.036292443420214,-7.125119907210915e-08,44.206636894712624
153.8769384692346,8.036295375257351,-7.125119907210915e-08,44.20670621831367
153.9769884942471,8.036298279505743,-7.125119907210915e-08,44.20677488973811
154.07703851925962,8.036301156424383,-7.125119907210915e-08,44.20684291510544
154.17708854427212,8.036304006270298,-7.125119907210915e-08,44.20691030048859
154.27713856928463,8.036306829298127,-7.125119907210915e-08,44.206977051904346
154.37718859429714,8.036309625760174,-7.125119907210915e-08,44.20704317531402
154.47723861930965,8.03631239590641,-7.125119907210915e-08,44.20710867662416
154.57728864432215,8.036315139984522,-7.125119907210915e-08,44.207173561687206
154.67733866933466,8.036317858239935,-7.125119907210915e-08,44.20723783630213
154.77738869434717,8.036320550915828,-7.125119907210915e-08,44.207301506215124
154.87743871935967,8.036323218253186,-7.125119907210915e-08,44.207364577120316
154.97748874437218,8.036325860490804,-7.125119907210915e-08,44.20742705466037
155.0775387693847,8.036328477865341,-7.125119907210915e-08,44.2074889444272
155.1775887943972,8.036331070611324,-7.125119907210915e-08,44.207550251962616
155.2776388194097,8.03633363896119,-7.125119907210915e-08,44.207610982759036
155.3776888444222,8.03633618314532,-7.125119907210915e-08,44.207671142260075
155.47773886943472,8.036338703392047,-7.125119907210915e-08,44.20773073586132
155.57778889444722,8.036341199927707,-7.125119907210915e-08,44.207789768910914
155.67783891945973,8.036343672976647,-7.125119907210915e-08,44.20784824671028
155.77788894447224,8.036346122761277,-7.125119907210915e-08,44.207906174514775
155.87793896948475,8.036348549499316,-7.125119907210915e-08,44.207963557469746
155.97798899449725,8.036350953401298,-7.125119907210915e-08,44.20802040055151
156.07803901950973,8.036353334681626,-7.125119907210915e-08,44.20807670882689
156.17808904452224,8.036355693553052,-7.125119907210915e-08,44.20813248732354
156.27813906953475,8.036358030226355,-7.125119907210915e-08,44.208187741022726
156.37818909454725,8.036360344910376,-7.125119907210915e-08,44.20824247485976
156.47823911955976,8.036362637812037,-7.125119907210915e-08,44.20829669372463
156.57828914457227,8.036364909136356,-7.125119907210915e-08,44.208350402462436
156.67833916958477,8.036367159086481,-7.125119907210915e-08,44.20840360587412
156.77838919459728,8.036369387863715,-7.125119907210915e-08,44.208456308716876
156.8784392196098,8.036371595667521,-7.125119907210915e-08,44.20850851570477
156.9784892446223,8.036373782695575,-7.125119907210915e-08,44.20856023150929
157.0785392696348,8.036375949143762,-7.125119907210915e-08,44.20861146075986
157.1785892946473,8.036378095206217,-7.125119907210915e-08,44.20866220804448
157.27863931965982,8.036380221075337,-7.125119907210915e-08,44.2087124779102
157.37868934467232,8.036382326941823,-7.125119907210915e-08,44.20876227486372
157.47873936968483,8.036384412994678,-7.125119907210915e-08,44.20881160337194
157.57878939469734,8.036386479421251,-7.125119907210915e-08,44.208860467862486
157.67883941970985,8.036388526407247,-7.125119907210915e-08,44.20890887272433
157.77888944472235,8.036390554136768,-7.125119907210915e-08,44.20895682230823
157.87893946973486,8.036392562789962,-7.125119907210915e-08,44.20900432087239
157.97898949474737,8.036394552541132,-7.125119907210915e-08,44.20905137253692
158.07903951975987,8.036396523567763,-7.125119907210915e-08,44.20909798149691
158.17908954477238,8.036398476045958,-7.125119907210915e-08,44.20914415191459
158.2791395697849,8.036400410150193,-7.125119907210915e-08,44.20918988791374
158.3791895947974,8.036402326053336,-7.125119907210915e-08,44.209235193580085
158.4792396198099,8.03640422392666,-7.125119907210915e-08,44.20928007296184
158.5792896448224,8.036406103939871,-7.125119907210915e-08,44.209324530070106
158.67933966983492,8.036407966261129,-7.125119907210915e-08,44.20936856887932
158.77938969484742,8.036409811057048,-7.125119907210915e-08,44.20941219332776
158.87943971985993,8.036411638492744,-7.125119907210915e-08,44.209455407317996
158.97948974487244,8.036413448731837,-7.125119907210915e-08,44.209498214717335
159.07953976988495,8.03641524193647,-7.125119907210915e-08,44.2095406193583
159.17958979489745,8.03641701826734,-7.125119907210915e-08,44.20958262503903
159.27963981990993,8.036418777883705,-7.125119907210915e-08,44.209624235523854
159.37968984492244,8.036420520943413,-7.125119907210915e-08,44.20966545454365
159.47973986993495,8.036422247602909,-7.125119907210915e-08,44.20970628579632
159.57978989494745,8.036423958017274,-7.125119907210915e-08,44.20974673294735
159.67983991995996,8.036425652340222,-7.125119907210915e-08,44.20978679963009
159.77988994497247,8.036427330724145,-7.125119907210915e-08,44.209826489446414
159.87993996998497,8.03642899331811,-7.125119907210915e-08,44.20986580592005
159.97998999499748,8.036430640266406,-7.125119907210915e-08,44.20990475246231
160.08004002001,8.036432271715968,-7.125119907210915e-08,44.20994333254633
160.1800900450225,8.036433887812562,-7.125119907210915e-08,44.209981549617794
160.280140070035,8.036435488700612,-7.125119907210915e-08,44.21001940709049
160.3801900950475,8.036437074523203,-7.125119907210915e-08,44.21005690834674
160.48024012006002,8.036438645422107,-7.125119907210915e-08,44.21009405673778
160.58029014507252,8.036440201537793,-7.125119907210915e-08,44.2101308555841
160.68034017008503,8.036441743009455,-7.125119907210915e-08,44.210167308175905
160.78039019509754,8.036443269975008,-7.125119907210915e-08,44.210203417773386
160.88044022011005,8.036444782571122,-7.125119907210915e-08,44.21023918760723
160.98049024512255,8.036446280933237,-7.125119907210915e-08,44.21027462087891
161.08054027013506,8.036447765195563,-7.125119907210915e-08,44.21030972076108
161.18059029514757,8.036449235491112,-7.125119907210915e-08,44.210344490397986
161.28064032016007,8.036450691951705,-7.125119907210915e-08,44.21037893290582
161.38069034517258,8.036452134708009,-7.125119907210915e-08,44.210413051373116
161.4807403701851,8.036453563889514,-7.125119907210915e-08,44.21044684886112
161.5807903951976,8.036454979624589,-7.125119907210915e-08,44.210480328404195
161.6808404202101,8.03645638204047,-7.125119907210915e-08,44.210513493010176
161.7808904452226,8.036457771263294,-7.125119907210915e-08,44.21054634566075
161.88094047023512,8.036459147416407,-7.125119907210915e-08,44.21057888927189
161.98099049524762,8.036460510619259,-7.125119907210915e-08,44.21061112666791
162.08104052026013,8.036461860993494,-7.125119907210915e-08,44.21064306072424
162.18109054527264,8.036463198659764,-7.125119907210915e-08,44.21067469429325
162.28114057028515,8.036464523737607,-7.125119907210915e-08,44.210706030200924
162.38119059529762,8.036465836345469,-7.125119907210915e-08,44.210737071247195
162.48124062031013,8.036467136600693,-7.125119907210915e-08,44.21076782020624
162.58129064532264,8.036468424619555,-7.125119907210915e-08,44.21079827982681
162.68134067033515,8.036469700517264,-7.125119907210915e-08,44.21082845283255
162.78139069534765,8.036470964407988,-7.125119907210915e-08,44.210858341922304
162.88144072036016,8.03647221640484,-7.125119907210915e-08,44.210887949770445
162.98149074537267,8.036473456619934,-7.125119907210915e-08,44.2109172790272
163.08154077038517,8.036474685164364,-7.125119907210915e-08,44.21094633231892
163.18159079539768,8.036475902148222,-7.125119907210915e-08,44.21097511224843
163.2816408204102,8.036477107680634,-7.125119907210915e-08,44.211003621395335
163.3816908454227,8.036478301869739,-7.125119907210915e-08,44.21103186231638
163.4817408704352,8.036479484822733,-7.125119907210915e-08,44.21105983754567
163.5817908954477,8.036480656645868,-7.125119907210915e-08,44.21108754959508
163.68184092046022,8.036481817444463,-7.125119907210915e-08,44.21111500095452
163.78189094547272,8.036482967322923,-7.125119907210915e-08,44.211142194092275
163.88194097048523,8.036484106383313,-7.125119907210915e-08,44.21116913142127
163.98199099549774,8.036485234724523,-7.125119907210915e-08,44.211195815279844
164.08204102051025,8.036486352447247,-7.125119907210915e-08,44.21122224804851
164.18209104552275,8.036487459651353,-7.125119907210915e-08,44.21124843208844
164.28214107053526,8.03648855643579,-7.125119907210915e-08,44.21127436973896
164.38219109554777,8.036489642898596,-7.125119907210915e-08,44.21130006331786
164.48224112056027,8.036490719136903,-7.125119907210915e-08,44.21132551512156
164.58229114557278,8.036491785246952,-7.125119907210915e-08,44.211350727425476
164.6823411705853,8.036492841324106,-7.125119907210915e-08,44.21137570248423
164.7823911955978,8.036493887462864,-7.125119907210915e-08,44.211400442531904
164.8824412206103,8.03649492375686,-7.125119907210915e-08,44.21142494978233
164.9824912456228,8.036495950298887,-7.125119907210915e-08,44.211449226429316
165.08254127063532,8.036496967180902,-7.125119907210915e-08,44.21147327464695
165.18259129564782,8.036497974494035,-7.125119907210915e-08,44.211497096589845
165.28264132066033,8.036498972328607,-7.125119907210915e-08,44.21152069439338
165.38269134567284,8.036499960774135,-7.125119907210915e-08,44.21154407017398
165.48274137068535,8.036500939919344,-7.125119907210915e-08,44.21156722602938
165.58279139569783,8.036501909852182,-7.125119907210915e-08,44.211590164038896
165.68284142071033,8.03650287065983,-7.125119907210915e-08,44.21161288626364
165.78289144572284,8.0365038224287,-7.125119907210915e-08,44.21163539474686
165.88294147073535,8.036504765243249,-7.125119907210915e-08,44.21165769148517
165.98299149574785,8.036505699185346,-7.125119907210915e-08,44.211679778414535
166.08304152076036,8.03650662433834,-7.125119907210915e-08,44.2117016575057
166.18309154577287,8.036507540784903,-7.125119907210915e-08,44.211723330713205
166.28314157078538,8.036508448606929,-7.125119907210915e-08,44.2117447999735
166.38319159579788,8.036509347885573,-7.125119907210915e-08,44.211766067205176
166.4832416208104,8.036510238701235,-7.125119907210915e-08,44.211787134309205
166.5832916458229,8.036511121133568,-7.125119907210915e-08,44.21180800316909
166.6833416708354,8.036511995261517,-7.125119907210915e-08,44.21182867565119
166.7833916958479,8.036512861163292,-7.125119907210915e-08,44.2118491536048
166.88344172086042,8.036513718916405,-7.125119907210915e-08,44.21186943886251
166.98349174587293,8.036514568597653,-7.125119907210915e-08,44.21188953324029
167.08354177088543,8.036515410283162,-7.125119907210915e-08,44.21190943853782
167.18359179589794,8.036516244048354,-7.125119907210915e-08,44.211929156538645
167.28364182091045,8.036517069967994,-7.125119907210915e-08,44.211948689010356
167.38369184592295,8.036517888116181,-7.125119907210915e-08,44.21196803770492
167.48374187093546,8.03651869856635,-7.125119907210915e-08,44.21198720435877
167.58379189594797,8.036519501391304,-7.125119907210915e-08,44.21200619069313
167.68384192096048,8.036520296663195,-7.125119907210915e-08,44.212024998414144
167.78389194597298,8.036521084453561,-7.125119907210915e-08,44.212043629213184
167.8839419709855,8.036521864832274,-7.125119907210915e-08,44.21206208474234
167.983991995998,8.036522637867114,-7.125119907210915e-08,44.21208036660446
168.0840420210105,8.036523403627083,-7.125119907210915e-08,44.212098476431
168.184092046023,8.036524162180603,-7.125119907210915e-08,44.2121164158399
168.28414207103552,8.03652491359547,-7.125119907210915e-08,44.21213418643405
168.38419209604803,8.036525657938846,-7.125119907210915e-08,44.21215178980163
168.48424212106053,8.036526395277283,-7.125119907210915e-08,44.21216922751619
168.58429214607304,8.036527125676718,-7.125119907210915e-08,44.212186501136834
168.68434217108552,8.036527849202491,-7.125119907210915e-08,44.21220361220846
168.78439219609803,8.036528565919339,-7.125119907210915e-08,44.212220562261884
168.88444222111053,8.036529275891416,-7.125119907210915e-08,44.21223735281403
168.98449224612304,8.036529979182301,-7.125119907210915e-08,44.21225398536814
169.08454227113555,8.036530675854989,-7.125119907210915e-08,44.21227046141389
169.18459229614805,8.036531365971925,-7.125119907210915e-08,44.212286782427626
169.28464232116056,8.036532049594985,-7.125119907210915e-08,44.21230294987256
169.38469234617307,8.036532726785502,-7.125119907210915e-08,44.21231896519887
169.48474237118558,8.036533397604263,-7.125119907210915e-08,44.21233482984393
169.58479239619808,8.036534062111523,-7.125119907210915e-08,44.212350545232525
169.6848424212106,8.036534720367014,-7.125119907210915e-08,44.21236611277694
169.7848924462231,8.036535372429944,-7.125119907210915e-08,44.21238153387722
169.8849424712356,8.036536018358124,-7.125119907210915e-08,44.212396809900405
169.9849924962481,8.036536658207671,-7.125119907210915e-08,44.212411942173496
170.08504252126062,8.036537292035709,-7.125119907210915e-08,44.21242693204711
170.18509254627313,8.036537919898866,-7.125119907210915e-08,44.212441780860466
170.28514257128563,8.036538541853261,-7.125119907210915e-08,44.21245648994041
170.38519259629814,8.036539157954484,-7.125119907210915e-08,44.21247106060154
170.48524262131065,8.036539768257622,-7.125119907210915e-08,44.21248549414637
170.58529264632315,8.036540372817257,-7.125119907210915e-08,44.2124997918655
170.68534267133566,8.03654097168746,-7.125119907210915e-08,44.212513955037686
170.78539269634817,8.036541564921828,-7.125119907210915e-08,44.212527984930105
170.88544272136068,8.03654215257346,-7.125119907210915e-08,44.212541882798384
170.98549274637318,8.036542734694978,-7.125119907210915e-08,44.21255564988684
171.0855427713857,8.036543311338528,-7.125119907210915e-08,44.21256928742857
171.1855927963982,8.036543882555794,-7.125119907210915e-08,44.212582796645655
171.2856428214107,8.03654444839799,-7.125119907210915e-08,44.212596178749244
171.3856928464232,8.036545008915889,-7.125119907210915e-08,44.212609434939736
171.48574287143572,8.036545564159804,-7.125119907210915e-08,44.212622566406964
171.58579289644823,8.03654611417961,-7.125119907210915e-08,44.21263557433026
171.68584292146073,8.036546659024745,-7.125119907210915e-08,44.21264845987869
171.78589294647324,8.03654719874422,-7.125119907210915e-08,44.212661224211146
171.88594297148572,8.036547733385866,-7.125119907210915e-08,44.2126738684587
171.98599299649823,8.036548262996185,-7.125119907210915e-08,44.21268639372103
172.08604302151073,8.03654878762254,-7.125119907210915e-08,44.212698801118165
172.18609304652324,8.036549307311903,-7.125119907210915e-08,44.212711091760795
172.28614307153575,8.036549822110814,-7.125119907210915e-08,44.2127232667494
172.38619309654825,8.036550332065374,-7.125119907210915e-08,44.21273532717425
172.48624312156076,8.036550837221263,-7.125119907210915e-08,44.2127472741154
172.58629314657327,8.03655133762372,-7.125119907210915e-08,44.21275910864266
172.68634317158578,8.036551833317553,-7.125119907210915e-08,44.21277083181564
172.78639319659828,8.036552324347143,-7.125119907210915e-08,44.21278244468373
172.8864432216108,8.03655281075643,-7.125119907210915e-08,44.21279394828609
172.9864932466233,8.036553292588932,-7.125119907210915e-08,44.212805343651674
173.0865432716358,8.036553769887725,-7.125119907210915e-08,44.2128166317992
173.1865932966483,8.03655424269546,-7.125119907210915e-08,44.21282781373719
173.28664332166082,8.036554711054354,-7.125119907210915e-08,44.21283889046395
173.38669334667333,8.036555175006193,-7.125119907210915e-08,44.21284986296752
173.48674337168583,8.03655563459232,-7.125119907210915e-08,44.21286073222578
173.58679339669834,8.036556089853665,-7.125119907210915e-08,44.21287149920635
173.68684342171085,8.036556540830711,-7.125119907210915e-08,44.21288216486664
173.78689344672335,8.03655698756351,-7.125119907210915e-08,44.21289273015387
173.88694347173586,8.036557430092788,-7.125119907210915e-08,44.21290319603095
173.98699349674837,8.036557868460084,-7.125119907210915e-08,44.21291356348027
174.08704352176088,8.036558302704703,-7.125119907210915e-08,44.21292383343125
174.18709354677338,8.036558732865485,-7.125119907210915e-08,44.21293400680249
174.2871435717859,8.036559158980877,-7.125119907210915e-08,44.212944084502965
174.3871935967984,8.036559581088902,-7.125119907210915e-08,44.212954067431916
174.4872436218109,8.036559999227176,-7.125119907210915e-08,44.21296395647899
174.5872936468234,8.03656041343292,-7.125119907210915e-08,44.2129737525241
174.68734367183592,8.036560823742924,-7.125119907210915e-08,44.21298345643755
174.78739369684843,8.036561230193588,-7.125119907210915e-08,44.212993069079936
174.88744372186093,8.036561632820895,-7.125119907210915e-08,44.21300259130219
174.9874937468734,8.036562031660415,-7.125119907210915e-08,44.213012023945616
175.08754377188592,8.036562426747318,-7.125119907210915e-08,44.213021367841776
175.18759379689843,8.036562818116362,-7.125119907210915e-08,44.21303062381263
175.28764382191093,8.036563205801896,-7.125119907210915e-08,44.21303979267045
175.38769384692344,8.036563589837854,-7.125119907210915e-08,44.21304887521782
175.48774387193595,8.03656397025777,-7.125119907210915e-08,44.21305787224768
175.58779389694845,8.036564347094767,-7.125119907210915e-08,44.21306678454331
175.68784392196096,8.036564720381554,-7.125119907210915e-08,44.21307561287827
175.78789394697347,8.036565090150436,-7.125119907210915e-08,44.21308435801653
175.88794397198598,8.0365654564365,-7.125119907210915e-08,44.213093020787724
175.98799399699848,8.036565819277849,-7.125119907210915e-08,44.213101602092955
176.088044022011,8.036566178707092,-7.125119907210915e-08,44.21311010270332
176.1880940470235,8.036566534756373,-7.125119907210915e-08,44.21311852337892
176.288144072036,8.03656688745749,-7.125119907210915e-08,44.21312686487179
176.3881940970485,8.0365672368419,-7.125119907210915e-08,44.21313512792584
176.48824412206102,8.03656758294072,-7.125119907210915e-08,44.213143313276866
176.58829414707353,8.03656792578472,-7.125119907210915e-08,44.21315142165257
176.68834417208603,8.036568265404327,-7.125119907210915e-08,44.21315945377255
176.78839419709854,8.036568601829632,-7.125119907210915e-08,44.21316741034829
176.88844422211105,8.036568935090378,-7.125119907210915e-08,44.21317529208318
176.98849424712355,8.036569265215961,-7.125119907210915e-08,44.213183099672484
177.08854427213606,8.03656959223544,-7.125119907210915e-08,44.21319083380339
177.18859429714857,8.036569916177532,-7.125119907210915e-08,44.21319849515494
177.28864432216108,8.036570237070611,-7.125119907210915e-08,44.2132060843981
177.38869434717358,8.0365705549427,-7.125119907210915e-08,44.21321360219573
177.4887443721861,8.036570869821487,-7.125119907210915e-08,44.21322104920256
177.5887943971986,8.036571181734317,-7.125119907210915e-08,44.21322842606524
177.6888444222111,8.03657149070819,-7.125119907210915e-08,44.213235733422295
177.7888944472236,8.036571796769767,-7.125119907210915e-08,44.21324297190416
177.88894447223612,8.036572099948277,-7.125119907210915e-08,44.21325014220218
177.98899449724863,8.036572400275567,-7.125119907210915e-08,44.21325724506935
178.08904452226113,8.036572697778617,-7.125119907210915e-08,44.21326428114379
178.1890945472736,8.036572992484038,-7.125119907210915e-08,44.21327125105466
178.28914457228612,8.036573284418145,-7.125119907210915e-08,44.21327815542445
178.38919459729863,8.036573573606981,-7.125119907210915e-08,44.21328499486887
178.48924462231113,8.036573860076293,-7.125119907210915e-08,44.213291769996985
178.58929464732364,8.036574143851558,-7.125119907210915e-08,44.213298481411115
178.68934467233615,8.036574424957955,-7.125119907210915e-08,44.2133051297069
178.78939469734865,8.036574703420392,-7.125119907210915e-08,44.21331171547322
178.88944472236116,8.036574979263483,-7.125119907210915e-08,44.213318239292285
178.98949474737367,8.036575252511565,-7.125119907210915e-08,44.21332470173957
179.08954477238618,8.036575523188688,-7.125119907210915e-08,44.213331103383865
179.18959479739868,8.03657579131862,-7.125119907210915e-08,44.213337444787236
179.2896448224112,8.036576056924845,-7.125119907210915e-08,44.21334372650503
179.3896948474237,8.036576320030557,-7.125119907210915e-08,44.213349949085895
179.4897448724362,8.03657658065868,-7.125119907210915e-08,44.21335611307176
179.5897948974487,8.036576838831838,-7.125119907210915e-08,44.21336221899786
179.68984492246122,8.036577094572385,-7.125119907210915e-08,44.213368267392696
179.78989494747373,8.03657734790238,-7.125119907210915e-08,44.21337425877808
179.88994497248623,8.036577598846083,-7.125119907210915e-08,44.213380193727644
179.98999499749874,8.036577847429811,-7.125119907210915e-08,44.21338607286372
180.09004502251125,8.036578093675889,-7.125119907210915e-08,44.213391896714285
180.19009504752376,8.036578337606336,-7.125119907210915e-08,44.213397665800116
180.29014507253626,8.03657857924294,-7.125119907210915e-08,44.2134033806364
180.39019509754877,8.036578818607252,-7.125119907210915e-08,44.21340904173285
180.49024512256128,8.036579055720589,-7.125119907210915e-08,44.213414649593545
180.59029514757378,8.036579290604028,-7.125119907210915e-08,44.213420204717046
180.6903451725863,8.036579523278421,-7.125119907210915e-08,44.21342570759635
180.7903951975988,8.036579753764375,-7.125119907210915e-08,44.21343115871892
180.8904452226113,8.036579982082271,-7.125119907210915e-08,44.21343655856663
180.9904952476238,8.036580208252248,-7.125119907210915e-08,44.21344190761581
181.09054527263632,8.03658043229421,-7.125119907210915e-08,44.21344720633725
181.19059529764883,8.03658065422783,-7.125119907210915e-08,44.21345245519616
181.2906453226613,8.036580874072552,-7.125119907210915e-08,44.21345765465223
181.3906953476738,8.036581091847568,-7.125119907210915e-08,44.21346280515955
181.49074537268632,8.036581307571852,-7.125119907210915e-08,44.2134679071667
181.59079539769883,8.036581521264132,-7.125119907210915e-08,44.213472961116665
181.69084542271133,8.036581732942906,-7.125119907210915e-08,44.21347796744691
181.79089544772384,8.036581942626437,-7.125119907210915e-08,44.21348292658931
181.89094547273635,8.036582150332857,-7.125119907210915e-08,44.21348783897268
181.99099549774886,8.036582356080238,-7.125119907210915e-08,44.21349270502447
182.09104552276136,8.036582559886492,-7.125119907210915e-08,44.213497525168144
182.19109554777387,8.03658276176952,-7.125119907210915e-08,44.21350229982711
182.29114557278638,8.036582961747222,-7.125119907210915e-08,44.213507029424804
182.39119559779888,8.036583159837507,-7.125119907210915e-08,44.21351171438462
182.4912456228114,8.036583356058276,-7.125119907210915e-08,44.21351635512999
182.5912956478239,8.036583550427435,-7.125119907210915e-08,44.213520952084316
182.6913456728364,8.03658374296289,-7.125119907210915e-08,44.21352550567102
182.7913956978489,8.036583933682538,-7.125119907210915e-08,44.213530016313534
182.89144572286142,8.036584122604287,-7.125119907210915e-08,44.21353448443526
182.99149574787393,8.036584309746038,-7.125119907210915e-08,44.213538910459604
183.09154577288643,8.036584495125702,-7.125119907210915e-08,44.21354329481
183.19159579789894,8.036584678761177,-7.125119907210915e-08,44.21354763790986
183.29164582291145,8.036584860670366,-7.125119907210915e-08,44.213551940182604
183.39169584792396,8.036585040871175,-7.125119907210915e-08,44.213556202051635
183.49174587293646,8.03658521938151,-7.125119907210915e-08,44.213560423940386
183.59179589794897,8.036585396219271,-7.125119907210915e-08,44.213564606272264
183.69184592296148,8.036585571402362,-7.125119907210915e-08,44.21356874947069
183.79189594797398,8.03658574494869,-7.125119907210915e-08,44.21357285395907
183.8919459729865,8.03658591686659,-7.125119907210915e-08,44.213576919934596
183.991995997999,8.036586087157257,-7.125119907210915e-08,44.213580947425484
184.0920460230115,8.036586255835964,-7.125119907210915e-08,44.21358493679303
184.192096048024,8.03658642291818,-7.125119907210915e-08,44.21358888840307
184.29214607303652,8.036586588419377,-7.125119907210915e-08,44.21359280262142
184.39219609804903,8.036586752355023,-7.125119907210915e-08,44.213596679813904
184.4922461230615,8.036586914740584,-7.125119907210915e-08,44.21360052034635
184.592296148074,8.03658707559153,-7.125119907210915e-08,44.213604324584566
184.69234617308652,8.03658723492333,-7.125119907210915e-08,44.213608092894404
184.79239619809903,8.036587392751448,-7.125119907210915e-08,44.21361182564167
184.89244622311153,8.03658754909136,-7.125119907210915e-08,44.2136155231922
184.99249624812404,8.036587703958531,-7.125119907210915e-08,44.21361918591181
185.09254627313655,8.036587857368428,-7.125119907210915e-08,44.213622814166335
185.19259629814906,8.036588009336521,-7.125119907210915e-08,44.21362640832159
185.29264632316156,8.03658815987828,-7.125119907210915e-08,44.21362996874341
185.39269634817407,8.036588309009169,-7.125119907210915e-08,44.213633495797616
185.49274637318658,8.036588456744662,-7.125119907210915e-08,44.21363698985002
185.59279639819908,8.036588603100222,-7.125119907210915e-08,44.21364045126647
185.6928464232116,8.036588748091326,-7.125119907210915e-08,44.21364388041277
185.7928964482241,8.036588891733434,-7.125119907210915e-08,44.213647277654765
185.8929464732366,8.036589034031307,-7.125119907210915e-08,44.213650643105
185.9929964982491,8.036589174982323,-7.125119907210915e-08,44.21365397670146
186.09304652326162,8.036589314599109,-7.125119907210915e-08,44.213657278742744
186.19309654827413,8.036589452894468,-7.125119907210915e-08,44.2136605495317
186.29314657328663,8.036589589881206,-7.125119907210915e-08,44.21366378937113
186.39319659829914,8.036589725572124,-7.125119907210915e-08,44.21366699856389
186.49324662331165,8.036589859980035,-7.125119907210915e-08,44.2136701774128
186.59329664832416,8.036589993117735,-7.125119907210915e-08,44.21367332622069
186.69334667333666,8.036590124998032,-7.125119907210915e-08,44.213676445290375
186.79339669834917,8.036590255633731,-7.125119907210915e-08,44.213679534924694
186.89344672336168,8.036590385037636,-7.125119907210915e-08,44.21368259542649
186.99349674837418,8.036590513222553,-7.125119907210915e-08,44.21368562709857
187.0935467733867,8.036590640201288,-7.125119907210915e-08,44.21368863024378
187.1935967983992,8.036590765986638,-7.125119907210915e-08,44.21369160516494
187.2936468234117,8.036590890591418,-7.125119907210915e-08,44.213694552164874
187.3936968484242,8.036591014028428,-7.125119907210915e-08,44.21369747154642
187.49374687343672,8.036591136310467,-7.125119907210915e-08,44.21370036361241
187.5937968984492,8.03659125745035,-7.125119907210915e-08,44.21370322866566
187.6938469234617,8.036591377460876,-7.125119907210915e-08,44.213706067009014
187.7938969484742,8.03659149635485,-7.125119907210915e-08,44.2137088789453
187.89394697348672,8.036591614136006,-7.125119907210915e-08,44.21371166456282
187.99399699849923,8.036591730802334,-7.125119907210915e-08,44.21371442381402
188.09404702351173,8.036591846364306,-7.125119907210915e-08,44.213717156946636
188.19409704852424,8.036591960832524,-7.125119907210915e-08,44.213719864211356
188.29414707353675,8.03659207421759,-7.125119907210915e-08,44.21372254585886
188.39419709854926,8.036592186530097,-7.125119907210915e-08,44.21372520213982
188.49424712356176,8.03659229778065,-7.125119907210915e-08,44.21372783330493
188.59429714857427,8.03659240797985,-7.125119907210915e-08,44.21373043960486
188.69434717358678,8.036592517138288,-7.125119907210915e-08,44.21373302129028
188.79439719859928,8.036592625266573,-7.125119907210915e-08,44.21373557861191
188.8944472236118,8.0365927323753,-7.125119907210915e-08,44.21373811182039
188.9944972486243,8.036592838475068,-7.125119907210915e-08,44.213740621166416
189.0945472736368,8.03659294357648,-7.125119907210915e-08,44.21374310690068
189.1945972986493,8.036593047690133,-7.125119907210915e-08,44.21374556927384
189.29464732366182,8.036593150826624,-7.125119907210915e-08,44.2137480085366
189.39469734867433,8.036593252996557,-7.125119907210915e-08,44.21375042493961
189.49474737368683,8.036593354210531,-7.125119907210915e-08,44.21375281873359
189.59479739869934,8.036593454479144,-7.125119907210915e-08,44.21375519016919
189.69484742371185,8.036593553812997,-7.125119907210915e-08,44.21375753949709
189.79489744872436,8.036593652222688,-7.125119907210915e-08,44.213759866968005
189.89494747373686,8.036593749745892,-7.125119907210915e-08,44.21376217347287
189.99499749874937,8.036593846425683,-7.125119907210915e-08,44.21376446003049
190.09504752376188,8.036593942262384,-7.125119907210915e-08,44.21376672664846
190.19509754877438,8.036594037255995,-7.125119907210915e-08,44.21376897332677
190.2951475737869,8.036594131406515,-7.125119907210915e-08,44.213771200065445
190.3951975987994,8.036594224713944,-7.125119907210915e-08,44.21377340686446
190.4952476238119,8.036594317178285,-7.125119907210915e-08,44.21377559372384
190.5952976488244,8.036594408799534,-7.125119907210915e-08,44.21377776064356
190.69534767383692,8.036594499577692,-7.125119907210915e-08,44.213779907623625
190.7953976988494,8.036594589512761,-7.125119907210915e-08,44.21378203466406
190.8954477238619,8.03659467860474,-7.125119907210915e-08,44.213784141764826
190.9954977488744,8.036594766853627,-7.125119907210915e-08,44.213786228925954
191.09554777388692,8.036594854259425,-7.125119907210915e-08,44.21378829614743
191.19559779889943,8.036594940822132,-7.125119907210915e-08,44.21379034342926
191.29564782391193,8.036595026541749,-7.125119907210915e-08,44.213792370771436
191.39569784892444,8.036595111418276,-7.125119907210915e-08,44.21379437817396
191.49574787393695,8.036595195451712,-7.125119907210915e-08,44.21379636563684
191.59579789894946,8.036595278642059,-7.125119907210915e-08,44.21379833316008
191.69584792396196,8.036595360989311,-7.125119907210915e-08,44.213800280743655
191.79589794897447,8.036595442493477,-7.125119907210915e-08,44.213802208387584
191.89594797398698,8.036595523215196,-7.125119907210915e-08,44.21380411752614
191.99599799899948,8.036595603238478,-7.125119907210915e-08,44.21380601014614
192.096048024012,8.036595682563862,-7.125119907210915e-08,44.21380788626033
192.1960980490245,8.036595761191347,-7.125119907210915e-08,44.21380974586868
192.296148074037,8.03659583912093,-7.125119907210915e-08,44.213811588971204
192.3961980990495,8.036595916352617,-7.125119907210915e-08,44.2138134155679
192.49624812406202,8.0365959928864,-7.125119907210915e-08,44.21381522565876
192.59629814907453,8.03659606872229,-7.125119907210915e-08,44.2138170192438
192.69634817408703,8.036596143860274,-7.125119907210915e-08,44.213818796323004
192.79639819909954,8.036596218300364,-7.125119907210915e-08,44.21382055689638
192.89644822411205,8.036596292042551,-7.125119907210915e-08,44.21382230096393
192.99649824912456,8.036596365086842,-7.125119907210915e-08,44.21382402852566
193.09654827413706,8.03659643743323,-7.125119907210915e-08,44.213825739581544
193.19659829914957,8.036596509081722,-7.125119907210915e-08,44.2138274341316
193.29664832416208,8.036596580032311,-7.125119907210915e-08,44.21382911217583
193.39669834917459,8.036596650285004,-7.125119907210915e-08,44.213830773714236
193.4967483741871,8.036596719839796,-7.125119907210915e-08,44.213832418746804
193.5967983991996,8.03659678869669,-7.125119907210915e-08,44.21383404727355
193.6968484242121,8.036596856855683,-7.125119907210915e-08,44.21383565929446
193.7968984492246,8.036596924316777,-7.125119907210915e-08,44.21383725480955
193.8969484742371,8.036596991131276,-7.125119907210915e-08,44.2138388350322
193.9969984992496,8.036597057367716,-7.125119907210915e-08,44.2138404015833
194.0970485242621,8.036597123026445,-7.125119907210915e-08,44.21384195447104
194.1970985492746,8.03659718810746,-7.125119907210915e-08,44.21384349369545
194.29714857428712,8.036597252610767,-7.125119907210915e-08,44.21384501925652
194.39719859929963,8.03659731653636,-7.125119907210915e-08,44.213846531154246
194.49724862431214,8.03659737988424,-7.125119907210915e-08,44.21384802938863
194.59729864932464,8.036597442654408,-7.125119907210915e-08,44.21384951395967
194.69734867433715,8.036597504846863,-7.125119907210915e-08,44.21385098486737
194.79739869934966,8.036597566461607,-7.125119907210915e-08,44.21385244211172
194.89744872436216,8.03659762749864,-7.125119907210915e-08,44.21385388569274
194.99749874937467,8.03659768795796,-7.125119907210915e-08,44.213855315610424
195.09754877438718,8.036597747839567,-7.125119907210915e-08,44.21385673186476
195.19759879939969,8.036597807143464,-7.125119907210915e-08,44.21385813445574
195.2976488244122,8.036597865869648,-7.125119907210915e-08,44.2138595233834
195.3976988494247,8.03659792401812,-7.125119907210915e-08,44.21386089864771
195.4977488744372,8.036597981588878,-7.125119907210915e-08,44.213862260248675
195.5977988994497,8.036598038581927,-7.125119907210915e-08,44.213863608186294
195.69784892446222,8.036598094997261,-7.125119907210915e-08,44.21386494246058
195.79789894947473,8.036598150834884,-7.125119907210915e-08,44.21386626307152
195.89794897448724,8.03659820613819,-7.125119907210915e-08,44.213867571045405
195.99799899949974,8.036598260963059,-7.125119907210915e-08,44.21386886770382
196.09804902451225,8.036598315309702,-7.125119907210915e-08,44.21387015305187
196.19809904952476,8.036598369178122,-7.125119907210915e-08,44.213871427089565
196.29814907453726,8.036598422568321,-7.125119907210915e-08,44.2138726898169
196.39819909954977,8.036598475480297,-7.125119907210915e-08,44.213873941233885
196.49824912456228,8.03659852791405,-7.125119907210915e-08,44.21387518134051
196.59829914957479,8.036598579869581,-7.125119907210915e-08,44.21387641013678
196.6983491745873,8.036598631346891,-7.125119907210915e-08,44.2138776276227
196.7983991995998,8.036598682345975,-7.125119907210915e-08,44.213878833798255
196.8984492246123,8.036598732866839,-7.125119907210915e-08,44.21388002866345
196.9984992496248,8.03659878290948,-7.125119907210915e-08,44.2138812122183
197.0985492746373,8.036598832473898,-7.125119907210915e-08,44.21388238446278
197.1985992996498,8.036598881560094,-7.125119907210915e-08,44.21388354539691
197.2986493246623,8.036598930168067,-7.125119907210915e-08,44.21388469502069
197.3986993496748,8.03659897829782,-7.125119907210915e-08,44.2138858333341
197.49874937468732,8.036599025949346,-7.125119907210915e-08,44.21388696033716
197.59879939969983,8.036599073122652,-7.125119907210915e-08,44.21388807602987
197.69884942471234,8.036599119817735,-7.125119907210915e-08,44.21388918041222
197.79889944972484,8.036599166034597,-7.125119907210915e-08,44.2138902734842
197.89894947473735,8.036599211809929,-7.125119907210915e-08,44.21389135611368
197.99899949974986,8.036599257189264,-7.125119907210915e-08,44.21389242937753
198.09904952476236,8.036599302172736,-7.125119907210915e-08,44.21389349327879
198.19909954977487,8.03659934676034,-7.125119907210915e-08,44.213894547817475
198.29914957478738,8.036599390952079,-7.125119907210915e-08,44.21389559299358
198.39919959979989,8.036599434747949,-7.125119907210915e-08,44.21389662880711
198.4992496248124,8.036599478147956,-7.125119907210915e-08,44.213897655258066
198.5992996498249,8.036599521152095,-7.125119907210915e-08,44.21389867234643
198.6993496748374,8.036599563760367,-7.125119907210915e-08,44.213899680072224
198.79939969984991,8.036599605972773,-7.125119907210915e-08,44.21390067843544
198.89944972486242,8.036599647789313,-7.125119907210915e-08,44.21390166743607
198.99949974987493,8.036599689209986,-7.125119907210915e-08,44.21390264707413
199.09954977488744,8.036599730234796,-7.125119907210915e-08,44.2139036173496
199.19959979989994,8.036599770863736,-7.125119907210915e-08,44.2139045782625
199.29964982491245,8.03659981109681,-7.125119907210915e-08,44.21390552981282
199.39969984992496,8.036599850934019,-7.125119907210915e-08,44.21390647200056
199.49974987493746,8.036599890375362,-7.125119907210915e-08,44.21390740482572
199.59979989994997,8.036599929420836,-7.125119907210915e-08,44.2139083282883
199.69984992496248,8.036599968070446,-7.125119907210915e-08,44.21390924238831
199.79989994997499,8.03660000632419,-7.125119907210915e-08,44.21391014712573
199.8999499749875,8.036600044200055,-7.125119907210915e-08,44.21391104292604
200.0,8.036600081719547,-7.125119907210915e-08,44.21391193029777
