time_h,biomass,sugar_ref,ethanol
0.0,0.015,15.000000000000002,0.2808349841448073
0.04803202134756504,0.015277836994234663,14.990727859068143,0.28311816955223995
0.09606404269513008,0.015560556162961797,14.981292777687042,0.28541340165138634
0.14409606404269512,0.015848243586422985,14.971691882619302,0.2877207315568967
0.19212808539026016,0.01614097764380079,14.961922557585696,0.2900401703909299
0.2401601067378252,0.016438844476110586,14.951981927231346,0.29237173080006196
0.28819212808539024,0.016741928729932052,14.941867166071344,0.2947154248661411
0.3362241494329553,0.017050306826669744,14.931575723087043,0.29707126125644306
0.3842561707805203,0.017364058329046465,14.921104942437012,0.2994392499423204
0.43228819212808534,0.01768326386509603,14.910452132727386,0.3018194012400575
0.4803202134756504,0.018008007843872263,14.899614476267166,0.3042117239201105
0.5283522348232155,0.01833837470698451,14.888589154277913,0.30661622673962513
0.5763842561707805,0.0186744477341434,14.87737338679199,0.30903291893077717
0.6244162775183455,0.019016312462385727,14.865964318428336,0.31146180876695495
0.6724482988659106,0.019364056802907138,14.854359014489248,0.3139029035131359
0.7204803202134756,0.019717766726044986,14.84255460511782,0.31635621125866625
0.7685123415610406,0.020077529010032687,14.83054819345634,0.31882173971052474
0.8165443629086057,0.020443433575063417,14.818336777642305,0.32129949510030265
0.8645763842561707,0.020815569391399405,14.805917387569785,0.32378948414247016
0.9126084056037358,0.02119402623350503,14.79328702626593,0.32629171321032413
0.9606404269513008,0.02157889491719117,14.780442661965354,0.328806188223862
1.0086724482988658,0.021970267299615216,14.767381228110155,0.3313329146497818
1.056704469646431,0.022368236279281056,14.754099623349894,0.33387189750148255
1.1047364909939958,0.02277289498832885,14.740594738486068,0.3364231415209902
1.152768512341561,0.02318433484307331,14.726863521504375,0.3389866516180486
1.200800533689126,0.023602649886704047,14.712902832706211,0.3415624318919827
1.248832555036691,0.024027935197210092,14.698709497818847,0.34415048599029274
1.2968645763842561,0.024460286676494306,14.684280315030382,0.34675081715615363
1.3448965977318212,0.02489980105037336,14.669612054989742,0.349363428228415
1.3929286190793861,0.025346575868577772,14.654701460806672,0.3519883216416007
1.4409606404269513,0.02580070839285258,14.639545285140834,0.3546254996364699
1.4889926617745162,0.02626229310163763,14.62414037343693,0.35727496473255427
1.5370246831220813,0.026731427412787445,14.608483473034784,0.35993671864444854
1.5850567044696464,0.02720820954070763,14.592571304647759,0.3626107626876035
1.6330887258172113,0.02769273823604653,14.57640057104575,0.3652970978276206
1.6811207471647764,0.028185112785695257,14.559967957055182,0.36799572468025255
1.7291527685123413,0.028685433012787625,14.543270129559009,0.3707066435114026
1.7771847898599065,0.029193798387223108,14.526303767137563,0.3734298542362266
1.8252168112074716,0.02971030617295422,14.509065621808187,0.37616535641726134
1.8732488325550365,0.03023505580985231,14.49155237300433,0.3789131492688509
1.9212808539026016,0.030768147239064923,14.473760683381203,0.3816732316554544
1.9693128752501667,0.031309680716654825,14.455687205026031,0.38444560209145884
2.0173448965977316,0.03185975681360001,14.437328579458072,0.3872302587411779
2.0653769179452968,0.0324184764157937,14.418681437628608,0.39002719941885317
2.113408939292862,0.032985939486075706,14.39974244118282,0.39283642159236626
2.161440960640427,0.03356224267593226,14.380508362062509,0.3956579223904036
2.2094729819879917,0.034147485162063965,14.360975887971591,0.39849169858494865
2.257505003335557,0.034741766371249067,14.341141698207062,0.401337746598107
2.305537024683122,0.035345185748713405,14.321002471379302,0.4041960625028007
2.353569046030687,0.03595784275813051,14.300554885412057,0.40706664202276827
2.401601067378252,0.036579836881621516,14.279795617542463,0.40994948053256475
2.449633088725817,0.037211265510799695,14.258721414564702,0.41284457277889475
2.497665110073382,0.03785222070027429,14.237329200982357,0.4157519125502777
2.545697131420947,0.03850279899314546,14.215615751792274,0.41867149419366384
2.5937291527685122,0.039163097296996435,14.19357782985143,0.4216033121046301
2.6417611741160774,0.03983321251941043,14.171212198016798,0.4245473606787535
2.6897931954636425,0.040513241567970704,14.148515619145364,0.4275036343116111
2.737825216811207,0.04120327988018436,14.125484904990863,0.43047212686274705
2.7858572381587723,0.04190341253324442,14.102117211905359,0.43345282841403104
2.8338892595063374,0.042613729725382056,14.07840952590813,0.43644573091461364
2.8819212808539025,0.043334323300172874,14.054358778292034,0.43945082691358617
2.9299533022014677,0.04406528510119245,14.02996190034992,0.44246810896003985
2.9779853235490323,0.04480670497397782,14.005215889872858,0.4454975690529772
3.0260173448965975,0.0455586607511636,13.98011814446229,0.44853919588407554
3.0740493662441626,0.046321236666820774,13.954665848668684,0.45159297990741976
3.1220813875917277,0.04709451864032133,13.928856130952733,0.45465891204108255
3.170113408939293,0.047878592591037335,13.902686119775133,0.45773698320313655
3.2181454302868575,0.04867354123648446,13.876153050211354,0.4608271836604823
3.2661774516344226,0.049479430791400054,13.849254706843041,0.46392950032379626
3.3142094729819878,0.050296336887902346,13.821988560673796,0.46704392201899825
3.362241494329553,0.05112433719267987,13.794352014960504,0.4701704379857858
3.410273515677118,0.05196350937242119,13.766342472960055,0.473309037463856
3.4583055370246827,0.05281392703106562,13.737957473252612,0.47645970904888413
3.506337558372248,0.053675645055467014,13.709195177852669,0.4796224383695362
3.554369579719813,0.054548728334188744,13.680053415634761,0.48279721263993697
3.602401601067378,0.05543324364293519,13.650529952615956,0.485984019373358
3.650433622414943,0.05632925545240604,13.620622631608242,0.4891828457925259
3.6984656437625083,0.057236809911149246,13.590329905855285,0.4923936768106629
3.746497665110073,0.05815596057773874,13.55964998172393,0.4956164982750235
3.794529686457638,0.05908676393658574,13.528580968102094,0.498851296401664
3.8425617078052032,0.060029275049441604,13.497121021282528,0.5020980572524951
3.8905937291527684,0.060983527342932844,13.465269018468023,0.5053567645452609
3.9386257505003335,0.06194955965083421,13.433023656688274,0.5086274025835703
3.986657771847898,0.06292741601953682,13.400383459281931,0.5119099562358193
4.034689793195463,0.06391713989346404,13.367346969648574,0.5152044103141411
4.082721814543029,0.06491875191243479,13.333913491164754,0.5185107474992428
4.1307538358905935,0.06593227368939099,13.300082294777118,0.5218289505627833
4.178785857238158,0.06695773503325152,13.265852378296518,0.5251590030424573
4.226817878585724,0.06799516569052981,13.231222741613804,0.5285008884710808
4.2748498999332885,0.06904457974557107,13.196192906643951,0.5318545891541739
4.322881921280854,0.0701059828558019,13.16076267616485,0.535220086709512
4.370913942628419,0.07117938300437035,13.124931775421562,0.5385973628855245
4.418945963975983,0.07226478234959649,13.088700123786188,0.5419863989225199
4.466977985323549,0.0733621772249723,13.052067834757906,0.5453871755526848
4.515010006671114,0.07447156055179997,13.015035135624046,0.5487996734020854
4.563042028018679,0.07559292552597983,12.977602244693017,0.5522238736049714
4.611074049366244,0.07672625657582267,12.939769672391874,0.5556597562971389
4.659106070713809,0.07787153287005757,12.901538104452486,0.5591073012004458
4.707138092061374,0.07902872856253781,12.862908393763034,0.5625664876635855
4.755170113408939,0.08019781292117209,12.823881556089402,0.5660372947190989
4.803202134756504,0.08137875150521987,12.784458731006605,0.5695197016039706
4.851234156104069,0.08257150459115846,12.744641234136443,0.5730136870635527
4.899266177451634,0.08377602736812544,12.704430550661735,0.5765192294379902
4.947298198799199,0.08499227016157025,12.663828327904431,0.580036306761117
4.995330220146764,0.08622017842145681,12.622836375719409,0.5835648967606475
5.0433622414943295,0.08745968994266975,12.581456759273449,0.5871049769030035
5.091394262841894,0.0887107364948026,12.539691744645161,0.5906565243670302
5.139426284189459,0.08997324599872437,12.497543726174209,0.5942195160088942
5.1874583055370245,0.09124714108463243,12.455015274591517,0.5977939283853378
5.235490326884589,0.09253233909205257,12.412109137019259,0.6013797377536793
5.283522348232155,0.09382875109552098,12.36882826951129,0.604976920093592
5.331554369579719,0.09513628043404115,12.325175886166594,0.6085854511399765
5.379586390927285,0.09645482633868588,12.281155337974036,0.6122053063018711
5.42761841227485,0.09778428252143048,12.236770159942733,0.615836460693996
5.475650433622414,0.09912453707821907,12.192024074339463,0.6194788891389202
5.52368245496998,0.10047547233689284,12.146920995777535,0.6231325661739604
5.571714476317545,0.1018369635189839,12.101465075997698,0.6267974661118285
5.61974649766511,0.10320888058170771,12.05566064222679,0.6304735629564369
5.667778519012675,0.10459108784711489,12.009512209583967,0.6341608304184334
5.7158105403602395,0.10598344365862224,11.963024492570405,0.6378592419293808
5.763842561707805,0.10738580030431813,11.916202407631772,0.6415687706438321
5.81187458305537,0.10879800394026773,11.869051075720742,0.6452893894414057
5.859906604402935,0.11021989451381835,11.82157582485945,0.6490210709288605
5.9079386257505,0.11165130740917417,11.773782135306085,0.652763787448644
5.955970647098065,0.11309207418933005,11.725675614835954,0.6565175110840428
6.00400266844563,0.11454201838271759,11.677262139161241,0.6602822136457139
6.052034689793195,0.11600095746354305,11.628547785941349,0.6640578666814895
6.1000667111407605,0.1174687028557276,11.579538834658166,0.6678444414787558
6.148098732488325,0.11894505989440636,11.530241767905693,0.6716419090666718
6.19613075383589,0.12042982778742825,11.480663272679715,0.6754502402183874
6.244162775183455,0.12192279996898327,11.430810228586184,0.6792694054502618
6.29219479653102,0.12342377073957204,11.380689486340069,0.683099374972964
6.340226817878586,0.1249325273137719,11.330308133053634,0.6869401187542651
6.38825883922615,0.12644884977528376,11.279673493741333,0.6907916065213054
6.436290860573715,0.12797251294437087,11.228793069028166,0.6946538077482256
6.484322881921281,0.1295032864168453,11.177674533854375,0.6985266916577922
6.532354903268845,0.13104093460305508,11.126325736180126,0.7024102272230242
6.580386924616411,0.13258521676687096,11.07475469569021,0.7063043831688173
6.6284189459639755,0.134135888855057,11.022969542801382,0.7102091279743538
6.67645096731154,0.13569270604299571,10.97097843378405,0.7141244298758244
6.724482988659106,0.13725541616530135,10.918789769812149,0.7180502568651633
6.77251501000667,0.13882376258257337,10.866412101380668,0.7219865766929119
6.820547031354236,0.14039748445549047,10.813854119171108,0.7259333568699462
6.868579052701801,0.1419763168371906,10.761124650975848,0.7298905646691263
6.916611074049365,0.1435599907656526,10.7082326586225,0.7338581671269455
6.964643095396931,0.14514823345202987,10.655187231698592,0.7378361310453027
7.012675116744496,0.14674077237926286,10.60199745088402,0.7418244229982801
7.060707138092061,0.1483373315769283,10.548672512174921,0.7458230093289058
7.108739159439626,0.14993763051979508,10.495221763617392,0.7498318561492727
7.156771180787191,0.15154138579121565,10.441654649844844,0.7538509293442005
7.204803202134756,0.15314831122445427,10.387980707370192,0.7578801945729468
7.252835223482321,0.15475811804401612,10.334209559877953,0.7619196172709181
7.300867244829886,0.15637051500697594,10.28035091351642,0.7659691626513836
7.348899266177451,0.15798520951266656,10.226414519889957,0.7700287957084582
7.396931287525017,0.15960191042089025,10.172410082063257,0.774098481222335
7.444963308872581,0.1612203228928902,10.118347426647851,0.7781781837540278
7.492995330220146,0.16284015043555836,10.064236435623377,0.7822678676495842
7.5410273515677115,0.16446109536256723,10.010087030962627,0.7863674970422195
7.589059372915276,0.16608285897633926,9.955909168568127,0.7904770358540802
7.637091394262842,0.16770514175001547,9.901712832208704,0.7945964477980101
7.6851234156104065,0.1693276435183833,9.847508027157073,0.79872569637933
7.733155436957971,0.17095006565903553,9.793304707403108,0.8028647449009714
7.781187458305537,0.17257210987289628,9.739112816363816,0.8070135564628801
7.829219479653101,0.17419347696780574,9.68494232749133,0.8111720939614242
7.877251501000667,0.17581386821164563,9.630803199122079,0.8153403200931303
7.925283522348232,0.17743298556764767,9.576705366633457,0.8195181973565324
7.973315543695796,0.17905053193690354,9.52265873436019,0.8237056880540323
8.021347565043362,0.1806662114080761,9.468673167270524,0.8279027542937696
8.069379586390927,0.18227972951431096,9.414758482402164,0.8321093579915022
8.117411607738491,0.18389079349735,9.360924440057975,0.8363254608724972
8.165443629086058,0.18549911225590815,9.307180745511772,0.8405510244735593
8.213475650433622,0.18710439515643779,9.253537088583697,0.8447860101455267
8.261507671781187,0.18870635485781964,9.20000304959501,0.849030379054181
8.309539693128752,0.19030470683023812,9.146588115370083,0.8532840921824861
8.357571714476316,0.191899169412093,9.093301677327071,0.8575471103326269
8.405603735823883,0.19348946408913925,9.04015302217036,0.8618193941279706
8.453635757171448,0.19507531577955223,8.987151322385172,0.8661009040150411
8.501667778519012,0.1966564531249218,8.934305626534384,0.8703916002655032
8.549699799866577,0.19823260878717222,8.881624849357477,0.8746914429781553
8.597731821214142,0.19980351975140997,8.829117761671716,0.8790003920809367
8.645763842561708,0.2013689216561007,8.776793179429307,0.8833184073275164
8.693795863909273,0.2029285511861623,8.724659883919863,0.8876454483012051
8.741827885256837,0.20448215384397944,8.672726362648023,0.8919814744237557
8.789859906604402,0.2060294794462407,8.621000959488342,0.896326444953027
8.837891927951967,0.20757028231707694,8.569491868243698,0.9006803189849152
8.885923949299533,0.20910432148157498,8.518207126191072,0.9050430554552915
8.933955970647098,0.21063136085880044,8.46715460764345,0.9094146131419455
8.981987991994663,0.21215116945433019,8.416342017527935,0.9137949506665313
9.030020013342227,0.21366352155229335,8.365776884980043,0.9181840264965202
9.078052034689792,0.215168196246355,8.315466578981468,0.9225817989466704
9.126084056037358,0.21666497285456557,8.265418461254361,0.9269882261774695
9.174116077384923,0.21815363836107887,8.21563963810716,0.9314032662024441
9.222148098732488,0.21963398598023107,8.166137008314221,0.9358268768889326
9.270180120080052,0.22110581436029822,8.116917289664524,0.9402590159593361
9.318212141427617,0.22256892768860953,8.067987015453555,0.9446996409930355
9.366244162775184,0.22402313579235797,8.019352531118518,0.9491487094283146
9.414276184122748,0.2254682542351075,7.971019991016803,0.953606178564282
9.462308205470313,0.22690410440899858,7.922995355347776,0.9580720055627967
9.510340226817878,0.22833051362264975,7.875284387217857,0.9625461474503955
9.558372248165442,0.22974731378687988,7.827892696471039,0.9670285611191659
9.606404269513009,0.2311543413096839,7.780825743188061,0.9715192033285415
9.654436290860573,0.23255143993764027,7.734088742915644,0.9760180307093181
9.702468312208138,0.23393845929501952,7.687686715386256,0.9805249997644371
9.750500333555703,0.2353152548950539,7.641624484137997,0.9850400668708789
9.798532354903267,0.23668168816071614,7.595906675817125,0.9895631882815723
9.846564376250834,0.2380376264393584,7.550537719685129,0.9940943201273024
9.894596397598399,0.2393829430112118,7.505521847330386,0.9986334184186197
9.942628418945963,0.2407175170917461,7.4608630925843595,1.0031804390477517
9.990660440293528,0.2420412337693342,7.416565293599196,1.0077353377903742
10.038692461641093,0.24335398329852978,7.372632116459069,1.0122980703059012
10.086724482988659,0.2446556620163135,7.329067024553939,1.0168685921415686
10.134756504336224,0.24594617221237958,7.285873282906946,1.0214468587340944
10.182788525683788,0.24722542192001792,7.243053965154775,1.0260328254111752
10.230820547031353,0.24849332486984882,7.200611955085126,1.030626447393366
10.278852568378918,0.24974980043688128,7.15854994839668,1.0352276797959719
10.326884589726484,0.25099477358089384,7.116870454681606,1.0398364776309288
10.374916611074049,0.25222817478013937,7.075575799630544,1.0444527958086898
10.422948632421614,0.2534499399583725,7.034668127460118,1.0490765891401093
10.470980653769178,0.2546600107838557,6.994149390968301,1.0537078123376227
10.519012675116743,0.2558583348666141,6.954021344974556,1.0583464200166068
10.56704469646431,0.2570448645724967,6.914285585767716,1.062992366699283
10.615076717811874,0.25821955745745995,6.87494353666305,1.0676456068156115
10.663108739159439,0.2593823761928724,6.835996450489221,1.0723060947051122
10.711140760507003,0.2605332884663984,6.797445412887984,1.0769737846187193
10.75917278185457,0.26167226687682577,6.759291345815711,1.081648630720635
10.807204803202135,0.26279928882283854,6.721535011246772,1.0863305870901785
10.8552368245497,0.2639143363857332,6.684177015078753,1.0910196077236343
10.903268845897264,0.2650173963036959,6.6472178079881905,1.0957156465360294
10.951300867244829,0.26610846190360876,6.610657621085622,1.1004186573614227
10.999332888592395,0.2671875304736703,6.574496553426811,1.105128593956627
11.04736490993996,0.26825460304143905,6.538734579404996,1.1098454100031105
11.095396931287524,0.2693096849157179,6.503371530701509,1.1145690591083195
11.14342895263509,0.2703527855601041,6.468407100497238,1.1192994948074935
11.191460973982654,0.27138391846163523,6.4338408478475575,1.1240366705654832
11.23949299533022,0.2724031009945325,6.399672202220747,1.128780539778561
11.287525016677785,0.2734103542790392,6.365900468199874,1.1335310557762313
11.33555703802535,0.27440570303535666,6.332524830348168,1.1382881718230389
11.383589059372914,0.27538917543267627,6.299544358237858,1.1430518411203727
11.431621080720479,0.2763608048507615,6.266957947759339,1.147822016807147
11.479653102068045,0.27732063039747323,6.23476430387828,1.152598651961206
11.52768512341561,0.2782686921209678,6.202962100148593,1.1573816996038198
11.575717144763175,0.27920503327675594,6.171549903181116,1.162171112700055
11.62374916611074,0.28012970024747946,6.140526175316041,1.1669668441605088
11.671781187458304,0.2810427424108628,6.109889279022031,1.1717688468430718
11.71981320880587,0.28194421200476155,6.079637481392203,1.176577073554684
11.767845230153435,0.28283416398930683,6.049768958736979,1.1813914770530856
11.815877251501,0.28371265590614575,6.020281801273746,1.1862120100485707
11.863909272848565,0.2845797477347785,5.991174017913415,1.1910386252057275
11.91194129419613,0.2854355021894705,5.962443526364271,1.1958712751449572
11.959973315543696,0.28627998768258667,5.9340880543739445,1.2007099124426324
12.00800533689126,0.2871132732605335,5.906105308494731,1.205554489635321
12.056037358238825,0.2879354295961391,5.878492941010345,1.2104049592209378
12.10406937958639,0.2887465294773193,5.851248533649615,1.2152612736601391
12.152101400933955,0.28954664768881455,5.824369601527055,1.2201233853780262
12.200133422281521,0.2903358608928227,5.797853597120195,1.2249912467658386
12.248165443629086,0.2911142475085325,5.771697914283747,1.2298648101826466
12.29619746497665,0.2918818875905527,5.745899892300547,1.2347440279570383
12.344229486324215,0.2926388627062415,5.720456819969299,1.2396288523888008
12.39226150767178,0.2933852558140322,5.695365939659152,1.2445192357505954
12.440293529019346,0.29412115324411536,5.670624381290699,1.2494151302883778
12.48832555036691,0.29484664330355476,5.64622920882808,1.2543164882238176
12.536357571714476,0.29556181421166444,5.6221774890942,1.2592232617571206
12.58438959306204,0.2962667554147607,5.598466247948082,1.2641354030678233
12.632421614409605,0.2969615574911917,5.5750924734497405,1.269052864316427
12.680453635757171,0.2976463120567347,5.552053119012902,1.2739755976460272
12.728485657104736,0.2983211116703598,5.529345106545544,1.278903555183932
12.7765176784523,0.29898604974036225,5.5069653295782555,1.2838366890432815
12.824549699799865,0.2996412204308609,5.484910656380445,1.2887749513246556
12.87258172114743,0.3002867185686648,5.463177933064368,1.293718294117682
12.920613742494997,0.30092264001007557,5.441763971354613,1.2986666695022688
12.968645763842561,0.30154908278345455,5.420665510493104,1.3036200295492164
13.016677785190126,0.3021661443719425,5.399879307834359,1.3085783263238955
13.06470980653769,0.30277392261522595,5.379402108779128,1.3135415118870337
13.112741827885255,0.3033725157841561,5.3592306442858035,1.3185095382961667
13.160773849232822,0.30396202251190335,5.339361633165124,1.3234823576071888
13.208805870580386,0.30454254172640105,5.319791784331986,1.328459921875902
13.256837891927951,0.30511417258407836,5.300517799014302,1.3334421831595562
13.304869913275516,0.30567701440488404,5.281536372918975,1.338429093518385
13.35290193462308,0.3062311666085984,5.262844198354922,1.343420605017134
13.400933955970647,0.3067767286764867,5.244437965510862,1.3484166697265485
13.448965977318212,0.3073138008425772,5.2263143393928555,1.3534172397237896
13.496997998665776,0.3078424832010367,5.208469989601043,1.3584222670951611
13.54503002001334,0.3083628755176106,5.190901596618832,1.3634317039378012
13.593062041360906,0.30887507746108317,5.173605844090326,1.3684455023607598
13.641094062708472,0.30937918855742746,5.156579420348895,1.3734636144864716
13.689126084056037,0.3098753081456746,5.139819019888524,1.3784859924522268
13.737158105403601,0.31036353533550187,5.1233213447779,1.3835125884116333
13.785190126751166,0.3108439689665394,5.107083106017309,1.3885433545360701
13.83322214809873,0.31131670756939567,5.091101024838237,1.3935782430161376
13.881254169446297,0.311781849328402,5.075371833945787,1.3986172060630966
13.929286190793862,0.312239492092806,5.059892277134844,1.4036601959098465
13.977318212141427,0.31268973337608513,5.044659109305644,1.4087071648120324
14.025350233488991,0.31313267018641505,5.029669102148681,1.4137580650508021
14.073382254836558,0.3135683990641053,5.014919042881259,1.4188128489335599
14.121414276184122,0.31399701605659514,5.000405735080884,1.4238714687953347
14.169446297531687,0.31441861669284193,4.9861259995395635,1.42893387700017
14.217478318879252,0.3148332959594813,4.972076675059021,1.4340000259425008
14.265510340226816,0.3152411482787633,4.958254619186831,1.4390698680485237
14.313542361574383,0.3156422674882607,4.944656708893469,1.4441433557775638
14.361574382921948,0.31603674682235267,4.931279841190249,1.4492204416234273
14.409606404269512,0.31642467886109094,4.918120934832094,1.4543010781156722
14.457638425617077,0.31680615520048827,4.905176941286068,1.4593852178201996
14.505670446964642,0.317181266903188,4.892444829743291,1.4644728133416898
14.553702468312208,0.31755010440336623,4.879921590283716,1.4695638173247307
14.601734489659773,0.3179127574230275,4.867604236661898,1.4746581824549614
14.649766511007337,0.31826931495992605,4.8554898067102865,1.479755861460371
14.697798532354902,0.3186198652770852,4.843575362689291,1.4848568071125947
14.745830553702467,0.31896449589391246,4.831857991584171,1.489960972228198
14.793862575050033,0.31930329357891196,4.820334805348742,1.4950683096699544
14.841894596397598,0.31963634434399246,4.809002941095876,1.5001787723481155
14.889926617745163,0.3199637334403731,4.797859561234817,1.5052923132216727
14.937958639092727,0.32028554498121486,4.786901866036769,1.5104088852991813
14.985990660440292,0.32060186208819325,4.776127088755611,1.515528441640176
15.034022681787858,0.32091276736184965,4.765532479968252,1.5206509353569468
15.082054703135423,0.3212183425744606,4.755115317801532,1.5257763196154144
15.130086724482988,0.32151866866714107,4.744872908029484,1.530904547636344
15.178118745830552,0.3218138257483206,4.73480258412488,1.5360355726965536
15.226150767178117,0.32210389309352727,4.72490170726718,1.5411693481301094
15.274182788525684,0.32238894914648103,4.71516766630688,1.5463058273295183
15.322214809873248,0.3226690715214933,4.705597877686297,1.5514449637469063
15.370246831220813,0.3229443370071771,4.696189785316728,1.5565867108951952
15.418278852568378,0.32321482143931946,4.686940864813229,1.5617310223491667
15.466310873915942,0.3234805992437247,4.677848638721268,1.5668778517462707
15.514342895263509,0.3237417443410708,4.668910646380411,1.572027152788449
15.562374916611073,0.3239983298464471,4.660124453932095,1.577178879243042
15.610406937958638,0.324250428009982,4.65148765629772,1.5823329849438683
15.658438959306203,0.3244981102209025,4.642997877044021,1.5874894237923451
15.706470980653767,0.32474144701258956,4.634652768215318,1.5926481497585936
15.754503002001334,0.3249805080686269,4.626450010132609,1.5978091168825452
15.802535023348899,0.3252153622298448,4.618387311159533,1.6029722792750305
15.850567044696463,0.3254460775023583,4.6104624074352,1.6081375911188664
15.898599066044028,0.3256727210569661,4.602673062894792,1.613305006669923
15.946631087391593,0.325895358749878,4.5950170852352965,1.6184744802579225
15.994663108739159,0.3261140556211277,4.5874923093133075,1.6236459662877656
16.042695130086724,0.3263288760663573,4.580096591423178,1.6288194192406729
16.09072715143429,0.3265398836331293,4.572827816082647,1.633994793675106
16.138759172781853,0.3267471410281539,4.565683895792637,1.639172044227797
16.18679119412942,0.3269507101252215,4.558662770773486,1.6443511256147694
16.234823215476982,0.3271506519738416,4.551762408677689,1.6495319926323484
16.28285523682455,0.3273470268085871,4.544980804279087,1.6547146001581687
16.330887258172115,0.32753989405914524,4.538315979138548,1.6598989031521663
16.37891927951968,0.3277293123610732,4.531765981246121,1.665084856657564
16.426951300867245,0.32791533938889855,4.525328890581819,1.6702724158017976
16.474983322214808,0.32809803166790774,4.519002825386396,1.67546153579742
16.523015343562374,0.32827744521941116,4.512785920664719,1.680652171943258
16.57104736490994,0.32845363528209565,4.506676337469396,1.6858442796252744
16.619079386257503,0.3286266563046783,4.500672263145995,1.6910378143175024
16.66711140760507,0.32879656195512236,4.494771911026431,1.696232731582983
16.715143428952633,0.3289634051303201,4.488973520106854,1.701428987074682
16.7631754503002,0.3291272379662397,4.483275354709986,1.7066265365364126
16.811207471647766,0.3292881118485406,4.477675704131927,1.7118253358037359
16.85923949299533,0.32944607742365273,4.4721728822734335,1.7170253408048621
16.907271514342895,0.3296011845828299,4.466765228171685,1.7222265075615382
16.955303535690458,0.32975348214051614,4.46145111671703,1.7274287921899059
17.003335557038024,0.32990301830573887,4.456228942947341,1.7326321509014058
17.05136757838559,0.33004984064164156,4.451097123396746,1.73783654000363
17.099399599733154,0.3301939959897757,4.4460540986184744,1.7430419159011754
17.14743162108072,0.33033553047959147,4.441098332869107,1.7482482350964899
17.195463642428283,0.3304744895382055,4.43622831378345,1.753455454190706
17.24349566377585,0.33061091790045294,4.431442552040071,1.7586635298844706
17.291527685123416,0.33074485961921674,4.426739581017467,1.7638724189787633
17.33955970647098,0.33087635807604066,4.422117956440865,1.7690820783757053
17.387591727818545,0.33100545599201997,4.417576256019701,1.7742924650793668
17.43562374916611,0.33113219528144033,4.413113084325025,1.779503536196636
17.483655770513675,0.33125661708667553,4.408727071627058,1.7847152489379992
17.53168779186124,0.331378762048067,4.404416864902678,1.7899275606181708
17.579719813208804,0.3314986701611912,4.400181132591934,1.7951404286569475
17.62775183455637,0.3316163807854043,4.3960185643136676,1.8003538105799655
17.675783855903934,0.33173193265314543,4.391927870555883,1.8055676640194533
17.7238158772515,0.33184536387938546,4.387907782361241,1.8107819467149748
17.771847898599066,0.33195671197122123,4.383957051007723,1.815996616514159
17.81987991994663,0.3320660138376164,4.380074447684395,1.8212116313734297
17.867911941294196,0.33217330579928644,4.37625876316234,1.8264269493587206
17.91594396264176,0.33227862356614163,4.372508808546766,1.8316425286462152
17.963975983989325,0.3323820020997613,4.368823419860482,1.8368583275232087
18.01200800533689,0.33248347588735966,4.365201448914205,1.8420743043885106
18.060040026684455,0.3325830788710288,4.361641765664903,1.847290417753218
18.10807204803202,0.33268084443341256,4.358143258693574,1.8525066262414143
18.156104069379584,0.3327768054062521,4.35470483492081,1.8577228885908357
18.20413609072715,0.33287099407898335,4.351325419320609,1.8629391636535293
18.252168112074717,0.3329634422073873,4.348003954632405,1.8681554103965021
18.30020013342228,0.33305418102229417,4.344739401071348,1.8733715879023642
18.348232154769846,0.3331432412383394,4.3415307360368045,1.8785876553699605
18.39626417611741,0.33323065306176924,4.338376953852536,1.8838035721149957
18.444296197464976,0.3333164461019154,4.335277068717703,1.8890192975709414
18.492328218812542,0.3334006494649705,4.332230111581549,1.8942347912893895
18.540360240160105,0.3334832918124367,4.329235128195649,1.899450012940504
18.58839226150767,0.33356440131996756,4.326291180486035,1.9046649223137624
18.636424282855234,0.3336440056850302,4.323397346298161,1.909879479318537
18.6844563042028,0.33372213213455854,4.320552719142125,1.9150936439846762
18.732488325550367,0.33379880743259943,4.31775640793813,1.9203073764630685
18.78052034689793,0.33387405788795205,4.31500753676218,1.9255206370262066
18.828552368245496,0.33394790936179897,4.312305244592025,1.9307333860687383
18.87658438959306,0.3340203872753302,4.309648685053344,1.9359455841080087
18.924616410940626,0.33409151659391,4.30703702694796,1.94115719178474
18.972648432288192,0.3341613217968767,4.304469455261039,1.9463681698637838
19.020680453635755,0.33422982698459736,4.301945167592343,1.9515784792340414
19.06871247498332,0.33429705584312674,4.29946337533479,1.956788080909229
19.116744496330885,0.33436303164748,4.297023303565689,1.9619969360284102
19.16477651767845,0.33442777726834144,4.294624190823399,1.9672050058564927
19.212808539026017,0.3344913151787294,4.292265288885447,1.9724122517847167
19.26084056037358,0.3345536674606172,4.289945862548111,1.9776186353311398
19.308872581721147,0.3346148558115117,4.287665189407427,1.982824118141111
19.35690460306871,0.3346749015509852,4.285422559641669,1.9880286619877343
19.404936624416276,0.33473382562505377,4.283217275865784,1.9932322287723565
19.452968645763843,0.3347916485776731,4.281048654082461,1.9984347805254496
19.501000667111406,0.3348483906018383,4.2789160219781595,2.003636279406497
19.549032688458972,0.33490407154427787,4.2768187187668945,2.0088366877044463
19.597064709806535,0.33495871090114043,4.274756095334485,2.014035967838265
19.6450967311541,0.335012327823808,4.272727514045026,2.019234082357368
19.693128752501668,0.3350649411246472,4.270732348549411,2.0244309939420293
19.74116077384923,0.3351165692826965,4.268769983596003,2.029626665403788
19.789192795196797,0.33516723044929103,4.266839814843371,2.0348210596858483
19.83722481654436,0.33521694245362366,4.264941248675128,2.0400141398634735
19.885256837891927,0.3352657228082435,4.263073702016872,2.0452058691443646
19.933288859239493,0.33531358870604455,4.2612366024373305,2.050396210869337
19.981320880587056,0.33536055702454043,4.259429388006114,2.055585128512728
20.029352901934622,0.33540664434865924,4.25765150653302,2.0607725856821326
20.077384923282185,0.3354518669662937,4.255902415717154,2.065958546119103
20.12541694462975,0.3354962408731806,4.254181582984492,2.0711429736994997
20.173448965977318,0.3355397817778253,4.252488485323952,2.076325832433836
20.22148098732488,0.335582505106354,4.250822609125826,2.081507086467611
20.269513008672448,0.33562442600729525,4.24918345002259,2.086686700081639
20.31754503002001,0.33566555935629083,4.24757051273208,2.091864637692368
20.365577051367577,0.3357059197607347,4.245983310903028,2.0970408638521922
20.413609072715143,0.33574552156408516,4.244421366971655,2.102215343249852
20.461641094062706,0.3357843788488668,4.242884212062702,2.107388040711285
20.509673115410273,0.3358225054435759,4.241371385757902,2.1125589211989944
20.557705136757836,0.3358599149263729,4.239882435973461,2.1177279498125783
20.605737158105402,0.3358966206290821,4.238416918827093,2.122895091789106
20.65376917945297,0.33593263564138137,4.236974398498482,2.1280603125033943
20.70180120080053,0.3359679728149226,4.235554447092163,2.1332235774682737
20.749833222148098,0.3360026447673775,4.234156644502766,2.13838485233485
20.79786524349566,0.3360366638864131,4.232780578282691,2.1435441028927515
20.845897264843227,0.3360700423335944,4.231425843512155,2.148701295070381
20.893929286190794,0.3361027920482345,4.230092042671012,2.1538563949351492
20.941961307538357,0.3361349247563422,4.228778785341444,2.1590093686941714
20.989993328885923,0.3361664519705439,4.227485688210131,2.1641601826941548
21.038025350233486,0.33619738498991647,4.226212375073369,2.1693088034212744
21.086057371581052,0.336227734906672,4.224958476614858,2.174455197501665
21.13408939292862,0.336257512609708,4.22372363028751,2.1795993317016253
21.182121414276182,0.33628672878808946,4.222507480197516,2.184741172927824
21.23015343562375,0.33631539393446225,4.221309676990699,2.1898806882274906
21.27818545697131,0.33634351834839715,4.220129877741182,2.195017844788605
21.326217478318878,0.33637111213966625,4.2189677458422965,2.200152609940077
21.374249499666444,0.33639818523145015,4.217822950899803,2.205284951151919
21.422281521014007,0.33642474736668604,4.216695168520681,2.2104148360356266
21.470313542361573,0.33645080811818834,4.215584079976505,2.215542232344807
21.51834556370914,0.3364763768754408,4.214489372642417,2.220667107974252
21.566377585056703,0.3365014628540307,4.213410739683328,2.2257894309605173
21.61440960640427,0.33652607509939214,4.212347879929334,2.2309091694821204
21.662441627751832,0.33655022248973887,4.211300497778048,2.2360262918596794
21.7104736490994,0.3365739137389359,4.210268303099009,2.241140766556046
21.758505670446965,0.3365971573993064,4.209251011140221,2.246252562176436
21.806537691794528,0.33661996186437704,4.208248342436755,2.2513616474685465
21.854569713142094,0.33664233537155963,4.207260022721452,2.2564679913226757
21.902601734489657,0.33666428600528564,4.206285782820577,2.2615715627718482
21.950633755837224,0.33668582171165906,4.2053253581662995,2.2666723309925483
21.99866577718479,0.33670695028667025,4.204378489188693,2.2717702653040743
22.046697798532353,0.3367276793777126,4.203444921265235,2.2768653351685786
22.09472981987992,0.33674801649015484,4.2025244045020695,2.2819575101913654
22.142761841227482,0.3367679689898071,4.201616693651939,2.2870467601209765
22.19079386257505,0.33678754410532774,4.200721548034003,2.292133054849263
22.238825883922615,0.33680674893057766,4.199838731455497,2.297216364411463
22.28685790527018,0.3368255904269152,4.198968012135291,2.3022966589862546
22.334889926617745,0.33684407542543743,4.198109162629278,2.307373908895825
22.382921947965308,0.33686221062916427,4.197261959757668,2.3124480846059137
22.430953969312874,0.33688000262165785,4.196426184318091,2.31751915672622
22.47898599066044,0.3368974578720158,4.195601620919424,2.3225870960106003
22.527018012008003,0.3369145827202986,4.194788058466672,2.3276518733561877
22.57505003335557,0.33693138338807105,4.193985289810154,2.332713459803892
22.623082054703133,0.33694786598067306,4.193193111669889,2.3377718265384377
22.6711140760507,0.33696403648923723,4.192411324568434,2.342826944888392
22.719146097398266,0.33697990079265666,4.191639732765357,2.347878786326178
22.76717811874583,0.33699546465950353,4.190878144193361,2.352927322468085
22.815210140093395,0.3370107337498991,4.190126370396021,2.3579725250742793
22.863242161440958,0.33702571361733424,4.1893842264671655,2.363014366048798
22.911274182788524,0.33704040971199534,4.1886515309401755,2.3680528174396356
22.95930620413609,0.33705482739423887,4.187928105339477,2.373087851439373
23.007338225483654,0.33706897191808005,4.187213774730052,2.3781194403841606
23.05537024683122,0.33708284843680697,4.186508367530597,2.383147556753913
23.103402268178783,0.33709646200708476,4.185811715376874,2.38817217317242
23.15143428952635,0.33710981759064174,4.1851236530655695,2.3931932624073213
23.199466310873916,0.33712292005591415,4.1844440184995655,2.3982107973700697
23.24749833222148,0.33713577417964685,4.183772652634599,2.4032247511158973
23.295530353569045,0.3371483846484534,4.1831093994273605,2.408235096843772
23.34356237491661,0.33716075606033236,4.182454105784987,2.413241807896347
23.391594396264175,0.33717289292614516,4.18180662151585,2.418244857759908
23.43962641761174,0.33718479967971954,4.181166798993252,2.423244220064853
23.487658438959304,0.3371964806744899,4.180534493267242,2.4282398685853286
23.53569046030687,0.3372079401761142,4.179909562310344,2.4332317772386234
23.583722481654434,0.33721918237003723,4.179291866765813,2.438219920085472
23.631754503002,0.3372302113628981,4.17868126990075,2.4432042713299893
23.679786524349566,0.33724103118390203,4.178077637560442,2.4481848053195905
23.72781854569713,0.3372516457861559,4.177480838123894,2.453161496544906
23.775850567044696,0.33726205904796697,4.176890742460575,2.4581343196396968
23.82388258839226,0.33727227477410726,4.176307223888341,2.463103249380759
23.871914609739825,0.33728229669703963,4.175730158132607,2.468068260687827
23.91994663108739,0.3372921284807499,4.1751594231987434,2.473029328623649
23.967978652434955,0.33730177372957365,4.174594899078288,2.477986428394408
24.01601067378252,0.33731123597346324,4.174036468239332,2.4829395353485206
24.064042695130084,0.3373205186749215,4.173484015395723,2.487888624976913
24.11207471647765,0.33732962523111054,4.1729374274368505,2.492833672912979
24.160106737825217,0.3373385589749956,4.172396593389571,2.497774654932456
24.20813875917278,0.3373473231764569,4.171861404381167,2.5027115469532997
24.256170780520346,0.3373559210433722,4.171331753603323,2.507644325035555
24.30420280186791,0.33736435572266826,4.170807536277116,2.5125729653812243
24.352234823215476,0.33737263030134146,4.170288649619023,2.517497444334127
24.400266844563042,0.33738074780768607,4.169774992800019,2.522417738379773
24.448298865910605,0.3373887112207221,4.169266466631753,2.5273338241458836
24.49633088725817,0.33739652346200977,4.168762973838994,2.532245678401521
24.544362908605734,0.337404187394734,4.168264419090143,2.5371532780567847
24.5923949299533,0.33741170582795355,4.167770708855741,2.542056600162921
24.640426951300867,0.3374190815175541,4.167281751376771,2.546955621912155
24.68845897264843,0.33742631716717325,4.166797456633813,2.551850320637541
24.736490993995996,0.3374334154291022,4.166317736317079,2.5567406738127856
24.78452301534356,0.3374403789051592,4.165842503797268,2.5616266590520786
24.832555036691126,0.3374472101475402,4.1653716740973135,2.5665082541099213
24.880587058038692,0.3374539116596405,4.164905163864955,2.5713854368809415
24.928619079386255,0.3374604859002894,4.164442891231813,2.5762581853999973
24.97665110073382,0.33746693528734106,4.163984775693814,2.5811264778422243
25.024683122081385,0.337473262187752,4.163530738441524,2.5859902925219513
25.07271514342895,0.3374794689234687,4.163080702164138,2.590849607892938
25.120747164776517,0.3374855577724279,4.162634591016186,2.5957044025481935
25.16877918612408,0.33749153096932677,4.162192330591873,2.600554655219782
25.216811207471647,0.33749739070637247,4.161753847900142,2.6054003447786185
25.26484322881921,0.3375031391340091,4.1613190713404595,2.610241450234267
25.312875250166776,0.33750877836162346,4.160887930679299,2.6150779507347277
25.360907271514343,0.3375143104582304,4.160460357027361,2.6199098255662223
25.408939292861906,0.33751973745378205,4.160036282795948,2.624737054153051
25.456971314209472,0.33752506134621885,4.159615641462237,2.629559616058057
25.505003335557035,0.3375302840928264,4.159198367857019,2.6343774909814006
25.5530353569046,0.33753540761234735,4.158784398094395,2.6391906587605014
25.601067378252168,0.3375404337871213,4.158373669500521,2.6439990993699656
25.64909939959973,0.33754536446372524,4.15796612059229,2.648802792921359
25.697131420947297,0.3375502014535964,4.157561691056599,2.6536017196629764
25.74516344229486,0.3375549465336369,4.157160321730213,2.658395859979605
25.793195463642427,0.3375596014468,4.156761954580234,2.6631851943922844
25.841227484989993,0.3375641679026597,4.156366532685148,2.6679697035580654
25.889259506337556,0.33756864757796157,4.155974000216497,2.67274936826976
25.937291527685122,0.33757304212099,4.155584302293448,2.6775241694561096
25.985323549032685,0.3375773531508311,4.155197385007355,2.682294088181393
26.03335557038025,0.3375815822526592,4.154813195578677,2.6870591056446074
26.081387591727818,0.3375857309815494,4.154431682230043,2.6918192031795654
26.12941961307538,0.3375898008630133,4.154052794168429,2.6965743622546428
26.177451634422948,0.3375937933935151,4.15367648156794,2.701324564472515
26.22548365577051,0.33759771004097533,4.153302695553083,2.706069791569891
26.273515677118077,0.33760155224525756,4.152931388182524,2.7108100254172514
26.321547698465643,0.3376053214186414,4.152562512433362,2.715545248018577
26.369579719813206,0.33760901894628037,4.152196022185878,2.7202754415110717
26.417611741160773,0.337612646187668,4.151831872174708,2.7250005881650368
26.465643762508336,0.3376162044809324,4.151470017845893,2.729720670384123
26.513675783855902,0.33761969513594436,4.151110415586299,2.734435670704032
26.56170780520347,0.3376231194371609,4.150753022628965,2.7391455717925672
26.60973982655103,0.3376264786446087,4.150397797020341,2.7438503564494297
26.657771847898598,0.3376297739943145,4.150044697605997,2.748550007605936
26.70580386924616,0.3376330066987211,4.149693684016722,2.7532445083247232
26.753835890593727,0.33763617794709366,4.149344716655038,2.757933841799469
26.801867911941294,0.33763928890591133,4.148997756682129,2.762617991354589
26.849899933288857,0.33764234071924815,4.148652766005178,2.7672969404449446
26.897931954636423,0.337645334509201,4.148309707263114,2.7719706726555526
26.945963975983986,0.3376482713798277,4.147968543695482,2.7766391717018086
26.993995997331552,0.3376511524140442,4.147629239245785,2.781302421428673
27.04202801867912,0.3376539786726101,4.147291758595205,2.78596040581017
27.09006004002668,0.33765675119610417,4.146956067096885,2.7906131089493167
27.13809206137425,0.33765947100527993,4.146622130764042,2.7952605150778176
27.18612408272181,0.3376621391014131,4.146289916258437,2.7999026085557563
27.234156104069378,0.3376647564666368,4.145959390879179,2.8045393738712834
27.282188125416944,0.33766732406426897,4.145630522551863,2.8091707956402994
27.330220146764507,0.3376698428391271,4.145303279818052,2.8137968586061413
27.378252168112073,0.33767231371783474,4.1449776318251015,2.81841754763926
27.426284189459636,0.33767473761039113,4.1446535482738724,2.8230328477371227
27.474316210807203,0.33767711541205647,4.144330999355991,2.827642744024168
27.52234823215477,0.33767944799886707,4.144009955903143,2.8322472217506465
27.570380253502332,0.33768173623005865,4.143690389306405,2.8368462662926612
27.6184122748499,0.33768398094849567,4.14337227150195,2.8414398631518796
27.66644429619746,0.3376861829809586,4.143055574961477,2.846027997955191
27.714476317545028,0.3376883431384234,4.142740272682905,2.8506106564543843
27.762508338892594,0.3376904622163318,4.142426338181372,2.855187824525815
27.810540360240157,0.33769254099485474,4.1421137454804855,2.8597594881700683
27.858572381587724,0.337694580239145,4.141802469103875,2.864325633511623
27.90660440293529,0.3376965806997855,4.141492484060291,2.8688862467985556
27.954636424282853,0.3376985431156939,4.141183765746891,2.8734413144027493
28.00266844563042,0.3377004682107559,4.140876290061333,2.877990822818806
28.050700466977982,0.33770235669438914,4.140570033383001,2.8825347586637693
28.09873248832555,0.33770420926249434,4.140264972541324,2.8870731086769332
28.146764509673115,0.3377060265976942,4.139961084807844,2.8916058597194936
28.19479653102068,0.33770780936956457,4.139658347888497,2.8961329987742075
28.242828552368245,0.3377095582348597,4.139356739916135,2.9006545129450414
28.290860573715808,0.33771127383773,4.13905623944326,2.9051703894568224
28.338892595063374,0.33771295680993263,4.138756825435017,2.90968061565489
28.38692461641094,0.3377146077710357,4.138458477262385,2.9141851790047384
28.434956637758503,0.33771622733000173,4.138161174649479,2.918684067091975
28.48298865910607,0.3377178160852765,4.13786489767057,2.923177267621945
28.531020680453633,0.33771937462253687,4.13756962682508,2.9276647684188117
28.5790527018012,0.33772090351629336,4.13727534298423,2.9321465574255274
28.627084723148766,0.3377224033300958,4.13698202738417,2.936622622703471
28.67511674449633,0.33772387461672615,4.1366896616195845,2.94109295243209
28.723148765843895,0.3377253179183848,4.136398227637482,2.945557534908546
28.771180787191458,0.33772673376687123,4.136107707731168,2.950016358547343
28.819212808539024,0.33772812268375935,4.135818084534424,2.954469411879972
28.86724482988659,0.33772948518056706,4.1355293410158565,2.9589166835545395
28.915276851234154,0.3377308217592558,4.135241460462254,2.9633581623354868
28.96330887258172,0.3377321329140271,4.134954426418773,2.967793837103637
29.011340893929283,0.33773341912861365,4.134668222779151,2.972223696855096
29.05937291527685,0.33773468087727465,4.134382833752552,2.976647730701099
29.107404936624416,0.3377359186252233,4.13409824384932,2.981065927867709
29.15543695797198,0.33773713282878653,4.133814437875686,2.9854782776954383
29.203468979319545,0.33773832393555936,4.133531400928614,2.989884769638893
29.25150100066711,0.3377394923845553,4.1332491183908,2.9942853932663818
29.299533022014675,0.3377406386063511,4.13296757592583,2.998680138259558
29.34756504336224,0.33774176302322856,4.132686759473506,3.0030689944130287
29.395597064709804,0.33774286604932013,4.132406655244941,3.0074519516339953
29.44362908605737,0.33774394809206976,4.132127249673971,3.0118289999422947
29.491661107404934,0.33774500955125314,4.131848529449738,3.016200129469668
29.5396931287525,0.3377460508183474,4.131570481537686,3.020565330459128
29.587725150100066,0.33774707227736506,4.131293093151821,3.024924593264815
29.63575717144763,0.33774807430498477,4.131016351750308,3.029277908351613
29.683789192795196,0.33774905727068144,4.130740245031192,3.0336252662947727
29.73182121414276,0.33775002153684935,4.130464760928261,3.0379666577795326
29.779853235490325,0.33775096745892313,4.130189887607023,3.0423020736007325
29.82788525683789,0.33775189538549527,4.129915613460814,3.0466315046624355
29.875917278185455,0.33775280565842825,4.129641927107042,3.0509549419775395
29.92394929953302,0.3377536986133913,4.129368817369326,3.0552723766675323
29.971981320880584,0.3377545745807214,4.129096273248839,3.059583799962341
30.02001334222815,0.3377554338836188,4.128824283984353,3.06388920319934
30.068045363575717,0.3377562768390516,4.128552839022162,3.06818857782322
30.11607738492328,0.3377571037579371,4.128281928010024,3.072481915385621
30.164109406270846,0.33775791494524826,4.1280115407936115,3.076769207544753
30.21214142761841,0.3377587107001173,4.127741667413078,3.0810504460650034
30.260173448965975,0.3377594913159354,4.127472298099717,3.0853256228165513
30.308205470313542,0.3377602570804503,4.127203423272744,3.0895947297749773
30.356237491661105,0.3377610082758594,4.126935033536159,3.0938577590208745
30.40426951300867,0.3377617451789571,4.126667119673875,3.098114702739482
30.452301534356234,0.33776246806223975,4.1263996726128855,3.1023655532206855
30.5003335557038,0.33776317719271726,4.126132683462899,3.1066103028581327
30.548365577051367,0.33776387283200693,4.125866143513138,3.110848944148839
30.59639759839893,0.3377645552367342,4.125600044219056,3.11508146969292
30.644429619746496,0.3377652246586204,4.125334377199388,3.119307872193205
30.69246164109406,0.3377658813445682,4.125069134233302,3.1235281444548377
30.740493662441626,0.33776652553674524,4.124804307257632,3.1277422793848935
30.788525683789192,0.33776715747266417,4.124539888364194,3.131950269991978
30.836557705136755,0.33776777738526087,4.124275869797205,3.136152109385839
30.88458972648432,0.3377683855029696,4.124012243950755,3.140347790776972
30.932621747831885,0.3377689820502653,4.123749003350769,3.144537307476426
30.98065376917945,0.33776956724783547,4.1234861406492715,3.1487206528954568
31.028685790527017,0.33777014131161365,4.123223648656583,3.152897820544674
31.07671781187458,0.33777070445340573,4.122961520320447,3.1570688040338952
31.124749833222147,0.3377712568809722,4.122699748723319,3.1612335970717496
31.17278185456971,0.3377717987980986,4.1224383270799825,3.1653921934652893
31.220813875917276,0.3377723304046644,4.1221772487352855,3.169544587119592
31.268845897264843,0.3377728518967107,4.1219165071618855,3.1736907720373675
31.316877918612406,0.33777336346650366,4.121656095958119,3.1778307423185588
31.364909939959972,0.33777386530259784,4.121396008845908,3.181964492159951
31.412941961307535,0.33777435758999985,4.121136239665304,3.186092015854823
31.4609739826551,0.3377748405108764,4.120876782350912,3.190213307792889
31.509006004002668,0.3377753142435546,4.120617630965198,3.1943283624593546
31.55703802535023,0.3377757789628432,4.120358779687744,3.1984371744346536
31.605070046697797,0.3377762348402141,4.12010022280927,3.2025397383941234
31.65310206804536,0.33777668204385974,4.1198419547296545,3.2066360491076025
31.701134089392927,0.33777712073875155,4.119583969956046,3.2107261014390382
31.749166110740493,0.33777755108669455,4.119326263101014,3.2148098903460935
31.797198132088056,0.3377779732463813,4.119068828880754,3.2188874108797445
31.845230153435622,0.3377783873734438,4.118811662113372,3.222958658183894
31.893262174783185,0.3377787936205049,4.118554757717167,3.2270236274949653
31.94129419613075,0.33777919213769253,4.118298110693503,3.2310823141417533
31.989326217478318,0.3377795830723707,4.118041716135778,3.23513471354486
32.03735823882588,0.33777996656881004,4.117785569240378,3.239180821216105
32.08539026017345,0.33778034276852814,4.117529665295358,3.243220632758284
32.133422281521014,0.33778071181033814,4.117273999678827,3.2472541438647697
32.18145430286858,0.3377810738303956,4.117018567857365,3.2512813503191174
32.22948632421614,0.33778142896224517,4.1167633653844975,3.2553022479946727
32.277518345563706,0.3377817773368647,4.116508387899204,3.259316832854178
32.32555036691127,0.33778211908270867,4.116253631124493,3.2633251009493702
32.37358238825884,0.3377824543257494,4.1159990908660085,3.267327048420592
32.421614409606406,0.3377827831896551,4.115744763006116,3.2713226714964785
32.469646430953965,0.33778310579615645,4.115490643491696,3.2753119664937604
32.51767845230153,0.33778342226435426,4.115236728357176,3.279294929816427
32.5657104736491,0.33778373271104245,4.11498301371382,3.2832715579554974
32.613742494996664,0.33778403725078354,4.11472949574717,3.287241847488653
32.66177451634423,0.3377843359959484,4.114476170715742,3.291205795079846
32.70980653769179,0.3377846290567546,4.114223034949753,3.2951633974789067
32.75783855903936,0.3377849165413029,4.113970084849898,3.299114651521149
32.80587058038692,0.3377851985556134,4.113717316886151,3.3030595541269765
32.85390260173449,0.3377854752036599,4.113464727596619,3.306998102301495
32.901934623082056,0.3377857465874177,4.113212313585945,3.310930293134123
32.949966644429615,0.33778601280727033,4.112960071511786,3.314856123798491
32.99799866577718,0.3377862739616092,4.11270799809811,3.318775591551715
33.04603068712475,0.33778653014682186,4.1124560901356215,3.3226886937339755
33.094062708472315,0.337786781457455,4.112204344476303,3.3265954277682224
33.14209472981988,0.33778702798624793,4.111952758032324,3.330495791159788
33.19012675116744,0.337787269824164,4.111701327774987,3.334389781496
33.23815877251501,0.3377875070604209,4.111450050733713,3.338277396445791
33.28619079386257,0.33778773978252047,4.111198923995054,3.342158633759309
33.33422281521014,0.33778796807627803,4.110947944701729,3.3460334912675274
33.382254836557706,0.33778819202584887,4.110697110051701,3.3499019668818586
33.430286857905266,0.3377884117139114,4.110446417292136,3.3537640585938666
33.47831887925283,0.3377886272217773,4.11019586371569,3.3576197644749346
33.5263509006004,0.33778883862899767,4.109945446673645,3.3614690826756006
33.574382921947965,0.3377890460135996,4.109695163568022,3.3653120114253103
33.62241494329553,0.337789249452119,4.109445011850494,3.369148549032035
33.67044696464309,0.3377894490196274,4.109194989021496,3.372978693881887
33.71847898599066,0.33778964478975637,4.108945092629401,3.3768024444387335
33.766511007338224,0.33778983683472313,4.108695320269679,3.3806197992438127
33.81454302868579,0.3377900252253537,4.108445669584118,3.38443075691535
33.86257505003336,0.3377902100311063,4.108196138260045,3.3882353161481737
33.910607071380916,0.33779039132012423,4.107946724028577,3.392033475713354
33.95863909272848,0.33779056915950695,4.1076974246555835,3.3958252344580337
34.00667111407605,0.33779074361495165,4.107448237953616,3.399610591304717
34.054703135423615,0.3377909147508512,4.107199161778663,3.4033895452509664
34.10273515677118,0.3377910826303686,4.1069501940276645,3.4071620953690545
34.15076717811874,0.3377912473154585,4.106701332637782,3.4109282408055894
34.19879919946631,0.3377914088668887,4.106452575585706,3.414687980781134
34.246831220813874,0.3377915673442603,4.1062039208869665,3.4184413145898263
34.29486324216144,0.3377917228060276,4.105955366595281,3.4221882415989997
34.34289526350901,0.33779187530951726,4.105706910801911,3.4259287612488065
34.390927284856566,0.3377920249109465,4.105458551635054,3.4296628730518415
34.43895930620413,0.3377921716655997,4.10521028725397,3.4333905765929287
34.4869913275517,0.33779231562776785,4.1049621158509995,3.437111871528668
34.535023348899266,0.3377924568505911,4.104714035656797,3.4408267575868643
34.58305537024683,0.3377925953861954,4.104466044935785,3.444535234566283
34.63108739159439,0.33779273128570986,4.104218141985572,3.4482373023362793
34.67911941294196,0.3377928645992851,4.10397032513636,3.4519329608364195
34.727151434289524,0.3377929953761095,4.103722592750377,3.455622210076115
34.77518345563709,0.3377931236644257,4.10347494322134,3.4593050501342466
34.82321547698466,0.3377932495115471,4.103227374973921,3.462981481158794
34.87124749833222,0.3377933729638722,4.102979886463234,3.4666515033664624
34.91927951967978,0.33779349406694353,4.102732476172905,3.4703151170423543
34.96731154102735,0.3377936128655972,4.102485142610081,3.4739723225397023
35.015343562374916,0.337793729403704,4.102237884314044,3.4776231202792793
35.06337558372248,0.3377938437242808,4.101990699852513,3.4812675107491144
35.11140760507004,0.3377939558695226,4.1017435878205735,3.4849054945041336
35.15943962641761,0.33779406588081695,4.101496546840185,3.488537072165799
35.207471647765175,0.3377941737987583,4.10124957555973,3.4921622444217384
35.25550366911274,0.3377942796631612,4.101002672653544,3.495781012025386
35.30353569046031,0.3377943835130739,4.10075583682149,3.4993933757956106
35.35156771180787,0.33779448538679047,4.100509066788522,3.5029993366163574
35.39959973315543,0.3377945853218675,4.100262361304176,3.50659889543629
35.447631754503,0.3377946833552696,4.100015719137682,3.5101920532685633
35.495663775850566,0.33779477952324044,4.0997691390822695,3.5137788111903174
35.54369579719813,0.3377948738612794,4.099522619955963,3.5173591703422815
35.59172781854569,0.33779496640420803,4.099276160599348,3.5209331319284614
35.63975983989326,0.337795057186182,4.0990297598751875,3.5245006972157937
35.687791861240825,0.3377951462407025,4.098783416668022,3.5280618675337805
35.73582388258839,0.33779523360062835,4.0985371298838045,3.531616644274134
35.78385590393596,0.3377953192981856,4.098290898449524,3.5351650288904204
35.83188792528352,0.3377954033649797,4.098044721312864,3.5387070228977024
35.879919946631084,0.3377954858320046,4.0977985974418525,3.5422426278721875
35.92795196797865,0.33779556672970323,4.0975525258228656,3.5457718454509344
35.97598398932622,0.33779564608802454,4.097306505458724,3.5492946773315635
36.02401601067378,0.33779572393626767,4.097060535373896,3.5528111252716896
36.07204803202134,0.3377958003031687,4.096814614611587,3.5563211910886676
36.12008005336891,0.33779587521691445,4.096568742233284,3.55982487665925
36.168112074716475,0.3377959487051529,4.096322917318442,3.5633221839192357
36.21614409606404,0.3377960207950011,4.096077138964167,3.5668131148631246
36.26417611741161,0.3377960915130554,4.095831406284909,3.5702976715437647
36.31220813875917,0.3377961608853997,4.095585718412183,3.5737758560720096
36.360240160106734,0.33779622893761435,4.095340074494277,3.5772476706163694
36.4082721814543,0.33779629569479264,4.095094473695683,3.580713117402673
36.45630420280187,0.3377963611816431,4.094848915193716,3.5841721987138175
36.504336224149434,0.3377964254223636,4.09460339818268,3.5876249168892866
36.55236824549699,0.33779648844066834,4.094357921872995,3.5910712743248374
36.60040026684456,0.33779655025981864,4.094112485490156,3.5945112734721745
36.648432288192126,0.3377966109026307,4.093867088274477,3.5979449168386073
36.69646430953969,0.33779667039148364,4.093621729480826,3.6013722069867145
36.74449633088726,0.33779672874832706,4.0933764083783775,3.6047931465340013
36.79252835223482,0.33779678599468804,4.093131124250369,3.6082077381525615
36.840560373582385,0.3377968421516781,4.092885876393864,3.611615984568743
36.88859239492995,0.3377968972400008,4.092640664119534,3.615017888562806
36.93662441627752,0.33779695128001,4.092395486749672,3.618413452968679
36.984656437625084,0.33779700429170306,4.092150343618455,3.621802680673599
37.03268845897264,0.3377970562946499,4.091905234074285,3.625185574617649
37.08072048032021,0.3377971073080464,4.091660157478014,3.6285621377935016
37.128752501667776,0.33779715735072186,4.091415113202708,3.6319323732460878
37.17678452301534,0.3377972064411449,4.091170100633442,3.6352962840722727
37.22481654436291,0.33779725459742976,4.090925119167082,3.6386538734205165
37.27284856571047,0.3377973018373426,4.090680168212092,3.6420051444905543
37.320880587058035,0.33779734817830714,4.090435247188335,3.645350100533062
37.3689126084056,0.3377973936374104,4.090190355526883,3.648688744849334
37.41694462975317,0.3377974382314215,4.089945492669397,3.652021080790961
37.464976651100734,0.3377974819768513,4.089700658066131,3.65534711175955
37.513008672448294,0.33779752488985715,4.089455851179115,3.65866684120632
37.56104069379586,0.3377975669862802,4.089211071480899,3.6619802726318094
37.60907271514343,0.3377976082816594,4.088966318454111,3.6652874095855563
37.65710473649099,0.33779764879123575,4.088721591591279,3.668588255665776
37.70513675783856,0.3377976885299585,4.0884768903946584,3.671882814519044
37.75316877918612,0.33779772751248976,4.088232214376066,3.6751710898399694
37.801200800533685,0.3377977657532093,4.0879875630567115,3.6784530853708866
37.84923282188125,0.3377978032662193,4.0877429359670545,3.6817288049015264
37.89726484322882,0.33779784006534946,4.087498332646616,3.6849982522687093
37.945296864576385,0.33779787616420953,4.08725375264226,3.688261431356112
37.993328885923944,0.3377979115761485,4.087009195509511,3.6915183460938716
38.04136090727151,0.33779794631423904,4.086764660813104,3.6947690004582356
38.08939292861908,0.33779798039130443,4.086520148126085,3.6980133984712897
38.13742494996664,0.33779801381992236,4.0862756570296614,3.7012515442006473
38.18545697131421,0.3377980466124298,4.086031187113067,3.704483441759135
38.23348899266177,0.337798078780927,4.085786737973413,3.7077090953044882
38.281521014009336,0.33779811033728147,4.085542309215562,3.710928509039043
38.3295530353569,0.3377981412931317,4.085297900452,3.714141687209426
38.37758505670447,0.33779817165989146,4.085053511302695,3.7173486341062443
38.425617078052035,0.3377982014487691,4.084809141394456,3.720549354063803
38.473649099399594,0.33779823067079395,4.0845647903600515,3.7237438514598153
38.52168112074716,0.337798259336756,4.084320457840226,3.7269321307150447
38.56971314209473,0.3377982874572371,4.08407614348264,3.730114196293021
38.617745163442294,0.33779831504261704,4.083831846941691,3.7332900526997466
38.66577718478986,0.33779834210307713,4.083587567878389,3.736459704483392
38.71380920613742,0.337798368648603,4.0833433059602475,3.739623156234001
38.761841227484986,0.3377983946889889,4.083099060861165,3.742780412583189
38.80987324883255,0.33779842023384005,4.082854832261324,3.7459314782038446
38.85790527018012,0.33779844529257635,4.082610619847081,3.7490763578098343
38.905937291527685,0.33779846987443757,4.0823664233107895,3.7522150561557117
38.953969312875245,0.33779849398852135,4.082122242349541,3.7553475780364844
39.00200133422281,0.3377985176437395,4.081878076666606,3.758473928287241
39.05003335557038,0.33779854084882466,4.08163392597122,3.761594111782858
39.098065376917944,0.3377985636123427,4.081389789978185,3.764708133437729
39.14609739826551,0.33779858594269535,4.081145668407746,3.7678159982054766
39.19412941961307,0.3377986078481238,4.080901560985516,3.770917711078659
39.242161440960636,0.3377986293367107,4.0806574674423715,3.774013277088485
39.2901934623082,0.33779865041638324,4.080413387514372,3.777102701304527
39.33822548365577,0.33779867109491574,4.0801693209426615,3.7801859888344334
39.386257505003336,0.3377986913799322,4.0799252674734,3.7832631448236436
39.434289526350895,0.33779871127892575,4.079681226857093,3.7863341744550967
39.48232154769846,0.33779873079926137,4.079437198848516,3.789399082948952
39.53035356904603,0.3377987499481456,4.07919318320772,3.792457875562314
39.578385590393594,0.33779876873264714,4.07894917969935,3.795510557588946
39.62641761174116,0.3377987871596998,4.078705188092542,3.7985571343589926
39.67444963308872,0.3377988052361041,4.078461208160854,3.801597611238696
39.72248165443629,0.3377988229685309,4.078217239682191,3.8046319936301205
39.77051367578385,0.3377988403635222,4.077973282438723,3.807660286970873
39.81854569713142,0.33779885742749416,4.077729336216819,3.8106824967338304
39.866577718478986,0.33779887416673887,4.077485400806982,3.813698628426858
39.914609739826545,0.3377988905874307,4.077241476003625,3.8167086875925538
39.96264176117411,0.33779890669564905,4.076997561604335,3.819712679808033
40.01067378252168,0.3377989224973445,4.076753657410979,3.8227106106845508
40.058705803869245,0.3377989379983502,4.076509763229336,3.825702485867259
40.10673782521681,0.33779895320438824,4.076265878868893,3.8286883110349508
40.15476984656437,0.33779896812107096,4.076022004142775,3.8316680918997887
40.20280186791194,0.3377989827539031,4.075778138867695,3.834641834207036
40.2508338892595,0.3377989971082839,4.075534282863888,3.8376095437347955
40.29886591060707,0.33779901118950845,4.075290435955043,3.8405712262937404
40.346897931954636,0.3377990250027698,4.075046597968254,3.843526887726849
40.394929953302196,0.33779903855316057,4.0748027687339645,3.846476533909142
40.44296197464976,0.33779905184569103,4.07455894808535,3.8494201707474183
40.49099399599733,0.33779906488527767,4.074315135858708,3.852357804179993
40.539026017344895,0.33779907767673434,4.0740713318937605,3.8552894401764415
40.58705803869246,0.33779909022478277,4.073827536033289,3.8582150847373398
40.63509006004002,0.337799102534055,4.073583748123079,3.861134743894003
40.68312208138759,0.3377991146090934,4.073339968011871,3.864048423708229
40.731154102735154,0.337799126454354,4.073096195551309,3.8669561302720394
40.77918612408272,0.33779913807420686,4.072852430595888,3.869857869707431
40.82721814543029,0.33779914947293765,4.072608673002909,3.872753648166116
40.875250166777846,0.3377991606547493,4.072364922632431,3.8756434718292674
40.92328218812541,0.3377991716237685,4.072121179347059,3.878527346907268
40.97131420947298,0.3377991823840566,4.071877443011561,3.881405279639441
41.019346230820545,0.3377991929395871,4.071633713493637,3.8842772762938327
41.06737825216811,0.3377992032942567,4.071389990663545,3.887143343166946
41.11541027351567,0.3377992134518876,4.071146274394021,3.8900034865834936
41.16344229486324,0.3377992234162287,4.070902564560241,3.892857712896151
41.211474316210804,0.3377992331909573,4.070658861039769,3.8957060284853116
41.25950633755837,0.33779924277967976,4.070415163712527,3.898548439758836
41.30753835890594,0.3377992521859332,4.07017147246074,3.901384953151815
41.355570380253496,0.33779926141318634,4.069927787168921,3.9042155751263206
41.40360240160106,0.3377992704648412,4.069684107723787,3.907040312171166
41.45163442294863,0.3377992793442474,4.069440434013819,3.9098591708016976
41.499666444296196,0.33779928805468723,4.069196765929728,3.912672157559513
41.54769846564376,0.33779929659937596,4.068953103364455,3.9154792790122266
41.59573048699132,0.3377993049814681,4.068709446212975,3.9182805417532345
41.64376250833889,0.33779931320405726,4.068465794372277,3.921075952401484
41.691794529686454,0.33779932127017825,4.068222147741318,3.9238655176012363
41.73982655103402,0.33779932918280725,4.067978506221003,3.926649244021828
41.78785857238159,0.3377993369448633,4.067734869714138,3.9294271383574393
41.83589059372915,0.33779934455920935,4.067491238125405,3.9321992073268635
41.88392261507671,0.3377993520286526,4.067247611361325,3.9349654576732735
41.93195463642428,0.33779935935595173,4.067003989330057,3.937725896163969
41.979986657771846,0.3377993665438191,4.066760371941284,3.940480529590141
42.02801867911941,0.33779937359490836,4.0665167591066504,3.9432293647666925
42.07605070046697,0.3377993805118225,4.06627315073949,3.9459724085319863
42.12408272181454,0.33779938729711473,4.066029546754793,3.948709667747614
42.172114743162105,0.33779939395328934,4.065785947069174,3.9514411492981742
42.22014676450967,0.3377994004828025,4.065542351600854,3.954166860091043
42.26817878585724,0.3377994068880633,4.065298760269617,3.956886807056154
42.3162108072048,0.3377994131714343,4.065055172996802,3.95960099714577
42.364242828552364,0.3377994193352328,4.064811589705259,3.9623094373342664
42.41227484989993,0.33779942538173174,4.064568010319299,3.9650121346179095
42.4603068712475,0.3377994313131697,4.064324434764386,3.9677090960146426
42.50833889259506,0.3377994371317381,4.064080862967565,3.970400328563854
42.55637091394262,0.3377994428395849,4.063837294857308,3.9730858393261665
42.60440293529019,0.3377994484388171,4.063593730363466,3.975765635383217
42.652434956637755,0.33779945393150135,4.063350169417228,3.978439723837445
42.70046697798532,0.33779945931966476,4.063106611951097,3.9811081118118716
42.74849899933289,0.3377994646052953,4.062863057898884,3.983770806449893
42.79653102068045,0.33779946979034303,4.062619507195661,3.9864278149150607
42.844563042028014,0.33779947487671996,4.0623759597777624,3.989079144390875
42.89259506337558,0.3377994798663014,4.0621324155827505,3.9917248020805727
42.94062708472315,0.33779948476093186,4.061888874549208,3.9943647952068804
42.98865910607071,0.3377994895624221,4.061645336616851,3.996999131011834
43.03669112741828,0.3377994942725447,4.061401801726657,3.9996278167565937
43.08472314876584,0.33779949889303834,4.061158269820732,4.002250859721216
43.132755170113406,0.33779950342560844,4.060914740842292,4.004868267204451
43.18078719146097,0.337799507871928,4.060671214735637,4.007480046523529
43.22881921280854,0.33779951223363763,4.060427691446142,4.010086205013967
43.276851234156105,0.3377995165123465,4.060184170920223,4.012686750029357
43.324883255503664,0.33779952070963293,4.059940653105337,4.015281688941169
43.37291527685123,0.3377995248270444,4.059697137949949,4.0178710291385435
43.4209472981988,0.33779952886610026,4.059453625403479,4.020454778028094
43.468979319546364,0.337799532828296,4.059210115416128,4.023032943033692
43.51701134089393,0.337799536715095,4.058966607939178,4.025605531596294
43.56504336224149,0.33779954052793204,4.058723102924853,4.028172551173733
43.613075383589056,0.3377995442682146,4.058479600326289,4.030734009240525
43.66110740493662,0.3377995479373231,4.058236100097524,4.033289913287668
43.70913942628419,0.33779955153661156,4.057992602193475,4.035840270822452
43.757171447631755,0.3377995550674081,4.057749106569924,4.0383850893682585
43.805203468979315,0.33779955853101507,4.057505613183502,4.040924376464379
43.85323549032688,0.3377995619287098,4.057262121991685,4.043458139665813
43.90126751167445,0.33779956526174504,4.05701863295276,4.04598638654308
43.949299533022014,0.33779956853135384,4.056775146025669,4.048509124681974
43.99733155436958,0.33779957173874514,4.0565316611701645,4.051026361683437
44.04536357571714,0.3377995748851028,4.056288178346822,4.053538105163376
44.093395597064706,0.3377995779715885,4.056044697516973,4.056044362752462
44.14142761841227,0.33779958099934115,4.05580121864268,4.058545142095941
44.18945963975984,0.3377995839694786,4.055557741686741,4.061040450853442
44.237491661107406,0.3377995868830966,4.055314266612665,4.063530296698805
44.285523682454965,0.33779958974127,4.055070793384662,4.066014687319882
44.33355570380253,0.33779959254505293,4.05482732196763,4.06849363041837
44.3815877251501,0.33779959529547926,4.054583852327154,4.070967133709616
44.429619746497664,0.3377995979935645,4.054340384429417,4.073435204922449
44.47765176784523,0.3377996006403076,4.054096918241161,4.0758978517989926
44.52568378919279,0.3377996032366856,4.053853453729849,4.078355082094486
44.57371581054036,0.33779960578365725,4.0536099908635705,4.080806903577106
44.62174783188792,0.3377996082821624,4.053366529611018,4.083253324027795
44.66977985323549,0.33779961073312337,4.053123069941493,4.085694351240072
44.717811874583056,0.33779961313744444,4.052879611824875,4.088129993019876
44.765843895930615,0.337799615496013,4.052636155231632,4.090560257185376
44.81387591727818,0.3377996178096988,4.0523927001327955,4.0929851515668085
44.86190793862575,0.33779962007935505,4.052149246499958,4.095404684006296
44.909939959973315,0.3377996223058189,4.051905794305251,4.097818862357681
44.95797198132088,0.33779962448991435,4.051662343521232,4.100227694486275
45.00600400266844,0.33779962663244856,4.051418894121033,4.102631188268794
45.05403602401601,0.3377996287342124,4.0511754460783145,4.105029351593179
45.10206804536357,0.3377996307959817,4.050931999367247,4.107422192358401
45.15010006671114,0.33779963281851755,4.050688553962491,4.1098097184743
45.198132088058706,0.3377996348025662,4.0504451098391945,4.112191937861416
45.246164109406266,0.3377996367488599,4.050201666972984,4.114568858450829
45.29419613075383,0.33779963865811663,4.0499582253399495,4.116940488183986
45.3422281521014,0.33779964053104056,4.049714784916651,4.119306835012546
45.390260173448965,0.337799642368322,4.049471345680093,4.121667906898206
45.43829219479653,0.3377996441706401,4.049227907607669,4.124023711812527
45.48632421614409,0.33779964593866174,4.048984470677175,4.126374257736777
45.53435623749166,0.3377996476730397,4.04874103486688,4.128719552661796
45.582388258839224,0.33779964937441403,4.0484976001554625,4.131059604587833
45.63042028018679,0.33779965104341286,4.048254166522014,4.133394421524364
45.67845230153436,0.33779965268065215,4.048010733946027,4.135724011489955
45.726484322881916,0.33779965428673614,4.047767302407382,4.138048382512098
45.77451634422948,0.3377996558622573,4.047523871886352,4.140367542627048
45.82254836557705,0.33779965740779677,4.047280442363588,4.142681499879678
45.870580386924615,0.33779965892392444,4.047037013820115,4.144990262323322
45.91861240827218,0.33779966041119963,4.046793586237308,4.14729383801961
45.96664442961974,0.3377996618701731,4.046550159596831,4.149592235038277
46.01467645096731,0.33779966330138367,4.046306733880744,4.151885461457095
46.062708472314874,0.3377996647053597,4.046063309071452,4.154173525361675
46.11074049366244,0.33779966608261947,4.045819885151703,4.156456434845335
46.15877251501001,0.3377996674336711,4.0455764621045684,4.1587341980089345
46.206804536357566,0.33779966875901357,4.04533303991345,4.161006822960733
46.25483655770513,0.3377996700591356,4.045089618562061,4.163274317816244
46.3028685790527,0.3377996713345169,4.04484619803444,4.165536690698081
46.350900600400266,0.3377996725856277,4.044602778314921,4.167793949735825
46.39893262174783,0.33779967381292947,4.0443593593881495,4.170046103065857
46.44696464309539,0.337799675016876,4.0441159412390055,4.172293158831214
46.49499666444296,0.3377996761979125,4.043872523852672,4.174535125181445
46.543028685790524,0.3377996773564751,4.043629107214626,4.176772010272501
46.59106070713809,0.3377996784929913,4.04338569131063,4.1790038222665675
46.63909272848566,0.33779967960788077,4.04314227612672,4.181230569331933
46.68712474983322,0.3377996807015548,4.04289886164919,4.1834522596428325
46.73515677118078,0.33779968177441705,4.042655447864606,4.185668901379334
46.78318879252835,0.33779968282686335,4.04241203475979,4.187880502727173
46.831220813875916,0.33779968385928183,4.042168622321816,4.190087071877636
46.87925283522348,0.3377996848720532,4.041925210538011,4.19228861702741
46.92728485657104,0.3377996858655513,4.041681799395924,4.19448514637842
46.97531687791861,0.33779968684014394,4.041438388883309,4.196676668137659
47.023348899266175,0.3377996877961909,4.041194978988186,4.198863190517167
47.07138092061374,0.3377996887340454,4.040951569698802,4.201044721733842
47.11941294196131,0.3377996896540534,4.04070816100363,4.203221270009305
47.16744496330887,0.33779969055655445,4.040464752891365,4.205392843569772
47.21547698465643,0.3377996914418817,4.040221345350919,4.207559450645916
47.263509006004,0.3377996923103616,4.039977938371415,4.209721099472741
47.311541027351566,0.33779969316231484,4.039734531942183,4.211877798289449
47.35957304869913,0.3377996939980552,4.039491126052768,4.214029555339306
47.40760507004669,0.33779969481789124,4.039247720692906,4.216176378869524
47.45563709139426,0.3377996956221262,4.0390043158524955,4.2183182771311145
47.503669112741825,0.3377996964110572,4.038760911521637,4.220455258378776
47.55170113408939,0.3377996971849757,4.038517507690637,4.222587330870772
47.59973315543696,0.3377996979441673,4.038274104349981,4.224714502868798
47.64776517678452,0.33779969868891213,4.0380307014903405,4.226836782637853
47.695797198132084,0.3377996994194852,4.037787299102564,4.228954178446128
47.74382921947965,0.3377997001361559,4.037543897177673,4.23106669856487
47.79186124082722,0.3377997008391888,4.0373004957068686,4.2331743512682705
47.83989326217478,0.337799701528843,4.037057094681516,4.235277144833333
47.88792528352234,0.337799702205373,4.036813694093149,4.237375087539763
47.93595730486991,0.33779970286902844,4.036570293933445,4.23946818766979
47.983989326217475,0.33779970352005523,4.036326894194226,4.241556453508064
48.03202134756504,0.33779970415869365,4.036083494867491,4.24363989334161
48.08005336891261,0.3377997047851793,4.035840095945387,4.245718515459665
48.12808539026017,0.3377997053997435,4.0355966974202175,4.24779232815357
48.176117411607734,0.3377997060026132,4.035353299284431,4.249861339716637
48.2241494329553,0.3377997065940107,4.035109901530617,4.251925558444046
48.27218145430287,0.33779970717415436,4.034866504151512,4.25398499263272
48.320213475650434,0.33779970774325796,4.034623107139992,4.256039650581219
48.36824549699799,0.3377997083015315,4.034379710489069,4.258089540589618
48.41627751834556,0.337799708849181,4.034136314191887,4.260134670959401
48.464309539693126,0.3377997093864089,4.033892918241693,4.262175049993322
48.51234156104069,0.3377997099134139,4.033649522631881,4.2642106859953355
48.56037358238826,0.3377997104303907,4.033406127355971,4.266241587270455
48.60840560373582,0.3377997109375297,4.0331627324076145,4.268267762124666
48.656437625083385,0.3377997114350184,4.032919337780572,4.270289218864799
48.70446964643095,0.3377997119230403,4.032675943468737,4.272305965798427
48.75250166777852,0.3377997124017755,4.032432549466109,4.274318011233757
48.800533689126084,0.33779971287140065,4.032189155766811,4.2763253634795255
48.84856571047364,0.3377997133320888,4.031945762365076,4.278328030844885
48.89659773182121,0.3377997137840099,4.031702369255248,4.280326021639309
48.944629753168776,0.33779971422733096,4.03145897643176,4.282319344172398
48.99266177451634,0.3377997146622161,4.031215583889158,4.284308006753852
49.04069379586391,0.33779971508882584,4.030972191622092,4.286292017693401
49.08872581721147,0.3377997155073175,4.030728799625324,4.288271385300664
49.136757838559035,0.3377997159178457,4.030485407893705,4.290246117885047
49.1847898599066,0.33779971632056194,4.030242016422193,4.292216223755641
49.23282188125417,0.3377997167156148,4.029998625205838,4.294181711221121
49.280853902601734,0.33779971710315,4.029755234239791,4.296142588589638
49.328885923949294,0.33779971748331056,4.02951184351929,4.298098864168731
49.37691794529686,0.33779971785623647,4.02926845303967,4.3000505462652185
49.42494996664443,0.33779971822206556,4.029025062796344,4.301997643185094
49.47298198799199,0.3377997185809332,4.028781672784806,4.30394016323341
49.52101400933956,0.33779971893297195,4.028538283000643,4.3058781147142255
49.56904603068712,0.3377997192783118,4.028294893439526,4.307811505930487
49.617078052034685,0.3377997196170801,4.028051504097214,4.3097403451839345
49.66511007338225,0.33779971994940194,4.027808114969539,4.3116646407750086
49.71314209472982,0.33779972027540006,4.0275647260524226,4.313584401002747
49.761174116077385,0.33779972059519453,4.027321337341858,4.315499634164697
49.809206137424944,0.3377997209089036,4.027077948833917,4.317410348556822
49.85723815877251,0.33779972121664265,4.026834560524748,4.319316552473406
49.90527018012008,0.3377997215185252,4.026591172410572,4.321218254206963
49.95330220146764,0.3377997218146633,4.0263477844876725,4.323115462048105
50.00133422281521,0.337799722105166,4.026104396752401,4.325008184285503
50.04936624416277,0.33779972239014083,4.025861009201188,4.3268964292057905
50.097398265510336,0.3377997226696927,4.025617621830532,4.328780205093466
50.1454302868579,0.3377997229439251,4.025374234636997,4.330659520230803
50.19346230820547,0.33779972321293905,4.025130847617213,4.3325343828977605
50.241494329553035,0.33779972347683396,4.024887460767877,4.334404801371899
50.289526350900594,0.337799723735707,4.024644074085742,4.336270783928289
50.33755837224816,0.3377997239896537,4.024400687567635,4.338132338839428
50.38559039359573,0.3377997242387677,4.024157301210436,4.339989474375155
50.433622414943294,0.33779972448314116,4.02391391501108,4.341842198802506
50.48165443629086,0.33779972472286435,4.023670528966557,4.343690520385629
50.52968645763842,0.3377997249580258,4.02342714307392,4.345534447385812
50.577718478985986,0.33779972518871243,4.023183757330277,4.347373988061331
50.62575050033355,0.3377997254150092,4.022940371732797,4.3492091506673765
50.67378252168112,0.3377997256369998,4.022696986278694,4.3510399434559615
50.721814543028685,0.33779972585476614,4.022453600965243,4.3528663746758465
50.769846564376245,0.3377997260683885,4.0222102157897694,4.3546884525724465
50.81787858572381,0.3377997262779456,4.021966830749649,4.356506185387767
50.86591060707138,0.337799726483515,4.021723445842308,4.358319581360306
50.913942628418944,0.3377997266851722,4.021480061065223,4.360128648724989
50.96197464976651,0.337799726882992,4.021236676415906,4.361933395713088
51.01000667111407,0.33779972707704753,4.020993291891927,4.363733830552136
51.058038692461636,0.33779972726741025,4.0207499074909,4.365529961465849
51.1060707138092,0.33779972745415066,4.020506523210483,4.367321796674055
51.15410273515677,0.33779972763733757,4.020263139048383,4.369109344392615
51.202134756504336,0.33779972781703854,4.020019755002348,4.370892612833341
51.250166777851895,0.33779972799332,4.019776371070171,4.3726716102039305
51.29819879919946,0.33779972816624687,4.019532987249687,4.374446344707889
51.34623082054703,0.3377997283358829,4.019289603538772,4.376216824544448
51.394262841894594,0.33779972850229073,4.019046219935346,4.377983057908506
51.44229486324216,0.3377997286655319,4.018802836437357,4.379745052990472
51.49032688458972,0.33779972882566667,4.018559453042795,4.381502817976257
51.53835890593729,0.33779972898275434,4.0183160697496945,4.383256361047242
51.58639092728485,0.3377997291368526,4.0180726865561205,4.38500569038017
51.63442294863242,0.33779972928801866,4.017829303460182,4.3867508141470735
51.682454969979986,0.33779972943630815,4.01758592046002,4.388491740515202
51.730486991327545,0.33779972958177573,4.017342537553814,4.390228477646956
51.77851901267511,0.3377997297244752,4.0170991547397765,4.391961033699812
51.82655103402268,0.33779972986445916,4.0168557720161555,4.393689416826265
51.874583055370245,0.3377997300017791,4.0166123893812316,4.395413635173739
51.92261507671781,0.33779973013648595,4.016369006833317,4.39713369688453
51.97064709806537,0.3377997302686293,4.016125624370752,4.398849610095694
52.01867911941294,0.3377997303982581,4.015882241991912,4.400561382939055
52.0667111407605,0.3377997305254203,4.015638859695203,4.4022690235411055
52.11474316210807,0.33779973065016267,4.015395477479063,4.403972540022937
52.162775183455636,0.3377997307725312,4.015152095341958,4.405671940500188
52.210807204803196,0.3377997308925713,4.014908713282384,4.407367233082961
52.25883922615076,0.3377997310103271,4.014665331298868,4.409058425875768
52.30687124749833,0.337799731125842,4.0144219493899636,4.4107455269774665
52.354903268845895,0.3377997312391587,4.014178567554249,4.412428544481194
52.40293529019346,0.3377997313503189,4.013935185790337,4.414107486474303
52.45096731154102,0.33779973145936376,4.013691804096857,4.415782361038253
52.49899933288859,0.33779973156633364,4.013448422472468,4.417453176248608
52.547031354236154,0.3377997316712679,4.013205040915853,4.419119940174968
52.59506337558372,0.3377997317742054,4.012961659425721,4.42078266088091
52.64309539693129,0.33779973187518414,4.012718278000811,4.422441346423906
52.691127418278846,0.33779973197424135,4.01247489663988,4.424096004855279
52.73915943962641,0.33779973207141356,4.012231515341711,4.42574664422014
52.78719146097398,0.3377997321667366,4.011988134105111,4.427393272557324
52.835223482321545,0.3377997322602457,4.011744752928908,4.429035897899338
52.88325550366911,0.33779973235197525,4.011501371811956,4.430674528272298
52.93128752501667,0.33779973244195927,4.011257990753125,4.432309171695857
52.97931954636424,0.3377997325302309,4.011014609751308,4.433939836183143
53.027351567711804,0.3377997326168228,4.010771228805417,4.435566529740735
53.07538358905937,0.33779973270176694,4.010527847914392,4.437189260368607
53.12341561040694,0.3377997327850947,4.0102844670771844,4.438808036060043
53.171447631754496,0.3377997328668367,4.010041086292774,4.440422864801607
53.21947965310206,0.33779973294702337,4.009797705560155,4.442033754573076
53.26751167444963,0.3377997330256841,4.00955432487834,4.443640713347389
53.315543695797196,0.33779973310284794,4.0093109442463675,4.445243749090591
53.36357571714476,0.3377997331785433,4.009067563663286,4.446842869761779
53.41160773849232,0.3377997332527981,4.008824183128168,4.44843808331305
53.45963975983989,0.33779973332564,4.008580802640099,4.450029397689395
53.507671781187454,0.33779973339709574,4.008337422198181,4.451616820828719
53.55570380253502,0.3377997334671917,4.008094041801536,4.453200360661786
53.60373582388259,0.3377997335359539,4.007850661449303,4.45478002511214
53.65176784523015,0.3377997336034075,4.007607281140637,4.456355822096073
53.69979986657771,0.3377997336695776,4.007363900874709,4.4579277595225655
53.74783188792528,0.33779973373448846,4.007120520650708,4.459495845293227
53.795863909272846,0.33779973379816425,4.006877140467831,4.461060087302271
53.84389593062041,0.33779973386062817,4.006633760325303,4.462620493436443
53.89192795196797,0.33779973392190327,4.006390380222353,4.4641770715749844
53.93995997331554,0.33779973398201246,4.006147000158229,4.465729829589545
53.987991994663105,0.33779973404097785,4.005903620132187,4.467278775344151
54.03602401601067,0.33779973409882114,4.0056602401435075,4.468823916695205
54.08405603735824,0.33779973415556375,4.005416860191477,4.470365261491407
54.1320880587058,0.3377997342112265,4.005173480275395,4.47190281757371
54.18012008005336,0.3377997342658302,4.004930100394583,4.473436592775271
54.22815210140093,0.33779973431939475,4.004686720548366,4.474966594921409
54.2761841227485,0.33779973437194,4.004443340736088,4.476492831829555
54.32421614409606,0.33779973442348527,4.004199960957104,4.478015311309218
54.37224816544362,0.3377997344740497,4.00395658121078,4.4795340411619256
54.42028018679119,0.33779973452365186,4.0037132014964945,4.481049029181187
54.468312208138755,0.33779973457231016,4.0034698218136375,4.482560283152425
54.51634422948632,0.33779973462004254,4.003226442161608,4.484067810852977
54.56437625083389,0.3377997346668666,4.0029830625398235,4.485571620052027
54.61240827218145,0.33779973471279956,4.002739682947705,4.487071718510573
54.660440293529014,0.3377997347578585,4.00249630338469,4.488568113981379
54.70847231487658,0.33779973480206005,4.0022529238502225,4.4900608142089355
54.75650433622415,0.3377997348454205,4.002009544343761,4.491549826929419
54.80453635757171,0.3377997348879557,4.001766164864775,4.493035159870653
54.85256837891927,0.33779973492968157,4.001522785412738,4.494516820752057
54.90060040026684,0.3377997349706134,4.001279405987142,4.49599481728463
54.948632421614406,0.3377997350107662,4.00103602658748,4.497469157170831
54.99666444296197,0.337799735050155,4.000792647213257,4.498939848104616
55.04469646430954,0.3377997350887942,4.000549267863992,4.500406897771403
55.0927284856571,0.3377997351266983,4.000305888539206,4.501870313848014
55.140760507004664,0.33779973516388095,4.000062509238438,4.503330104002641
55.18879252835223,0.337799735200356,3.999819129961227,4.504786275894803
55.2368245496998,0.33779973523613716,3.9995757507071272,4.506238837175311
55.284856571047364,0.33779973527123736,3.9993323714756985,4.50768779548623
55.33288859239492,0.33779973530566954,3.9990889922665094,4.509133158460851
55.38092061374249,0.33779973533944646,3.998845613079137,4.51057493372364
55.428952635090056,0.3377997353725807,3.998602233913167,4.512013128890192
55.47698465643762,0.33779973540508434,3.99835885476819,4.513447751567177
55.52501667778519,0.3377997354369694,3.998115475643808,4.514878809352362
55.573048699132755,0.3377997354682478,3.9978720965396275,4.5163063098345635
55.621080720480315,0.337799735498931,3.9976287174552647,4.517730260593594
55.66911274182788,0.33779973552903036,3.997385338390342,4.519150669200239
55.71714476317545,0.33779973555855697,3.9971419593444906,4.5205675432162185
55.765176784523014,0.33779973558752163,3.9968985803173473,4.52198089019415
55.81320880587058,0.3377997356159352,3.9966552013085557,4.523390717677525
55.86124082721814,0.33779973564380794,3.996411822317768,4.524797033200672
55.909272848565706,0.3377997356711503,3.996168443344641,4.526199844288716
55.95730486991327,0.3377997356979724,3.9959250643888384,4.527599158457562
56.00533689126084,0.337799735724284,3.9956816854500303,4.528994983213848
56.053368912608406,0.33779973575009503,3.995438306527892,4.530387326054925
56.101400933955965,0.33779973577541483,3.995194927622108,4.531776194468827
56.14943295530353,0.33779973580025285,3.994951548732366,4.5331615959342315
56.1974649766511,0.3377997358246182,3.9947081698583617,4.534543537920436
56.245496997998664,0.3377997358485199,3.9944647909997943,4.53592202788733
56.29352901934623,0.3377997358719667,3.9942214121563717,4.537297073285362
56.34156104069379,0.3377997358949674,3.993978033327805,4.538668681555511
56.38959306204136,0.3377997359175304,3.993734654513813,4.540036860129263
56.43762508338892,0.33779973593966406,3.993491275714117,4.541401616428524
56.48565710473649,0.33779973596137636,3.993247896928444,4.54276295786563
56.533689126084056,0.33779973598267565,3.993004518156528,4.544120891843358
56.581721147431615,0.3377997360035696,3.992761139398107,4.5454754257548755
56.62975316877918,0.3377997360240659,3.992517760652924,4.546826566983709
56.67778519012675,0.33779973604417224,3.992274381920728,4.548174322903712
56.725817211474315,0.3377997360638959,3.9920310032012707,4.549518700879049
56.77384923282188,0.3377997360832444,3.9917876244943105,4.550859708264154
56.82188125416944,0.3377997361022245,3.991544245799609,4.552197352403721
56.86991327551701,0.33779973612084346,3.9913008671169345,4.553531640632669
56.91794529686457,0.3377997361391082,3.9910574884460575,4.554862580276109
56.96597731821214,0.3377997361570252,3.9908141097867524,4.556190178649293
57.014009339559706,0.3377997361746014,3.9905707311388,4.557514443057647
57.062041360907266,0.3377997361918431,3.9903273525019833,4.558835380796722
57.11007338225483,0.3377997362087567,3.9900839738760903,4.5601529991521685
57.1581054036024,0.3377997362253485,3.9898405952609144,4.561467305399717
57.206137424949965,0.3377997362416245,3.9895972166562506,4.562778306805145
57.25416944629753,0.3377997362575909,3.9893538380618985,4.564086010624263
57.30220146764509,0.3377997362732533,3.989110459477664,4.565390424102888
57.35023348899266,0.3377997362886177,3.988867080903353,4.566691554476821
57.398265510340224,0.33779973630368976,3.988623702338777,4.567989408971823
57.44629753168779,0.337799736318475,3.988380323783751,4.569283994803578
57.49432955303536,0.33779973633297883,3.988136945238093,4.570575319177684
57.542361574382916,0.3377997363472067,3.987893566701625,4.571863389289646
57.59039359573048,0.3377997363611638,3.987650188174171,4.573148212324843
57.63842561707805,0.33779973637485533,3.9874068096555595,4.574429795458499
57.686457638425615,0.3377997363882863,3.9871634311456243,4.575708145855682
57.73448965977318,0.33779973640146177,3.9869200526441975,4.576983270671262
57.78252168112074,0.3377997364143865,3.9866766741511195,4.578255177049906
57.83055370246831,0.3377997364270652,3.9864332956662305,4.579523872126054
57.878585723815874,0.3377997364395026,3.986189917189375,4.580789363023898
57.92661774516344,0.33779973645170336,3.9859465387204,4.582051656857354
57.97464976651101,0.33779973646367206,3.9857031602591557,4.58331076073004
58.022681787858566,0.3377997364754128,3.9854597818054947,4.584566681735279
58.07071380920613,0.33779973648693035,3.9852164033592716,4.585819426956071
58.1187458305537,0.33779973649822853,3.9849730249203463,4.587069003465082
58.166777851901266,0.33779973650931183,3.9847296464885797,4.588315418324615
58.21480987324883,0.3377997365201842,3.984486268063835,4.589558678586595
58.26284189459639,0.3377997365308496,3.984242889645979,4.590798791292559
58.31087391594396,0.3377997365413122,3.983999511234882,4.592035763473629
58.358905937291524,0.3377997365515756,3.983756132830413,4.593269602150508
58.40693795863909,0.3377997365616436,3.9835127544324473,4.5945003143334455
58.45496997998666,0.3377997365715202,3.9832693760408606,4.595727907022144
58.50300200133422,0.33779973658120876,3.9830259976555324,4.596952387205859
58.55103402268178,0.3377997365907129,3.982782619276342,4.59817376186337
58.59906604402935,0.3377997366000363,3.982539240903174,4.599392037962941
58.647098065376916,0.3377997366091822,3.9822958625359126,4.600607222462303
58.69513008672448,0.33779973661815405,3.9820524841744467,4.601819322308647
58.74316210807204,0.3377997366269552,3.9818091058186647,4.6030283444386
58.79119412941961,0.33779973663558893,3.981565727468459,4.604234295778219
58.839226150767175,0.3377997366440583,3.9813223491237237,4.605437183242962
58.88725817211474,0.3377997366523665,3.9810789707843552,4.606637013737697
58.93529019346231,0.33779973666051655,3.9808355924502514,4.607833794156677
58.98332221480987,0.3377997366685117,3.980592214121311,4.6090275313835445
59.03135423615743,0.3377997366763545,3.980348835797436,4.610218232291282
59.079386257505,0.33779973668404817,3.98010545747853,4.61140590374222
59.127418278852566,0.33779973669159535,3.9798620791644983,4.612590552588016
59.17545030020013,0.33779973669899893,3.9796187008552497,4.61377218566965
59.22348232154769,0.33779973670626173,3.9793753225506907,4.614950809817413
59.27151434289526,0.3377997367133863,3.9791319442507342,4.616126431850882
59.319546364242825,0.3377997367203752,3.978888565955292,4.617299058578929
59.36757838559039,0.3377997367272311,3.978645187664277,4.618468696799694
59.41561040693796,0.3377997367339566,3.978401809377608,4.619635353300571
59.46364242828552,0.3377997367405542,3.9781584310951987,4.620799034858157
59.511674449633084,0.33779973674702596,3.97791505281697,4.621959748238315
59.55970647098065,0.33779973675337477,3.9776716745428415,4.623117500196136
59.60773849232822,0.3377997367596028,3.977428296272736,4.624272297475923
59.65577051367578,0.3377997367657123,3.977184918006576,4.625424146811192
59.70380253502334,0.3377997367717055,3.976941539744287,4.626573054924647
59.75183455637091,0.3377997367775846,3.9766981614857957,4.627719028528176
59.799866577718475,0.33779973678335196,3.9764547832310293,4.628862074322849
59.84789859906604,0.3377997367890095,3.976211404979917,4.630002198998895
59.89593062041361,0.33779973679455927,3.9759680267323896,4.631139409235705
59.94396264176117,0.33779973680000364,3.975724648488378,4.632273711701757
59.991994663108734,0.33779973680534425,3.9754812702478173,4.633405113054665
60.0400266844563,0.3377997368105832,3.9752378920106395,4.634533619941193
60.08805870580387,0.3377997368157225,3.974994513776781,4.635659238997222
60.136090727151434,0.33779973682076414,3.9747511355461786,4.636781976847742
60.18412274849899,0.33779973682570974,3.9745077573187704,4.637901840106836
60.23215476984656,0.33779973683056125,3.974264379094496,4.639018835377685
60.280186791194126,0.33779973683532033,3.974021000873296,4.640132969252548
60.32821881254169,0.337799736839989,3.9737776226551107,4.641244248312759
60.37625083388926,0.3377997368445687,3.9735342444398842,4.642352679128724
60.42428285523682,0.3377997368490614,3.9732908662275586,4.6434582682599155
60.472314876584385,0.3377997368534685,3.9730474880180804,4.644561022254883
60.52034689793195,0.3377997368577917,3.9728041098113938,4.645660947651208
60.56837891927952,0.3377997368620327,3.972560731607447,4.646758050975516
60.616410940627084,0.33779973686619297,3.9723173534061873,4.64785233874347
60.66444296197464,0.33779973687027415,3.9720739752075627,4.648943817459761
60.71247498332221,0.33779973687427756,3.971830597011525,4.650032493618109
60.760507004669776,0.33779973687820486,3.9715872188180232,4.651118373701255
60.80853902601734,0.3377997368820574,3.9713438406270094,4.652201464180953
60.85657104736491,0.3377997368858366,3.9711004624384367,4.653281771517971
60.90460306871247,0.33779973688954396,3.9708570842522586,4.654359302162076
60.952635090060035,0.33779973689318066,3.9706137060684306,4.655434062552001
61.0006671114076,0.33779973689674825,3.970370327886906,4.656506059115485
61.04869913275517,0.33779973690024795,3.9701269497076415,4.657575298269261
61.096731154102734,0.337799736903681,3.9698835715305947,4.658641786419054
61.144763175450294,0.33779973690704873,3.969640193355723,4.659705529959564
61.19279519679786,0.33779973691035237,3.969396815182985,4.660766535274472
61.24082721814543,0.33779973691359316,3.9691534370123405,4.661824808736428
61.28885923949299,0.3377997369167723,3.9689100588437487,4.662880356707056
61.33689126084056,0.3377997369198909,3.9686666806771718,4.663933185536945
61.38492328218812,0.3377997369229502,3.968423302512571,4.664983301565649
61.432955303535685,0.3377997369259513,3.9681799243499083,4.6660307111216355
61.48098732488325,0.33779973692889526,3.967936546189147,4.6670754205222735
61.52901934623082,0.33779973693178317,3.967693168030251,4.668117436073939
61.577051367578385,0.3377997369346161,3.9674497898731853,4.669156764071949
61.625083388925944,0.3377997369373952,3.9672064117179144,4.670193410800558
61.67311541027351,0.3377997369401214,3.966963033564404,4.671227382532968
61.72114743162108,0.3377997369427957,3.9667196554126205,4.672258685531303
61.76917945296864,0.3377997369454191,3.9664762772625317,4.673287326046633
61.81721147431621,0.33779973694799253,3.9662328991141056,4.67431331031895
61.86524349566377,0.3377997369505171,3.9659895209673097,4.675336644577176
61.913275517011336,0.3377997369529936,3.9657461428221135,4.676357335039176
61.9613075383589,0.337799736955423,3.9655027646784857,4.677375387911814
62.00933955970647,0.337799736957806,3.9652593865363985,4.678390809390852
62.057371581054035,0.3377997369601438,3.9650160083958195,4.679403605660964
62.105403602401594,0.3377997369624371,3.964772630256723,4.680413782895752
62.15343562374916,0.33779973696468674,3.964529252119079,4.68142134725776
62.20146764509673,0.3377997369668936,3.9642858739828615,4.682426304898451
62.249499666444294,0.3377997369690584,3.9640424958480405,4.683428661958222
62.29753168779186,0.33779973697118215,3.9637991177145926,4.684428424566404
62.34556370913942,0.3377997369732653,3.96355573958249,4.685425598841255
62.393595730486986,0.33779973697530896,3.963312361451706,4.68642019088997
62.44162775183455,0.33779973697731364,3.963068983322218,4.6874122068086015
62.48965977318212,0.33779973697928023,3.9628256051940003,4.688401652682116
62.537691794529685,0.3377997369812093,3.9625822270670286,4.6893885345844515
62.585723815877245,0.33779973698310173,3.9623388489412785,4.690372858578466
62.63375583722481,0.33779973698495813,3.962095470816728,4.691354630715957
62.68178785857238,0.33779973698677923,3.9618520926933534,4.6923338570376405
62.729819879919944,0.33779973698856564,3.961608714571133,4.693310543573164
62.77785190126751,0.33779973699031807,3.961365336450044,4.6942846963411125
62.82588392261507,0.33779973699203725,3.961121958330066,4.695256321348993
62.873915943962636,0.33779973699372356,3.960878580211176,4.696225424593254
62.9219479653102,0.33779973699537785,3.960635202093356,4.697192012059265
62.96997998665777,0.3377997369970007,3.960391823976583,4.6981560897212855
63.018012008005336,0.33779973699859256,3.960148445860839,4.699117663542549
63.066044029352895,0.3377997370001542,3.959905067746103,4.7000767394752225
63.11407605070046,0.33779973700168614,3.959661689632357,4.701033323460408
63.16210807204803,0.3377997370031888,3.9594183115195816,4.7019874214281545
63.210140093395594,0.33779973700466304,3.959174933407758,4.7029390392974495
63.25817211474316,0.3377997370061092,3.9589315552968682,4.703888182976223
63.30620413609072,0.33779973700752775,3.958688177186895,4.704834858361355
63.35423615743829,0.3377997370089193,3.958444799077821,4.705779071338677
63.40226817878585,0.33779973701028443,3.9582014209696283,4.706720827782968
63.45030020013342,0.33779973701162364,3.9579580428623,4.707660133558046
63.498332221480986,0.33779973701293725,3.9577146647558212,4.708596994516674
63.546364242828545,0.33779973701422594,3.9574712866501733,4.709531416500559
63.59439626417611,0.3377997370154901,3.957227908545344,4.710463405340382
63.64242828552368,0.33779973701673016,3.9569845304413143,4.711392966855805
63.690460306871245,0.3377997370179466,3.9567411523380707,4.712320106855468
63.73849232821881,0.33779973701913996,3.956497774235598,4.713244831137
63.78652434956637,0.3377997370203105,3.9562543961338807,4.714167145487023
63.83455637091394,0.33779973702145893,3.9560110180329056,4.715087055681155
63.8825883922615,0.3377997370225855,3.9557676399326582,4.716004567484015
63.93062041360907,0.3377997370236905,3.9555242618331246,4.7169196866491605
63.978652434956636,0.33779973702477445,3.955280883734291,4.717832418919059
64.0266844563042,0.33779973702583793,3.9550375056361444,4.718742770025271
64.07471647765176,0.33779973702688104,3.9547941275386713,4.71965074568837
64.12274849899933,0.33779973702790433,3.954550749441859,4.720556351617941
64.1707805203469,0.3377997370289082,3.9543073713456955,4.721459593512581
64.21881254169446,0.33779973702989297,3.954063993250168,4.722360477059909
64.26684456304203,0.33779973703085897,3.9538206151552644,4.72325900793657
64.3148765843896,0.33779973703180655,3.9535772370609727,4.7241551918082365
64.36290860573716,0.3377997370327362,3.953333858967282,4.725049034329613
64.41094062708471,0.3377997370336481,3.9530904808741796,4.725940541144456
64.45897264843228,0.3377997370345425,3.952847102781655,4.726829717885652
64.50700466977985,0.33779973703542004,3.9526037246896975,4.7277165701751
64.55503669112741,0.3377997370362809,3.952360346598295,4.7286011036237525
64.60306871247498,0.33779973703712535,3.9521169685074393,4.729483323831632
64.65110073382255,0.3377997370379537,3.9518735904171174,4.730363236387832
64.69913275517011,0.3377997370387663,3.9516302123273213,4.731240846870533
64.74716477651768,0.3377997370395635,3.9513868342380394,4.732116160847005
64.79519679786524,0.33779973704034544,3.9511434561492633,4.732989183873611
64.84322881921281,0.33779973704111255,3.950900078060982,4.733859921495822
64.89126084056036,0.33779973704186506,3.950656699973188,4.734728379248212
64.93929286190793,0.33779973704260324,3.9504133218858697,4.735594562654428
64.9873248832555,0.33779973704332733,3.950169943799019,4.736458477227204
65.03535690460306,0.3377997370440377,3.9499265657126275,4.737320128468449
65.08338892595063,0.3377997370447345,3.9496831876266856,4.738179521869194
65.1314209472982,0.33779973704541816,3.9494398095411856,4.7390366629096095
65.17945296864576,0.33779973704608873,3.949196431456119,4.739891557059014
65.22748498999333,0.33779973704674654,3.948953053371477,4.740744209775878
65.2755170113409,0.3377997370473918,3.948709675287251,4.741594626507827
65.32354903268846,0.33779973704802474,3.948466297203435,4.742442812691655
65.37158105403601,0.33779973704864574,3.9482229191200195,4.743288773753328
65.41961307538358,0.3377997370492549,3.9479795410369976,4.744132515108
65.46764509673115,0.33779973704985244,3.947736162954362,4.744974042160033
65.51567711807871,0.33779973705043864,3.947492784872104,4.745813360302969
65.56370913942628,0.3377997370510137,3.9472494067902186,4.746650474919557
65.61174116077385,0.33779973705157773,3.9470060287086963,4.747485391381767
65.65977318212141,0.3377997370521312,3.9467626506275324,4.748318115050783
65.70780520346898,0.33779973705267397,3.946519272546719,4.749148651277025
65.75583722481655,0.33779973705320643,3.9462758944662495,4.74997700540015
65.80386924616411,0.3377997370537288,3.9460325163861167,4.750803182749067
65.85190126751166,0.3377997370542412,3.9457891383063157,4.751627188641938
65.89993328885923,0.33779973705474386,3.9455457602268384,4.75244902838619
65.9479653102068,0.33779973705523697,3.9453023821476805,4.7532687072784805
65.99599733155436,0.3377997370557207,3.9450590040688347,4.754086230604754
66.04402935290193,0.3377997370561952,3.944815625990296,4.754901603640255
66.0920613742495,0.33779973705666066,3.944572247912057,4.755714831649531
66.14009339559706,0.33779973705711724,3.9443288698341137,4.756525919886429
66.18812541694463,0.3377997370575652,3.944085491756459,4.7573348735941074
66.2361574382922,0.33779973705800465,3.943842113679089,4.758141698005052
66.28418945963976,0.3377997370584357,3.943598735601996,4.758946398341079
66.33222148098731,0.3377997370588585,3.9433553575251774,4.759748979813345
66.38025350233488,0.33779973705927335,3.9431119794486267,4.760549447622354
66.42828552368245,0.3377997370596802,3.9428686013723384,4.7613478069579696
66.47631754503001,0.33779973706007943,3.9426252232963077,4.762144062999413
66.52434956637758,0.337799737060471,3.94238184522053,4.762938220915289
66.57238158772515,0.3377997370608551,3.942138467145001,4.7637302858635895
66.62041360907271,0.3377997370612319,3.941895089069715,4.764520262991702
66.66844563042028,0.3377997370616015,3.941651710994668,4.765308157436423
66.71647765176785,0.3377997370619641,3.9414083329198544,4.766093974323958
66.76450967311541,0.3377997370623198,3.941164954845271,4.766877718769943
66.81254169446296,0.33779973706266875,3.940921576770913,4.767659395879447
66.86057371581053,0.33779973706301103,3.940678198696776,4.768439010746981
66.9086057371581,0.33779973706334687,3.9404348206228565,4.769216568456518
66.95663775850566,0.3377997370636763,3.9401914425491493,4.769992074081535
67.00466977985323,0.3377997370639994,3.9399480644756504,4.770765532684965
67.0527018012008,0.3377997370643164,3.939704686402356,4.77153694931923
67.10073382254836,0.33779973706462724,3.939461308329263,4.772306329026249
67.14876584389593,0.33779973706493227,3.9392179302563677,4.773073676837453
67.1967978652435,0.33779973706523153,3.938974552183665,4.773838997773794
67.24482988659106,0.3377997370655251,3.9387311741111515,4.774602296845761
67.29286190793862,0.33779973706581296,3.938487796038825,4.775363579053383
67.34089392928618,0.33779973706609545,3.9382444179666796,4.776122849386246
67.38892595063375,0.33779973706637256,3.938001039894714,4.7768801128235046
67.43695797198131,0.3377997370666444,3.937757661822923,4.777635374333825
67.48498999332888,0.337799737066911,3.937514283751306,4.778388638875422
67.53302201467645,0.33779973706717253,3.9372709056798567,4.779139911396152
67.58105403602401,0.33779973706742916,3.9370275276085733,4.779889196833475
67.62908605737158,0.3377997370676809,3.9367841495374525,4.780636500114468
67.67711807871915,0.3377997370679278,3.9365407714664915,4.781381826155823
67.72515010006671,0.33779973706817007,3.936297393395687,4.782125179863873
67.77318212141427,0.33779973706840766,3.936054015325035,4.782866566134589
67.82121414276183,0.33779973706864075,3.9358106372545345,4.783605989853603
67.8692461641094,0.3377997370688694,3.9355672591841815,4.784343455896211
67.91727818545696,0.3377997370690937,3.9353238811139732,4.7850789691273965
67.96531020680453,0.33779973706931377,3.935080503043907,4.785812534401886
68.0133422281521,0.3377997370695296,3.9348371249739804,4.7865441565640765
68.06137424949966,0.3377997370697413,3.9345937469041905,4.787273840448082
68.10940627084723,0.33779973706994904,3.9343503688345347,4.788001590877738
68.1574382921948,0.33779973707015276,3.934106990765011,4.788727412666623
68.20547031354236,0.3377997370703526,3.933863612695616,4.78945131061807
68.25350233488992,0.3377997370705487,3.9336202346263476,4.790173289525173
68.30153435623748,0.3377997370707411,3.933376856557203,4.790893354170805
68.34956637758505,0.3377997370709298,3.9331334784881813,4.791611509327625
68.39759839893262,0.3377997370711149,3.9328901004192782,4.792327759758096
68.44563042028018,0.3377997370712964,3.9326467223504933,4.7930421102144685
68.49366244162775,0.33779973707147454,3.9324033442818216,4.7937545654388165
68.54169446297531,0.33779973707164923,3.9321599662132645,4.794465130163061
68.58972648432288,0.3377997370718207,3.9319165881448175,4.795173809108972
68.63775850567045,0.3377997370719888,3.9316732100764797,4.7958806069881765
68.68579052701801,0.3377997370721537,3.9314298320082477,4.796585528502175
68.73382254836557,0.33779973707231553,3.93118645394012,4.797288578342349
68.78185456971313,0.33779973707247424,3.930943075872096,4.797989761189985
68.8298865910607,0.33779973707262995,3.930699697804171,4.798689081716273
68.87791861240827,0.3377997370727827,3.9304563197363462,4.799386544582326
68.92595063375583,0.33779973707293254,3.930212941668618,4.800082154439177
68.9739826551034,0.3377997370730795,3.929969563600984,4.8007759159277725
69.02201467645096,0.3377997370732237,3.929726185533443,4.801467833679036
69.07004669779853,0.33779973707336514,3.9294828074659938,4.80215791231387
69.1180787191461,0.33779973707350386,3.9292394293986344,4.802846156443151
69.16611074049366,0.33779973707363997,3.9289960513313624,4.803532570667752
69.21414276184122,0.3377997370737735,3.9287526732641767,4.804217159578552
69.26217478318878,0.3377997370739045,3.928509295197076,4.8048999277564475
69.31020680453635,0.33779973707403294,3.9282659171300582,4.805580879772364
69.35823882588392,0.337799737074159,3.9280225390631216,4.806260020187273
69.40627084723148,0.33779973707428274,3.927779160996265,4.806937353552205
69.45430286857905,0.3377997370744039,3.9275357829294864,4.8076128844082975
69.50233488992662,0.33779973707452293,3.927292404862785,4.80828661728676
69.55036691127418,0.3377997370746396,3.927049026796159,4.808958556708892
69.59839893262175,0.33779973707475414,3.926805648729606,4.809628707186106
69.64643095396931,0.33779973707486655,3.9265622706631267,4.810297073219941
69.69446297531687,0.3377997370749767,3.926318892596718,4.810963659302067
69.74249499666443,0.33779973707508476,3.926075514530379,4.811628469914317
69.790527018012,0.3377997370751908,3.9258321364641096,4.812291509528685
69.83855903935957,0.33779973707529476,3.9255887583979066,4.812952782607345
69.88659106070713,0.33779973707539684,3.9253453803317697,4.813612293602663
69.9346230820547,0.33779973707549693,3.9251020022656973,4.814270046957185
69.98265510340227,0.3377997370755951,3.924858624199688,4.81492604710365
70.03068712474983,0.33779973707569144,3.924615246133741,4.815580298465055
70.0787191460974,0.3377997370757859,3.924371868067855,4.8162328054546375
70.12675116744497,0.3377997370758786,3.9241284900020297,4.816883572475898
70.17478318879252,0.33779973707596955,3.9238851119362628,4.817532603922599
70.22281521014008,0.3377997370760587,3.923641733870553,4.818179904178788
70.27084723148765,0.3377997370761462,3.9233983558049004,4.818825477618813
70.31887925283522,0.337799737076232,3.9231549777393027,4.819469328607323
70.36691127418278,0.3377997370763162,3.922911599673759,4.820111461499299
70.41494329553035,0.3377997370763988,3.9226682216082693,4.820751880640058
70.46297531687792,0.33779973707647987,3.9224248435428315,4.821390590365293
70.51100733822548,0.3377997370765593,3.9221814654774456,4.82202759500105
70.55903935957305,0.33779973707663724,3.9219380874121095,4.82266289886375
70.60707138092062,0.3377997370767138,3.921694709346823,4.823296506260205
70.65510340226817,0.3377997370767888,3.921451331281585,4.823928421487639
70.70313542361573,0.3377997370768624,3.921207953216395,4.824558648833695
70.7511674449633,0.33779973707693456,3.9209645751512507,4.825187192576446
70.79919946631087,0.3377997370770054,3.9207211970861526,4.825814056984421
70.84723148765843,0.33779973707707484,3.9204778190211,4.826439246316604
70.895263509006,0.3377997370771431,3.920234440956091,4.82706276482246
70.94329553035357,0.3377997370772099,3.9199910628911248,4.827684616741921
70.99132755170113,0.33779973707727556,3.9197476848262007,4.828304806305415
71.0393595730487,0.33779973707733985,3.9195043067613184,4.828923337733902
71.08739159439627,0.337799737077403,3.919260928696477,4.829540215238868
71.13542361574382,0.3377997370774649,3.919017550631676,4.8301554430223455
71.18345563709138,0.33779973707752564,3.918774172566914,4.830769025276917
71.23148765843895,0.3377997370775852,3.9185307945021903,4.83138096618574
71.27951967978652,0.3377997370776436,3.9182874164375043,4.831991269922553
71.32755170113408,0.33779973707770095,3.9180440383728556,4.832599940651691
71.37558372248165,0.3377997370777572,3.917800660308243,4.8332069825281
71.42361574382922,0.33779973707781236,3.917557282243666,4.833812399697382
71.47164776517678,0.33779973707786654,3.9173139041791236,4.834416196295855
71.51967978652435,0.3377997370779196,3.9170705261146166,4.835018376450433
71.56771180787192,0.3377997370779717,3.916827148050143,4.835618944278696
71.61574382921947,0.33779973707802274,3.9165837699857016,4.8362179038889135
71.66377585056703,0.3377997370780729,3.9163403919212927,4.8368152593800495
71.7118078719146,0.337799737078122,3.916097013856916,4.837411014841789
71.75983989326217,0.3377997370781703,3.9158536357925704,4.83800517435454
71.80787191460973,0.33779973707821764,3.915610257728255,4.838597741989456
71.8559039359573,0.337799737078264,3.9153668796639702,4.839188721808446
71.90393595730487,0.33779973707830957,3.9151235015997137,4.839778117864187
71.95196797865243,0.33779973707835415,3.914880123535487,4.8403659342001175
72.0,0.337799737078398,3.9146367454712885,4.8409521748504405
