time_h,biomass,sugar_ref,ethanol
0.0,0.366,225.0,0.0
0.0400266844563042,0.36836902952015194,224.93727281456523,0.02888850506506785
0.0800533689126084,0.3707522967802807,224.8741605616659,0.05795466533916516
0.12008005336891261,0.3731498748303859,224.81066115009924,0.08719945003713886
0.1601067378252168,0.3755618386386368,224.74677243279774,0.11662385430008156
0.200133422281521,0.3779882574103337,224.68249242402888,0.14622879862600716
0.24016010673782523,0.3804292026664437,224.6178190721972,0.17601523402326288
0.2801867911941294,0.3828847464586468,224.55275030613475,0.20598412072952738
0.3202134756504336,0.385354960778207,224.48728405707897,0.23613641784329895
0.3602401601067378,0.38783991798088135,224.42141824142087,0.26647309150320697
0.400266844563042,0.39033969038485866,224.35515077705003,0.29699510713814126
0.4402935290193462,0.3928543505685168,224.288479570761,0.3277034354507356
0.48032021347565046,0.3953839712291037,224.22140252449665,0.35859904944469134
0.5203468979319547,0.39792862521041633,224.15391753425166,0.38968292494374346
0.5603735823882589,0.4004883855619226,224.08602248756208,0.4209560417846965
0.600400266844563,0.40306332538747563,224.0177152686016,0.4524193814280563
0.6404269513008672,0.40565351788305976,223.9489937569095,0.48407392755418094
0.6804536357571714,0.4082590364985059,223.87985582194395,0.5159206686173772
0.7204803202134756,0.41087995485215384,223.81029932595655,0.5479605964980883
0.7605070046697798,0.4135163466562071,223.74032212646478,0.580194705344697
0.800533689126084,0.41616828557531726,223.66992208093686,0.6126239893792755
0.8405603735823882,0.41883584551098213,223.59909703737074,0.6452494473103803
0.8805870580386924,0.42151910050267144,223.52784483756898,0.6780720807988934
0.9206137424949966,0.4242181247110243,223.45616331756375,0.7110928942632324
0.9606404269513009,0.42693299234390875,223.38405030893085,0.7443128942992887
1.0006671114076051,0.4296637777469707,223.3115036371803,0.7777330903907848
1.0406937958639093,0.43241055539383966,223.23852112193077,0.8113544948324412
1.0807204803202135,0.43517339987346554,223.16510057713447,0.8451781226305146
1.1207471647765177,0.43795238582047985,223.09123981233444,0.8792049909467841
1.160773849232822,0.44074758795782365,223.01693663189496,0.9134361194389002
1.200800533689126,0.44355908113727643,222.94218883427,0.9478725305839888
1.2408272181454303,0.446386940312187,222.86699421249546,0.9825152494609195
1.2808539026017345,0.4492312404843497,222.7913505551706,1.0173653033148988
1.3208805870580387,0.4520920566702048,222.71525564708227,1.05242372128056
1.3609072715143429,0.45496946403695376,222.63870726668927,1.0876915354980763
1.400933955970647,0.4578635378323415,222.561703187418,1.123169780538352
1.4409606404269513,0.46077435337822104,222.48424117778018,1.1588594933509941
1.4809873248832555,0.4637019860658952,222.4063190014572,1.1947617132268549
1.5210140093395597,0.4666465113514605,222.32793441738505,1.2308774817605816
1.5610406937958639,0.46960800474564934,222.24908517994965,1.2672078427633382
1.601067378252168,0.4725865417366189,222.16976904053746,1.3037538415680843
1.6410940627084722,0.47558219787655875,222.0899837457762,1.3405165258188925
1.6811207471647764,0.4785950487706791,222.009727037748,1.3774969453759218
1.7211474316210806,0.481625170054043,221.92899665444784,1.4146961521102854
1.7611741160773848,0.4846726373860516,221.84779032988538,1.452115199858825
1.801200800533689,0.4877375264449289,221.76610579418707,1.489755144378883
1.8412274849899932,0.49081991292220645,221.6839407736981,1.5276170433030758
1.8812541694462974,0.4939198725608591,221.60129299039926,1.565701956391139
1.9212808539026018,0.49703748117395535,221.51816016162962,1.6040109456491543
1.961307538358906,0.5001728145298622,221.4345400019036,1.6425450745406207
2.0013342228152102,0.5033259484002335,221.35043022217303,1.6813054083053514
2.0413609072715144,0.5064969585567722,221.26582852989318,1.7202930139297374
2.0813875917278186,0.5096859207667309,221.1807326291095,1.7595089601084395
2.121414276184123,0.5128929107884118,221.0951402205426,1.7989543172060773
2.161440960640427,0.5161180043643993,221.00904900173242,1.8386301571926653
2.201467645096731,0.5193612771888502,220.92245666783478,1.8785375532791426
2.2414943295530354,0.5226228049390186,220.83536091079944,1.9186775802955651
2.2815210140093396,0.5259026632676814,220.74775941953374,1.9590513146172506
2.321547698465644,0.5292009277916357,220.65964988016478,1.9996598340454754
2.361574382921948,0.532517674086865,220.57102997613424,2.040504217765305
2.401601067378252,0.5358529776837078,220.4818973882926,2.081585546303427
2.4416277518345564,0.5392069140620231,220.39224979499346,2.1229049014859784
2.4816544362908606,0.5425795586237442,220.30208487272233,2.1644633661529085
2.5216811207471648,0.5459709866771243,220.21140029644872,2.206262023998228
2.561707805203469,0.5493812734862352,220.12019373843745,2.2483019601127814
2.601734489659773,0.5528104942391737,220.0284628689798,2.290584260651797
2.6417611741160774,0.556258724042155,219.9362053565134,2.333110012781176
2.6817878585723816,0.559726037914168,219.8434188677284,2.3758803046298005
2.7218145430286858,0.5632125107816278,219.75010106767448,2.41889622524183
2.76184122748499,0.5667182174692957,219.65624961995593,2.4621588644884187
2.801867911941294,0.5702432326511899,219.5618621878804,2.5056693125446916
2.8418945963975983,0.5737876309019329,219.46693643321484,2.5494286604581142
2.8819212808539025,0.5773514866857176,219.3714700164276,2.5934380000389754
2.9219479653102067,0.5809348743403856,219.27546059704684,2.6376984236977834
2.961974649766511,0.5845378680715637,219.1789058337794,2.6822110243919406
3.002001334222815,0.5881605419467992,219.0818033846297,2.7269768955724145
3.0420280186791193,0.5918029698896957,218.98415090701852,2.7719971311304135
3.0820547031354235,0.5954652256544032,218.88594605837707,2.817272825127012
3.1220813875917277,0.5991473828091787,218.78718649652149,2.8628050716230002
3.162108072048032,0.6028495147744737,218.68786987870902,2.908594965111135
3.202134756504336,0.6065716947944872,218.58799386230268,2.954643600213327
3.2421614409606403,0.6103139959295003,218.487556104934,3.0009520716074545
3.2821881254169445,0.6140764910484718,218.38655426465849,3.047521473957071
3.3222148098732487,0.6178592528214963,218.28498600011574,3.094352901839583
3.362241494329553,0.6216623537127377,218.1828489706781,3.141447449678968
3.402268178785857,0.6254858659796669,218.0801408364633,3.188806211740358
3.4422948632421613,0.6293298616565688,217.9768592586896,3.236430281969683
3.4823215476984655,0.6331944125474005,217.8730018998276,3.2843207539251766
3.5223482321547697,0.6370795902192653,217.7685664237392,3.332478720714783
3.562374916611074,0.6409854659942684,217.66355049585164,3.380905274917465
3.602401601067378,0.6449121109412428,217.55795178333526,3.4296015085031026
3.6424282855236823,0.64885959586735,217.45176795528377,3.478568512750989
3.6824549699799864,0.6528279913201455,217.34499668265425,3.527807378277757
3.7224816544362906,0.6568173675839029,217.2376356383393,3.5773191950051464
3.762508338892595,0.6608277946481006,217.1296824978798,3.6271050518364096
3.802535023348899,0.6648593422103009,217.02113493938657,3.677166036692507
3.8425617078052037,0.6689120796679471,216.9119906437171,3.727503236432281
3.882588392261508,0.6729860761098894,216.80224729465883,3.7781177367697056
3.922615076717812,0.677081400307823,216.69190257911444,3.8290106221901348
3.9626417611741163,0.6811981207083488,216.58095418727405,3.8801829758724
4.0026684456304205,0.6853363054319338,216.46939981264092,3.9316358796771773
4.042695130086725,0.6894960222546376,216.3572371524248,3.9833704139692934
4.082721814543029,0.6936773386003938,216.24446390771047,4.035387657541469
4.122748498999333,0.6978803215338302,216.13107778361518,4.087688687543125
4.162775183455637,0.7021050377514296,216.01707648948187,4.140274579393049
4.202801867911941,0.7063515535726184,215.90245773907378,4.193146406691213
4.242828552368246,0.7106199349307779,215.78721925077167,4.246305241129702
4.28285523682455,0.7149102473645542,215.67135874777523,4.299752152401009
4.322881921280854,0.7192225560088716,215.5548739583048,4.353488208106515
4.362908605737158,0.723556925584955,215.43776261579828,4.407514473668427
4.402935290193462,0.7279134203914457,215.3200224591188,4.461832012235314
4.442961974649767,0.7322921042950674,215.2016512327611,4.516441884588546
4.482988659106071,0.7366930407212133,215.08264668705982,4.571345149047874
4.523015343562375,0.7411162926444584,214.9630065784005,4.626542861376143
4.563042028018679,0.7455619225790877,214.84272866943138,4.682036074682898
4.603068712474983,0.750029992570334,214.7218107292807,4.73782583932507
4.643095396931288,0.7545205641835853,214.6002505337695,4.793913202811863
4.683122081387592,0.7590336984947577,214.47804586562978,4.8502992097055335
4.723148765843896,0.7635694560806421,214.35519451472544,4.906984901521189
4.7631754503002,0.7681278970090092,214.23169427827392,4.963971316626142
4.803202134756504,0.7727090808286371,214.10754296107004,5.021259490138382
4.843228819212809,0.777313066559272,213.98273837571216,5.078850453824166
4.883255503669113,0.7819399126823289,213.8572783428245,5.1367452359962185
4.923282188125417,0.7865896771309839,213.73116069128588,5.194944861410058
4.963308872581721,0.7912624172783129,213.60438325846982,5.2534503511560064
5.003335557038025,0.7959581899278179,213.47694389047348,5.312262722554806
5.0433622414943295,0.8006770513030828,213.34884044235247,5.371382989050899
5.083388925950634,0.8054190570373517,213.22007077835778,5.430812160104817
5.123415610406938,0.8101842621630392,213.0906327721749,5.490551241084674
5.163442294863242,0.8149727211013931,212.96052430716276,5.55060123315736
5.203468979319546,0.8197844876539788,212.82974327658172,5.610963133183459
5.2434956637758505,0.8246196149890961,212.698287583858,5.671637933599206
5.283522348232155,0.8294781556315212,212.56615514282535,5.732626622306396
5.323549032688459,0.8343601614522614,212.43334387796645,5.793930182562279
5.363575717144763,0.8392656836578741,212.29985172465763,5.855549592868407
5.403602401601067,0.8441947727797859,212.16567662941333,5.9174858268594805
5.4436290860573715,0.849147478663613,212.03081655013077,5.97973985319219
5.483655770513676,0.8541238504561164,211.89526945645497,6.042312635376455
5.52368245496998,0.859123936594146,211.75903333004166,6.105205131655122
5.563709139426284,0.8641477847985303,211.62210616457057,6.168418295004148
5.603735823882588,0.8691954420609627,211.4844859661129,6.231953072962176
5.6437625083388925,0.8742669546332511,211.34617075337997,6.295810407517674
5.683789192795197,0.8793623680165913,211.20715855796965,6.35999123499662
5.723815877251501,0.8844817269508373,211.0674474246141,6.424496485950188
5.763842561707805,0.8896250754011208,210.92703541151587,6.489327085000344
5.803869246164109,0.8947924565236609,210.78592059138845,6.554483950355541
5.8438959306204135,0.8999839126877134,210.64410105059818,6.619967994216518
5.883922615076718,0.9051994854594039,210.50157488959567,6.685780122577741
5.923949299533022,0.9104392155860335,210.35834022333017,6.751921235036369
5.963975983989326,0.9157031429850718,210.21439518150646,6.818392224675474
6.00400266844563,0.9209913067331456,210.06973790884095,6.885193977947262
6.044029352901934,0.9263037450550301,209.92436656531873,6.952327374556299
6.084056037358239,0.9316404952957039,209.77827932704346,7.019793287063491
6.124082721814543,0.937001593907655,209.63147438655363,7.087592580741517
6.164109406270847,0.9423870764711297,209.4839499519821,7.155726113973475
6.204136090727151,0.947796977666235,209.3357042479054,7.224194737857629
6.244162775183455,0.9532313312614702,209.18673551561625,7.292999296083069
6.28418945963976,0.9586901701023859,209.03704201339167,7.362140624807457
6.324216144096064,0.9641735261002397,208.886622016761,7.431619552534753
6.364242828552368,0.9696814302180562,208.73547381887923,7.501436899943395
6.404269513008672,0.9752139124375033,208.5835957316701,7.57159347934902
6.444296197464976,0.9807710017783173,208.43098608485806,7.642090095168449
6.484322881921281,0.9863527262814775,208.27764322645615,7.7129275436929845
6.524349566377585,0.9919591129933775,208.1235655232152,7.784106612880608
6.564376250833889,0.997590187954219,207.96875136090227,7.855628082228707
6.604402935290193,1.0032459761864088,207.81319914457947,7.927492722646827
6.644429619746497,1.0089265016829523,207.6569072988828,7.999701296329395
6.684456304202802,1.0146317873867006,207.4998742687726,8.07225455640217
6.724482988659106,1.0203618551783638,207.34209851983178,8.14515324678555
6.76450967311541,1.0261167258810142,207.18357853771445,8.218398102465677
6.804536357571714,1.031896419239649,207.02431282887974,8.291989849148656
6.844563042028018,1.0377009539093525,206.8642999208826,8.365929203127642
6.8845897264843225,1.0435303474435218,206.70353836266153,8.440216871151252
6.924616410940627,1.0493846162820821,206.5420267248263,8.514853550291942
6.964643095396931,1.0552637757389218,206.37976360002142,8.589839927777453
7.004669779853235,1.0611678399838476,206.21674760381424,8.665176680565704
7.044696464309539,1.0670968220397765,206.0529773741228,8.740864475633654
7.0847231487658435,1.0730507337692574,205.88845157166628,8.816903969766017
7.124749833222148,1.0790295858614314,205.72316888037366,8.893295809364771
7.164776517678452,1.085033387820178,205.55712800767853,8.970040630313976
7.204803202134756,1.0910621479522586,205.39032768481425,9.047139057844628
7.24482988659106,1.0971158733554607,205.222766667109,9.124591706399501
7.2848565710473645,1.1031945699087229,205.05444373455705,9.20239917935788
7.324883255503669,1.1092982422602502,204.88535769210984,9.28056206890244
7.364909939959973,1.115426893812337,204.71550736950772,9.359080956119083
7.404936624416277,1.1215805267113605,204.5448916218332,9.4379564107308
7.444963308872581,1.1277591418359714,204.37350932981226,9.517188990959344
7.4849899933288855,1.1339627387852773,204.20135940011468,9.596779243387422
7.52501667778519,1.1401913158670192,204.02844076565424,9.676727702820907
7.565043362241494,1.1464448700875363,203.85475238591948,9.757034892134
7.605070046697798,1.1527233971533288,203.68029324750307,9.837701322002998
7.645096731154102,1.159026891439795,203.5050623640691,9.91872749095512
7.685123415610407,1.1653553459833041,203.32905877671996,10.000113885193354
7.7251501000667115,1.1717087524719987,203.1522815543414,10.081860978433534
7.765176784523016,1.178087101234137,202.97472979390554,10.163969231765021
7.80520346897932,1.1844903812264376,202.7964026207741,10.246439093511318
7.845230153435624,1.1909185800224247,202.61729918900096,10.329270999090754
7.885256837891928,1.1973716838172006,202.43741868164133,10.41246537085737
7.9252835223482325,1.203849677414651,202.25676031105374,10.496022617962947
7.965310206804537,1.210352544189575,202.07532331919475,10.579943136249167
8.005336891260841,1.2168802660908755,201.89310697792678,10.664227308090407
8.045363575717145,1.2234328236302536,201.71011058932135,10.748875502253993
8.08539026017345,1.2300101958708538,201.52633348596208,10.83388807376047
8.125416944629754,1.236612360415909,201.3417750312479,10.919265363743904
8.165443629086058,1.24323929340254,201.1564346196631,11.0050076993233
8.205470313542362,1.2498909695272193,200.97031167684503,11.09111539354249
8.245496997998666,1.2565673619801636,200.78340566023425,11.177588745113141
8.28552368245497,1.2632684424454215,200.59571605930455,11.264428038299787
8.325550366911274,1.2699941810965263,200.40724239582113,11.351633542795264
8.365577051367579,1.2767445465855958,200.2179842241408,11.439205513581982
8.405603735823883,1.2835195060324294,200.02794113151242,11.527144190793175
8.445630420280187,1.2903190250136005,199.83711273837687,11.615449799574188
8.485657104736491,1.297143067585641,199.64549869832456,11.704122550079838
8.525683789192795,1.3039915962699544,199.45309869843754,11.79316263731896
8.5657104736491,1.3108645719902414,199.25991246010966,11.882570240809388
8.605737158105404,1.3177619540913608,199.06593973904774,11.972345524558017
8.645763842561708,1.3246837003290954,198.87118032556452,12.062488636924796
8.685790527018012,1.331629766859864,198.67563404487302,12.152999710486412
8.725817211474316,1.3386001082304262,198.47930075738066,12.2438788619
8.76584389593062,1.3455946773769143,198.2821803588674,12.335126191814973
8.805870580386925,1.3526134256777682,198.0842727799965,12.426741785062944
8.845897264843229,1.3596563028489526,197.88557798777953,12.518725710033904
8.885923949299533,1.3667232569545456,197.68609598561193,12.61107801864765
8.925950633755837,1.373814234408177,197.4858268134217,12.70379874627803
8.965977318212142,1.3809291799635144,197.28477054795354,12.796887911620678
9.006004002668446,1.3880680367047515,197.08292730305354,12.890345516560723
9.04603068712475,1.3952307460370919,196.88029722995336,12.984171546040518
9.086057371581054,1.4024172477317005,196.67688051679042,13.078365968253062
9.126084056037358,1.4096274799066737,196.47267738902534,13.172928734452807
9.166110740493663,1.4168613789392175,196.2676881108264,13.26785977835513
9.206137424949967,1.4241188795020348,196.06191298470907,13.363159016278493
9.246164109406271,1.4313999145548248,195.8553523518066,13.458826347018293
9.286190793862575,1.438704415335726,195.64800659214066,13.554861651720255
9.32621747831888,1.4460323113527562,195.43987612489266,13.651264793753885
9.366244162775184,1.4533835303894327,195.230961408458,13.74803561867944
9.406270847231488,1.4607579985875059,195.02126293932253,13.84517395472373
9.446297531687792,1.4681556403000222,194.81078125444745,13.94267961174052
9.486324216144096,1.475576378114701,194.59951693105262,14.040552381294688
9.5263509006004,1.483020132861882,194.38747058663526,14.138792036644555
9.566377585056705,1.4904868236070963,194.17464287922382,14.237398332622794
9.606404269513009,1.497976367643642,193.96103450763167,14.336371005517325
9.646430953969313,1.505488680485157,193.74664621171067,14.435709772952242
9.686457638425617,1.5130236759348215,193.53147877135916,14.535414334311968
9.726484322881921,1.520581266060666,193.31553300705613,14.635484370499752
9.766511007338226,1.5281613610838103,193.0988097818117,14.735919543078918
9.80653769179453,1.5357638694333224,192.88131000040795,14.836719494595316
9.846564376250834,1.543388697740145,192.66303460963076,14.937883848467829
9.886591060707138,1.5510357508309847,192.44398459850186,15.039412208878625
9.926617745163442,1.5587049317221975,192.22416099851165,15.141304160663339
9.966644429619747,1.5663961416331658,192.00356488351832,15.243559269347447
10.00667111407605,1.5741092800993504,191.78219736794523,15.346177081930005
10.046697798532355,1.581844244782958,191.56005961014233,15.449157125400049
10.086724482988659,1.5896009315108568,191.3371528118668,15.552498906956954
10.126751167444963,1.5973792342894555,191.11347821815647,15.656201914058043
10.166777851901267,1.6051790453000798,190.8890371175373,15.760265614319978
10.206804536357572,1.6130002548943483,190.66383084222983,15.86468945542015
10.246831220813876,1.6208427515895512,190.4378607683564,15.969472864998083
10.28685790527018,1.6287064221631835,190.2111283143842,16.074615251335324
10.326884589726484,1.6365911516210834,189.98363494181726,16.180116003042958
10.366911274182788,1.6444968230652168,189.75538215767187,16.285974487961283
10.406937958639093,1.6524233177666967,189.52637151330313,16.392190053670728
10.446964643095397,1.6603705151628427,189.29660460458183,16.498762027406503
10.486991327551701,1.6683382928542212,189.06608307207168,16.605689715973043
10.527018012008005,1.6763265266016858,188.83480860120676,16.712972405658423
10.56704469646431,1.6843350903433805,188.60278292210123,16.82060936231186
10.607071380920614,1.6923638563126682,188.3700078075006,16.9285998322453
10.647098065376918,1.7004126948620426,188.13648507614695,17.0369430407341
10.687124749833222,1.7084814745041141,187.9022165921475,17.14563819229031
10.727151434289526,1.7165700619312227,187.66720426473645,17.25468447076122
10.76717811874583,1.7246783220174786,187.4314500483605,17.364081039284528
10.807204803202135,1.732806117821268,187.19495594275648,17.473827040247087
10.847231487658439,1.7409533105882213,186.95772399301947,17.583921595247404
10.887258172114743,1.749119759744184,186.71975628978592,17.69436380501199
10.927284856571047,1.7573053229013682,186.48105496925868,17.805152749376035
10.967311541027351,1.7655098558751032,186.24162221310698,17.916287487316186
11.007338225483656,1.7737332126808185,186.00146024859282,18.027767056890514
11.04736490993996,1.7819752455388378,185.76057134860358,18.139590475217233
11.087391594396264,1.7902358048796074,185.51895783167654,18.251756738457015
11.127418278852568,1.7985147393493632,185.27662206201566,18.36426482179889
11.167444963308872,1.80681189580713,185.0335664496468,18.477113679385496
11.207471647765177,1.8151271192788678,184.78979345126712,18.590302243936424
11.24749833222148,1.8234602530405646,184.54530556900423,18.703829427282002
11.287525016677785,1.831811138605722,184.30010535072307,18.817694120222985
11.32755170113409,1.840179615723821,184.05419539015412,18.931895192468144
11.367578385590393,1.8485655223866992,183.80757832689187,19.046431492628233
11.407605070046698,1.8569686948352597,183.56025684638774,19.16130184821282
11.447631754503002,1.8653889675665085,183.31223367993576,19.276505065629895
11.487658438959306,1.8738261733280275,183.06351160481003,19.392039930123122
11.52768512341561,1.882280143129071,182.81409344419657,19.507905205794323
11.567711807871914,1.890750706262983,182.56398206698472,19.624099635684466
11.607738492328219,1.8992376903062547,182.31318038784127,19.740621941737604
11.647765176784523,1.9077409211266216,182.06169136717205,19.85747082481167
11.687791861240827,1.9162602228914543,181.80951801107764,19.974644964692
11.727818545697131,1.924795418076448,181.556663371303,20.09214302010746
11.767845230153435,1.933346327475382,181.30313054514983,20.209963628763976
11.80787191460974,1.9419127702136572,181.04892267524488,20.32810540744654
11.847898599066044,1.9504945637515996,180.794042949722,20.44656695192468
11.887925283522348,1.959091523896028,180.53849460208028,20.565346837011393
11.927951967978652,1.9677034648111675,180.2822809110741,20.684443616606696
11.967978652434956,1.9763301990292705,180.0254052006212,20.8038558237327
12.00800533689126,1.9849715374615369,179.76787083970405,20.92358197057154
12.048032021347565,1.9936272894093472,179.5096812422648,21.04362054850609
12.088058705803869,2.0022972625782347,179.25083986697555,21.16397002822054
12.128085390260173,2.0109812630889685,178.99135021715753,21.284628859729153
12.168112074716477,2.0196790954871346,178.73121584078243,21.40559547236559
12.208138759172781,2.02839056275727,178.47044033025998,21.526868274874598
12.248165443629086,2.0371154663357336,178.20902732229627,21.648445655469345
12.28819212808539,2.0458536061238712,177.9469804977457,21.770325981891883
12.328218812541694,2.0546047805015024,177.6843035814558,21.892507601476517
12.368245496997998,2.063368786340861,177.4210003420856,22.014988841226373
12.408272181454302,2.0721454190215054,177.1570745918281,22.13776800793644
12.448298865910607,2.0809344724435364,176.89253018639914,22.260843388185602
12.48832555036691,2.089735739042655,176.62737102481023,22.384213248434357
12.528352234823215,2.098549009805341,176.3616010491626,22.507875835112173
12.56837891927952,2.107374074284224,176.0952242444487,22.631829374700718
12.608405603735823,2.1162107206137777,175.82824463834692,22.756072073820132
12.648432288192128,2.12505873552632,175.56066630100977,22.880602119318368
12.688458972648432,2.1339179043670136,175.29249334479198,23.00541767839144
12.728485657104736,2.1427880111109556,175.0237299240437,23.13051689866915
12.76851234156104,2.1516688383814166,174.7543802349302,23.255897908286208
12.808539026017344,2.1605601674662123,174.4844485151573,23.381558816002553
12.848565710473649,2.1694617783352115,174.21393904372286,23.507497711309302
12.888592394929953,2.178373449658151,173.94285614066158,23.63371266453792
12.928619079386257,2.1872949588227626,173.67120416678264,23.76020172697251
12.968645763842561,2.196226081952367,173.3989875233972,23.886962930967673
13.008672448298865,2.2051665939204685,173.12621065202705,24.01399429007916
13.04869913275517,2.2141162683761015,172.85287803414462,24.14129379916736
13.088725817211474,2.223074877761384,172.5789941908761,24.268859434527496
13.128752501667778,2.2320421933304933,172.30456368270214,24.39668915401967
13.168779186124082,2.2410179851694876,172.0295911091528,24.52478089720054
13.208805870580386,2.2500020222164347,171.7540811084965,24.65313258545815
13.24883255503669,2.2589940722818334,171.47803835742107,24.781742122149954
13.288859239492995,2.267993902063659,171.20146757073877,24.91060739273468
13.328885923949299,2.2770012771706236,170.92437350104206,25.039726264920347
13.368912608405603,2.2860159621487877,170.64676093833555,25.169096588820537
13.408939292861907,2.2950377204995243,170.36863470970917,25.298716197099033
13.448965977318212,2.3040663147011995,170.0899996789863,25.428582905123417
13.488992661774516,2.313101506231147,169.8108607463643,25.55869451112163
13.52901934623082,2.3221430555879214,169.53122284804894,25.689048796341854
13.569046030687124,2.3311907223118715,169.2510909559003,25.819643525208033
13.609072715143428,2.340244264998648,168.97047007714227,25.95047644545104
13.649099399599733,2.349303441336662,168.6893652538386,26.08154528833174
13.689126084056037,2.358368008126248,168.40778156253967,26.21284776879757
13.729152768512341,2.3674377213018247,168.1257241138971,26.3443815856523
13.769179452968645,2.3765123359555194,167.8431980522593,26.476144421733533
13.80920613742495,2.385591606361064,167.56020855526094,26.60813394409319
13.849232821881253,2.394675285997934,167.27676083340563,26.740347804180953
13.889259506337558,2.4037631275655316,166.9928601297655,26.872783637979758
13.929286190793862,2.4128548830123067,166.70851171949698,27.00543906621762
13.969312875250166,2.4219503035696768,166.42372090929476,27.13831169460532
14.00933955970647,2.4310491397708707,166.13849303702435,27.271399114000392
14.049366244162774,2.4401511414759893,165.85283347127677,27.404698900603922
14.089392928619079,2.4492560578973115,165.56674761091585,27.538208616160347
14.129419613075383,2.4583636376248332,165.28024088461993,27.671925808160125
14.169446297531687,2.4674736286489054,164.99331875045996,27.80584801002704
14.209472981987991,2.4765857783721126,164.7059866956233,27.939972741243928
14.249499666444295,2.4856998336576446,164.41825023563123,28.074297507693736
14.2895263509006,2.4948155408490966,164.13011491394678,28.208819801834746
14.329553035356904,2.5039326457949516,163.84158630151558,28.343537102904772
14.369579719813208,2.5130508938750404,163.552669996276,28.478446877138513
14.409606404269512,2.5221700300272136,163.26337162266375,28.613546577987634
14.449633088725816,2.5312897987741874,162.97369683111003,28.74883364634341
14.48965977318212,2.540409944236123,162.68365129775313,28.88430551066811
14.529686457638425,2.5495302101647535,162.39324072382163,29.019959587267724
14.569713142094729,2.5586503399828193,162.1024708349352,29.155793280600598
14.609739826551033,2.5677700768030784,161.8113473807101,29.291803983454717
14.649766511007337,2.5768891634556383,161.51987613423682,29.42798907718061
14.689793195463642,2.586007342515477,161.22806289155182,29.564345931926713
14.729819879919946,2.595124356330134,160.93591347110387,29.700871906877357
14.76984656437625,2.604239947043351,160.6434337132831,29.83756435046362
14.809873248832554,2.6133538566050323,160.35062948016767,29.97442060047969
14.849899933288858,2.6224658268281558,160.05750665451194,30.111437984529438
14.889926617745163,2.631575599408228,159.7640711393348,30.248613820211972
14.929953302201467,2.640682915949041,159.4703288574044,30.38594541535249
14.969979986657771,2.649787517990722,159.17628575068298,30.523430068250708
15.010006671114075,2.6588891470379417,158.8819477797663,30.661065067931556
15.05003335557038,2.6679875445881978,158.58732092332014,30.798847694397743
15.090060040026684,2.6770824521423213,158.29241117781487,30.936775218751258
15.130086724482988,2.68617361124218,157.99722455679685,31.07484490351857
15.170113408939292,2.695260763513278,157.70176709007393,31.2130540030135
15.210140093395596,2.704343650683217,157.40604482330787,31.35139976352165
15.2501667778519,2.7134220146099937,157.11006381743772,31.489879423559376
15.290193462308205,2.722495597310391,156.8138301480988,31.62849021413466
15.330220146764509,2.7315641409884748,156.51734990503755,31.76722935900997
15.370246831220815,2.7406273880591,156.22062919161246,31.906094074927307
15.410273515677119,2.749685081155972,155.92367412456716,32.04508157171339
15.450300200133423,2.75873696319364,155.6264908328427,32.184189052808705
15.490326884589727,2.76778277738577,155.32908545716464,32.323413715455175
15.530353569046031,2.7768222672709477,155.03146414949305,32.462752750944
15.570380253502336,2.7858551767409456,154.73363307242727,32.60220334488409
15.61040693795864,2.794881250069045,154.43559839860666,32.741762677472
15.650433622414944,2.8039002319383144,154.13736631010983,32.88142792376294
15.690460306871248,2.8129118674499303,153.838942998221,33.021196253778896
15.730486991327552,2.8219159021625018,153.54033466262004,33.16106483287261
15.770513675783857,2.8309120821351184,153.24154751050148,33.30103082212327
15.81054036024016,2.8399001539446433,152.94258775616748,33.44109137852197
15.850567044696465,2.848879864713529,152.6434616204237,33.581243655244755
15.89059372915277,2.85785096213764,152.34417532997298,33.72148480192691
15.930620413609073,2.8668131945140893,152.0447351168058,33.86181196493856
15.970647098065378,2.8757663107635163,151.745147217696,34.00222228761379
16.010673782521682,2.8847100604364995,151.4454178739983,34.14271291034495
16.050700466977986,2.8936441937764563,151.14555333035798,34.28328097116247
16.09072715143429,2.902568461736046,150.84555983431198,34.42392360591717
16.130753835890594,2.911482616001793,150.5454436357293,34.56463794853428
16.1707805203469,2.9203864090211056,150.24521098620372,34.705421131289185
16.210807204803203,2.9292795940292433,149.9448681384439,34.84627028508388
16.250833889259507,2.9381619250761504,149.64442134566517,34.98718253972352
16.29086057371581,2.9470331570327524,149.3438768613881,35.12815502401025
16.330887258172115,2.955893045629594,149.04324093858904,35.26918486612782
16.37091394262842,2.9647413474975655,148.74251982880637,35.410269194046016
16.410940627084724,2.973577820183494,148.44171978174646,35.55140513570133
16.450967311541028,2.982402222176046,148.14084704468138,35.6925898192712
16.490993995997332,2.9912143129315454,147.8399078618457,35.833820373448646
16.531020680453636,3.0000138528997033,147.53890847383275,35.9750939277173
16.57104736490994,3.008800603543707,147.2378551171058,36.11640761257505
16.611074049366245,3.0175743273453826,146.9367540238163,36.2577585596192
16.65110073382255,3.0263347878645415,146.63561142049446,36.39914390213961
16.691127418278853,3.0350817497530436,146.33443352767767,36.54056077528965
16.731154102735157,3.043814978777067,146.03322655936665,36.682006316335084
16.77118078719146,3.0525342418414927,145.73199672243413,36.82347766492412
16.811207471647766,3.0612393070141475,145.43075021603502,36.964971963357115
16.85123415610407,3.069929943549819,145.12949323101853,37.106486356855584
16.891260840560374,3.078605921897886,144.8282319496923,37.248017993671915
16.93128752501668,3.087267013734693,144.5269725450486,37.38956402544279
16.971314209472983,3.095912991997259,144.22572117995833,37.53112160755695
17.011340893929287,3.1045436308980583,143.92448400677256,37.672687899338875
17.05136757838559,3.113158705947232,143.62326716676108,37.814260064306566
17.091394262841895,3.1217579939745215,143.3220767895535,37.955835270427905
17.1314209472982,3.130341273150913,143.02091899258482,38.09741069037548
17.171447631754504,3.13890832301071,142.71979988053326,38.23898350178454
17.211474316210808,3.1474589244752305,142.4187255447336,38.38055088752168
17.251501000667112,3.155992859869358,142.11770206269694,38.52211003590758
17.291527685123416,3.1645099129433794,141.8167354975513,38.66365814097413
17.33155436957972,3.1730098688934634,141.5158318975014,38.805192402712905
17.371581054036024,3.181492514381515,141.21499729529862,38.94671002731975
17.41160773849233,3.1899576375546945,140.91423770771462,39.08820822743743
17.451634422948633,3.198405028064632,140.6135591350203,39.22968422239616
17.491661107404937,3.2068344770951196,140.31296756029928,39.371135238528005
17.53168779186124,3.2152457773755785,140.01246894903386,39.51255850935984
17.571714476317545,3.2236387231939725,139.7120692486995,39.65395127580253
17.61174116077385,3.2320131104190413,139.4117743881793,39.795310786420664
17.651767845230154,3.240368736518133,139.11159027726103,39.93663429766533
17.691794529686458,3.248705400574667,138.81152280613983,40.07791907410451
17.731821214142762,3.2570229033052382,138.5115778449268,40.21916238865107
17.771847898599066,3.265321047078974,138.21176124311225,40.36036152281077
17.81187458305537,3.2735996359430284,137.91207882891015,40.501513766983614
17.851901267511675,3.28185847562404,137.61253640906276,40.64261642055984
17.89192795196798,3.290097373548919,137.31313976827275,40.783666792182245
17.931954636424283,3.2983161388615185,137.01389466871302,40.92466219997392
17.971981320880587,3.3065145824380684,136.71480684955878,41.06559997175593
18.01200800533689,3.314692516902257,136.41588202652565,41.20647744526279
18.052034689793196,3.3228497566399975,136.11712589141212,41.34729196835554
18.0920613742495,3.330986117817289,135.81854411158855,41.488040899258785
18.132088058705804,3.339101418392187,135.52014232958706,41.62872160675312
18.17211474316211,3.347195478126578,135.22192616269467,41.76933147036641
18.212141427618413,3.355268118601199,134.92390120248956,41.90986788058983
18.252168112074717,3.363319163228777,134.62607301441003,42.05032823907973
18.29219479653102,3.3713484372667994,134.32844713732936,42.190709958856964
18.332221480987325,3.3793557678299297,134.0310290831359,42.33101046450358
18.37224816544363,3.3873409839027304,133.73382433630988,42.471227192361496
18.412274849899934,3.395303916353558,133.43683835348082,42.61135759073895
18.452301534356238,3.4032443979423097,133.14007656308308,42.75139912007492
18.492328218812542,3.411162263332666,132.84354436494047,42.89134925313378
18.532354903268846,3.4190573491030234,132.54724712987243,43.03120547519094
18.57238158772515,3.426929493756835,132.25119019930955,43.17096528421415
18.612408272181455,3.4347785377325963,131.95537888491572,43.31062619104209
18.65243495663776,3.4426043234134873,131.65981846821614,43.45018571956027
18.692461641094063,3.4504066951389945,131.36451420019225,43.58964140689142
18.732488325550367,3.4581854992123238,131.06947130094738,43.72899080355472
18.77251501000667,3.465940583907705,130.7746949593754,43.86823147362421
18.812541694462976,3.4736717994796646,130.4801903327955,44.007360994901326
18.85256837891928,3.4813789981709284,130.18596254661156,44.14637695907715
18.892595063375584,3.4890620342199408,129.89201669397747,44.28527697189178
18.932621747831888,3.4967207638680198,129.59835783546984,44.424058653290615
18.972648432288192,3.50435504536687,129.3049909987541,44.56271963758322
19.012675116744497,3.5119647389872717,129.01192117823044,44.7012575736115
19.0527018012008,3.5195497070213837,128.71915333479234,44.839670124867816
19.092728485657105,3.527109813789803,128.42669239550173,44.97795496965018
19.13275517011341,3.5346449256472114,128.1345432532893,45.11610980120596
19.172781854569713,3.5421549109874553,127.84271076666552,45.25413232787124
19.212808539026017,3.5496396402482633,127.5511997594383,45.39202027320693
19.25283522348232,3.5570989859156135,127.26001502043711,45.52977137613214
19.292861907938626,3.5645328225298325,126.96916130320588,45.667383391071326
19.33288859239493,3.571941026688008,126.67864332576357,45.80485408807147
19.372915276851234,3.579323477046317,126.38846577036705,45.94218125291816
19.41294196130754,3.5866800543239434,126.09863328324471,46.079362687264684
19.452968645763843,3.5940106413058284,125.80915047435215,46.21639620875124
19.492995330220147,3.6013151228450653,125.52002191713476,46.353279651121106
19.53302201467645,3.6085933858649692,125.23125214829666,46.49001086433407
19.573048699132755,3.6158453193607727,124.94284566757665,46.62658771467649
19.61307538358906,3.623070814400904,124.65480693753112,46.76300808486863
19.653102068045364,3.6302697641282564,124.36714038332194,46.89926987416922
19.693128752501668,3.637442063760864,124.07985039251245,47.03537099847678
19.733155436957972,3.644587610592304,123.79294131486952,47.17130939042812
19.773182121414276,3.6517063039918,123.50641746217227,47.30708299949386
19.81320880587058,3.6587980454039988,123.22028310802713,47.44268979207099
19.853235490326885,3.665862738348429,122.93454248768974,47.57812775157255
19.89326217478319,3.6729002884180204,122.64919979790268,47.713394878510265
19.933288859239493,3.6799106032783384,122.36425919672426,47.84848919058079
19.973315543695797,3.6868935926664035,122.07972480336524,47.98340872274866
20.0133422281521,3.693849168388636,121.79560069804081,48.11815152732236
20.053368912608406,3.7007772443187577,121.51189092182499,48.25271567402929
20.09339559706471,3.7076777363953966,121.22859947651132,48.387099250087765
20.133422281521014,3.7145505626193938,120.94573032448012,48.521300360276285
20.173448965977318,3.721395643050458,120.66328738857797,48.65531712699725
20.213475650433622,3.7282128998027866,120.38127455201517,48.789147690332534
20.253502334889927,3.7350022570432873,120.09969565822323,48.92279020811686
20.29352901934623,3.741763640987053,119.81855451075802,49.05624285599067
20.333555703802535,3.7484969798930767,119.53785487320103,49.189503827453954
20.37358238825884,3.755202204059776,119.25760046906551,49.32257133391792
20.413609072715143,3.761879245820237,118.97779498170856,49.45544360475371
20.453635757171448,3.7685280395371827,118.69844205424967,49.58811888733845
20.49366244162775,3.7751485215969542,118.41954528950676,49.72059544709337
20.533689126084056,3.781740630404407,118.14110824991951,49.85287156752748
20.57371581054036,3.788304306377367,117.86313445748155,49.98494555027715
20.613742494996664,3.79483949194023,117.5856273936881,50.116815715139
20.65376917945297,3.801346131517562,117.30859049948566,50.24848040010158
20.693795863909273,3.8078241715274532,117.03202717522753,50.3799379613746
20.733822548365577,3.8142735603746214,116.75594078063499,50.511186773415375
20.77384923282188,3.8206942484431656,116.48033463476624,50.64222522895195
20.813875917278185,3.8270861880889258,116.20521201599291,50.7730517390027
20.85390260173449,3.8334493336322586,115.93057616197339,50.90366473289725
20.893929286190794,3.8397836413500137,115.65643026963963,51.03406265829124
20.933955970647098,3.846089069467384,115.3827774951883,51.16424398117934
20.973982655103402,3.8523655781495543,115.10962095407706,51.29420718590569
21.014009339559706,3.858613129493128,114.8369637210266,51.42395077517181
21.05403602401601,3.864831687517322,114.5648088300281,51.553473270042
21.094062708472315,3.8710212181546964,114.29315927436002,51.68277320994453
21.13408939292862,3.8771816892420903,114.02201800660411,51.811849152673055
21.174116077384923,3.8833130705112726,113.75138793866793,51.94069967438514
21.214142761841227,3.8894153335791892,113.48127194181541,52.06932336959692
21.25416944629753,3.8954884519380935,113.21167284670182,52.19771885117608
21.294196130753836,3.9015324009454844,112.94259344341344,52.32588475033223
21.33422281521014,3.9075471578138483,112.67403648151269,52.45381971660516
21.374249499666444,3.9135327016001273,112.40600467008963,52.58152241784998
21.41427618412275,3.9194890131948585,112.13850067782079,52.70899154021902
21.454302868579052,3.9254160753117358,111.8715271330231,52.83622578814551
21.494329553035357,3.9313138724764585,111.6050866237217,52.96322388432151
21.53435623749166,3.937182391015539,111.33918169772025,53.08998456967424
21.574382921947965,3.943021619044942,111.07381486267589,53.21650660334043
21.61440960640427,3.948831546458565,110.80898858617898,53.34278876263839
21.654436290860573,3.954612164916551,110.54470529583755,53.46882984303793
21.694462975316878,3.9603634678331887,110.28096737937061,53.594628658126304
21.734489659773182,3.966085450365095,110.01777718469877,53.72018403957516
21.774516344229486,3.97177810939916,109.75513702004068,53.84549483710481
21.81454302868579,3.977441443540148,109.49304915401727,53.97055991844509
21.854569713142094,3.9830754530982535,109.23151581575863,54.095378169294655
21.8945963975984,3.98868014007651,108.9705391950155,54.21994849327852
21.934623082054703,3.9942555081580764,108.71012144227463,54.34426981190356
21.974649766511007,3.9998015626933143,108.4502646688796,54.46834106451135
22.01467645096731,4.00531831068662,108.19097094715801,54.59216120822844
22.054703135423615,4.010805760783645,107.93224231054387,54.715729217918394
22.09472981987992,4.016263923257932,107.67408075371134,54.839044086128766
22.134756504336224,4.021692809997575,107.416488232711,54.96210482303687
22.174783188792528,4.027092434491748,107.15946666510948,55.084910456393914
22.214809873248832,4.0324628118171395,106.90301793013303,55.207460031467434
22.254836557705136,4.037803958624286,106.64714386881455,55.32975261098177
22.29486324216144,4.043115893123812,106.39184628414466,55.4517872750571
22.334889926617745,4.048398635072545,106.13712694122573,55.573563121146584
22.37491661107405,4.05365220575957,105.88298756743022,55.69507926397195
22.414943295530353,4.058876627992165,105.62942985256163,55.81633483545742
22.454969979986657,4.064071926081686,105.37645544901939,55.93732898466208
22.49499666444296,4.0692381258293455,105.12406597196677,56.05806087771064
22.535023348899266,4.074375254511923,104.87226299950215,56.178529697722695
22.57505003335557,4.079483340867416,104.62104807283303,56.298734644740605
22.615076717811874,4.084562415080642,104.37042269645319,56.418674935655865
22.65510340226818,4.08961250876868,104.12038833832396,56.53834980413373
22.695130086724483,4.09463365496633,103.87094643005717,56.65775850053664
22.735156771180787,4.099625888111493,103.62209836710161,56.7769002918464
22.77518345563709,4.104589244030506,103.37384550893212,56.895774461584814
22.815210140093395,4.1095237599234,103.12618917924131,57.014380309733056
22.8552368245497,4.11442947434914,102.8791306661344,57.13271715264977
22.895263509006003,4.119306427210907,102.63267122232438,57.25078432298863
22.935290193462308,4.124154659741159,102.3868120653332,57.36858116961341
22.975316877918612,4.128974214486706,102.14155437769438,57.486107057512086
23.015343562374916,4.133765135293807,101.89689930715714,57.60336136771042
23.05537024683122,4.138527467293217,101.65284796689308,57.72034349718399
23.095396931287524,4.143261256885197,101.40940143570565,57.83705285876917
23.13542361574383,4.1479665517245055,101.16656075824137,57.95348888107307
23.175450300200133,4.152643400705398,100.92432694520294,58.069651008382614
23.215476984656437,4.157291853946671,100.6827009735634,58.18553870057302
23.25550366911274,4.161911962776435,100.44168378678621,58.3011514330135
23.295530353569045,4.166503779717116,100.20127629504414,58.41648869647362
23.33555703802535,4.171067358470359,99.96147937544026,58.531549997028264
23.375583722481654,4.175602753901967,99.72229387223155,58.64633485596171
23.415610406937958,4.180110022026797,99.4837205970536,58.76084280967078
23.455637091394262,4.184589219993687,99.24576032914766,58.875073409567186
23.495663775850566,4.1890404060704185,99.00841381558796,58.989026221979415
23.53569046030687,4.193463639628611,98.77168177151233,59.10270082805309
23.575717144763175,4.19785898112864,98.53556488035396,59.21609682365094
23.61574382921948,4.202226492104599,98.30006379407384,59.329213819252026
23.655770513675783,4.20656623514928,98.06517913339516,59.44205143985027
23.695797198132087,4.210878273899136,97.83091148803892,59.55460932485232
23.73582388258839,4.2151626730193055,97.59726141696066,59.66688712797468
23.775850567044696,4.219419498188636,97.36422944858866,59.77888451714027
23.815877251501,4.223648816084767,97.13181608106262,59.8906011743745
23.855903935957304,4.227850694369172,96.90002178247478,60.00203679570045
23.89593062041361,4.232025201672286,96.668846991111,60.11319109103359
23.935957304869913,4.236172407578659,96.438292115693,60.224063784076236
23.975983989326217,4.240292382612138,96.2083575356219,60.33465461221118
24.01601067378252,4.244385198221088,95.97904360122224,60.44496332639505
24.056037358238825,4.2484509267636605,95.750350633987,60.55498969105111
24.09606404269513,4.252489641493123,95.52227892682292,60.66473348396188
24.136090727151434,4.256501416543192,95.29482874429739,60.77419449616095
24.176117411607738,4.260486326913424,95.06800032288551,60.88337253182458
24.216144096064042,4.264444448454672,94.84179387121803,60.99226740816303
24.256170780520346,4.268375857854597,94.61620957032925,61.10087895531152
24.29619746497665,4.272280632623211,94.39124757390613,61.20920701622083
24.336224149432955,4.276158851078497,94.16690800853738,61.31725144654761
24.37625083388926,4.280010592332081,93.94319097396303,61.42501211454458
24.416277518345563,4.283835936274983,93.72009654332426,61.53248890095047
24.456304202801867,4.287634963563371,93.4976247634141,61.639681698879414
24.49633088725817,4.291407755604432,93.27577565492787,61.74659041371043
24.536357571714476,4.295154394542294,93.05454921271414,61.8532149629767
24.57638425617078,4.298874963244012,92.83394540602542,61.9595552762547
24.616410940627084,4.30256954528562,92.61396417876949,62.065611295053095
24.656437625083388,4.306238224938268,92.3946054497604,62.17138297270161
24.696464309539692,4.309881087154433,92.17586911296944,62.276870274240046
24.736490993995996,4.313498217554184,91.95775503777651,62.38207317630666
24.7765176784523,4.317089702411517,91.74026306922144,62.48699166702694
24.816544362908605,4.320655628640788,91.52339302825494,62.59162574590211
24.85657104736491,4.324196083783226,91.30714471198951,62.69597542369782
24.896597731821213,4.327711155993506,91.09151789394997,62.80004072233268
24.936624416277517,4.331200934026421,90.87651232432435,62.903821674766945
24.97665110073382,4.3346655072236295,90.66212773021371,63.00731832489114
25.016677785190126,4.338104965500506,90.44836381588199,63.11053072741502
25.05670446964643,4.341519399333027,90.23522026300604,63.213458947756024
25.096731154102734,4.344908899744788,90.02269673092492,63.31610306192835
25.13675783855904,4.348273558294093,89.8107928568884,63.418463156431955
25.176784523015343,4.351613467061128,89.59950825630551,63.520539328141666
25.216811207471647,4.3549287186352394,89.38884252299265,63.62233168419649
25.25683789192795,4.358219406102279,89.17879522942073,63.72384034188907
25.296864576384255,4.361485623032093,88.96936592696181,63.82506542855549
25.33689126084056,4.3647274634660285,88.7605541461356,63.92600708146489
25.376917945296864,4.367945021904583,88.5523593968554,64.02666544770959
25.416944629753168,4.371138393295136,88.34478116867272,64.12704068409523
25.456971314209472,4.374307673019779,88.13781893102191,64.22713295703153
25.496997998665776,4.377452956883236,87.93147213346359,64.32694244242269
25.53702468312208,4.3805743411008855,87.72574020592756,64.42646932555876
25.577051367578385,4.383671922286893,87.52062255895504,64.52571380100675
25.61707805203469,4.3867457974424235,87.3161185839395,64.62467607250237
25.657104736490993,4.389796063943953,87.11222765336775,64.72335635284195
25.697131420947297,4.392822819531686,86.9089491210594,64.82175486377442
25.7371581054036,4.3958261622980785,86.70628232240554,64.91987183589416
25.777184789859906,4.398806190676451,86.50422657460679,65.01770750853375
25.81721147431621,4.401763003429715,86.30278117691002,65.11526212965728
25.857238158772514,4.404696699639196,86.10194541084454,65.21253595575409
25.897264843228818,4.407607378693565,85.90171854045653,65.30952925173281
25.937291527685122,4.41049514027787,85.70209981254371,65.40624229081567
25.977318212141427,4.413360084362651,85.50308845688795,65.5026753544334
26.01734489659773,4.416202311193196,85.3046836864873,65.5988287321205
26.057371581054035,4.419021921278868,85.10688469778678,65.69470272141072
26.09739826551034,4.421819015382567,84.90969067090833,65.79029762773354
26.137424949966643,4.4245936945102695,84.71310076987902,65.88561376431032
26.177451634422948,4.427346059900692,84.51711414285897,65.98065145205169
26.21747831887925,4.43007621301506,84.32172992236721,66.07541101945488
26.257505003335556,4.432784255526969,84.12694722550734,66.16989280250161
26.29753168779186,4.435470289312358,83.93276515419133,66.26409714455663
26.337558372248164,4.4381344164395875,83.73918279536231,66.35802439626659
26.37758505670447,4.440776739159641,83.54619922121614,66.45167491545955
26.417611741160773,4.443397359896403,83.35381348942168,66.54504906704489
26.457638425617077,4.4459963812370695,83.16202464333995,66.63814722291372
26.49766511007338,4.44857390592266,82.9708317122416,66.73096976184004
26.537691794529685,4.451130036838618,82.78023371152372,66.82351706938228
26.57771847898599,4.453664877005544,82.59022964292484,66.915789537785
26.617745163442294,4.456178529570012,82.40081849473907,67.00778756588203
26.657771847898598,4.458671097795514,82.21199924202827,67.0995115589992
26.697798532354902,4.461142685053489,82.0237708468336,67.19096192885831
26.737825216811206,4.463593394814483,81.83613225838512,67.28213909348139
26.77785190126751,4.466023330639395,81.64908241331031,67.37304347709552
26.817878585723815,4.468432596170842,81.46262023584116,67.46367551003841
26.85790527018012,4.470821295124625,81.27674463801978,67.55403562866434
26.897931954636423,4.473189531281291,81.09145451990302,67.6441242752507
26.937958639092727,4.475537408477826,80.90674876976503,67.7339418979054
26.97798532354903,4.477865030599432,80.72262626429884,67.82348895047457
27.018012008005336,4.480172501571417,80.53908586881654,67.91276589245096
27.05803869246164,4.482459925351184,80.35612643744763,68.00177318888315
27.098065376917944,4.484727405920341,80.17374681333627,68.090511310285
27.13809206137425,4.486975047276905,79.99194582883695,68.17898073254612
27.178118745830552,4.4892029534276,79.8107223057088,68.26718193684262
27.218145430286857,4.491411228380271,79.63007505530838,68.35511540954863
27.25817211474316,4.4935999761364185,79.45000287878092,68.44278164214849
27.298198799199465,4.495769300683794,79.27050456725004,68.53018113114955
27.33822548365577,4.497919305989136,79.09157890200625,68.61731437799558
27.378252168112073,4.500050095990996,78.91322465469368,68.7041818889808
27.418278852568378,4.502161774592663,78.73544058749538,68.79078417516466
27.458305537024682,4.504254445655194,78.55822545331708,68.87712175228698
27.498332221480986,4.506328212990541,78.38157799596989,68.96319514068429
27.53835890593729,4.508383180354794,78.20549695035064,69.0490048652061
27.578385590393594,4.510419451441503,78.02998104262154,69.13455145513247
27.6184122748499,4.512437129875119,77.85502899038778,69.21983544409174
27.658438959306203,4.514436319204518,77.68063950287387,69.30485736997939
27.698465643762507,4.516417122896642,77.50681128109834,69.38961777487701
27.73849232821881,4.51837964433022,77.33354301804695,69.47411720497247
27.778519012675115,4.520323986789607,77.16083339884457,69.5583562104804
27.81854569713142,4.522250253458704,76.98868110092505,69.64233534556332
27.858572381587724,4.524158547414983,76.81708479420016,69.7260551682538
27.898599066044028,4.526048971623604,76.64604314122661,69.80951624037671
27.938625750500332,4.527921628931643,76.47555479737153,69.89271912747274
27.978652434956636,4.5297766220623865,76.30561841097672,69.97566439872215
28.01867911941294,4.531614053609748,76.13623262352101,70.0583526268693
28.058705803869245,4.533434026032771,75.96739606978149,70.14078438814796
28.09873248832555,4.535236641650223,75.79910737799271,70.22296026220715
28.138759172781853,4.5370220026352746,75.63136517000488,70.30488083203775
28.178785857238157,4.538790211010298,75.4641680614403,70.38654668389964
28.21881254169446,4.540541368641719,75.2975146618481,70.46795840724961
28.258839226150766,4.542275577234999,75.13140357485771,70.54911659466997
28.29886591060707,4.543992938329685,74.96583339833094,70.6300218417977
28.338892595063374,4.545693553294542,74.80080272451193,70.71067474725436
28.37891927951968,4.5473775233228055,74.6363101401764,70.79107591257666
28.418945963975982,4.549044949427501,74.47235422677882,70.87122594214757
28.458972648432287,4.550695932436848,74.30893356059819,70.95112544312825
28.49899933288859,4.552330572989769,74.14604671288244,71.03077502539061
28.539026017344895,4.553948971531476,73.98369224999124,71.11017530145044
28.5790527018012,4.555551228309132,73.82186873353741,71.18932688640128
28.619079386257503,4.5571374433676235,73.66057472052663,71.26823039784891
28.659106070713808,4.558707716545391,73.4998087634959,71.34688645584649
28.699132755170112,4.560262147470374,73.33956941065038,71.42529568283038
28.739159439626416,4.561800835556012,73.17985520599878,71.50345870355666
28.77918612408272,4.563323879997336,73.02066468948719,71.58137614503816
28.819212808539024,4.564831379767159,72.8619963971317,71.65904863648227
28.85923949299533,4.56632343361232,72.70384886114932,71.73647680922932
28.899266177451633,4.567800140050034,72.54622061008745,71.8136612966916
28.939292861907937,4.569261597364305,72.38911016895199,71.89060273429318
28.97931954636424,4.570707903602435,72.23251605933407,71.96730175941015
29.019346230820545,4.572139156571594,72.07643679953506,72.04375901131148
29.05937291527685,4.573555453835485,71.92087090469042,72.11997513110099
29.099399599733154,4.574956892711074,71.76581688689207,72.19595076165913
29.139426284189458,4.576343570265404,71.61127325530913,72.27168654758633
29.179452968645762,4.5777155833124805,71.45723851630761,72.34718313514603
29.219479653102066,4.579073028410233,71.30371117356842,72.42244117220915
29.25950633755837,4.58041600185756,71.15068972820389,72.49746130819875
29.299533022014675,4.581744599691439,70.9981726788733,72.57224419403536
29.33955970647098,4.583058917684113,70.8461585218965,72.64679048208303
29.379586390927283,4.584359051340348,70.69464575136665,72.7211008260959
29.419613075383587,4.585645095894762,70.54363285926114,72.79517588116543
29.45963975983989,4.586917146309238,70.39311833555153,72.86901630366825
29.499666444296196,4.588175297270383,70.24310066831194,72.94262275121457
29.5396931287525,4.58941964318708,70.09357834382594,73.01599588259722
29.579719813208804,4.5906502781880985,69.9445498466924,73.08913635774127
29.61974649766511,4.59186729611978,69.79601365992984,73.16204483765439
29.659773182121413,4.593070790543783,69.64796826507934,73.23472198437753
29.699799866577717,4.594260854734908,69.50041214230643,73.30716846093638
29.73982655103402,4.595437581678973,69.35334377050133,73.37938493129347
29.779853235490325,4.596601064070764,69.20676162737819,73.45137206030066
29.81987991994663,4.597751394312057,69.06066418957288,73.52313051365232
29.859906604402934,4.598888664509692,68.91504993273928,73.5946609578391
29.899933288859238,4.600012966473724,68.76991733164486,73.66596406010233
29.939959973315542,4.601124391715629,68.62526486026424,73.73704048838884
29.979986657771846,4.602223031446574,68.48109099187216,73.8078909113064
30.02001334222815,4.60330897657575,68.33739419913485,73.87851599807985
30.060040026684455,4.60438231770877,68.19417295420006,73.94891641850757
30.10006671114076,4.6054431451461175,68.05142572878636,74.01909284291865
30.140093395597063,4.606491548881672,67.90915099427038,74.08904594213062
30.180120080053367,4.607527618601275,67.76734722177368,74.15877638740778
30.22014676450967,4.608551443681382,67.62601288224789,74.22828485041974
30.260173448965975,4.6095631131877335,67.4851464465587,74.29757200320103
30.30020013342228,4.61056271587413,67.34474638556885,74.36663851811075
30.340226817878584,4.611550340181218,67.20481117021977,74.43548506779321
30.380253502334888,4.612526074235374,67.06533927161207,74.50411232513852
30.420280186791192,4.613490005847615,66.92632916108506,74.57252096324441
30.460306871247496,4.614442222512584,66.78777931029461,74.64071165537797
30.5003335557038,4.615382811407566,66.64968819129038,74.70868507493823
30.540360240160105,4.616311859391603,66.51205427659171,74.7764418954193
30.58038692461641,4.617229453004607,66.37487603926228,74.84398279037367
30.620413609072713,4.618135678466566,66.23815195298371,74.91130843337633
30.660440293529017,4.619030621676797,66.10188049212825,74.9784194979895
30.70046697798532,4.619914368213222,65.9660601318299,75.04531665772733
30.74049366244163,4.620787003331746,65.83068934805502,75.11200058602167
30.780520346897934,4.6216486119656395,65.6957666176713,75.17847195618809
30.820547031354238,4.622499278725,65.56129041851598,75.24473144139223
30.860573715810542,4.623339087896248,65.4272592294627,75.31077971461707
30.900600400266846,4.624168123441688,65.29367153048797,75.37661744863009
30.94062708472315,4.624986468999095,65.16052580273553,75.44224531595148
30.980653769179455,4.625794207881381,65.02782052858065,75.50766398882246
31.02068045363576,4.626591423076281,64.89555419169285,75.57287413917419
31.060707138092063,4.627378197246101,64.76372527709768,75.63787643859703
31.100733822548367,4.628154612727514,64.63233227123754,75.70267155831061
31.14076050700467,4.628920751531398,64.5013736620315,75.76726016913388
31.180787191460976,4.629676695342721,64.37084793893408,75.83164294145588
31.22081387591728,4.630422525520475,64.24075359299304,75.89582054520706
31.260840560373584,4.63115832309765,64.11108911690617,75.95979364983074
31.300867244829888,4.631884168781262,63.98185300507725,76.02356292425519
31.340893929286192,4.6326001429524135,63.85304375367072,76.08712903686619
31.380920613742497,4.633306325666411,63.72465986066574,76.15049265548006
31.4209472981988,4.63400279665292,63.59669982590913,76.21365444731681
31.460973982655105,4.634689635316161,63.46916215116729,76.27661507897402
31.50100066711141,4.635366920735152,63.34204534017741,76.33937521640115
31.541027351567713,4.636034731664,63.215347898697544,76.40193552487405
31.581054036024018,4.636693146532219,63.089068334555925,76.46429666896996
31.62108072048032,4.637342243445112,62.963205157699264,76.52645931254318
31.661107404936626,4.6379821001841774,62.83775688024018,76.58842411870067
31.70113408939293,4.638612794207555,62.71272201650376,76.65019174977846
31.741160773849234,4.639234402650542,62.58809908307323,76.71176286731833
31.78118745830554,4.639847002326104,62.463886598834705,76.77313813204474
31.821214142761843,4.640450669725472,62.34008308502112,76.83431820384236
31.861240827218147,4.641045481018753,62.21668706525534,76.89530374173395
31.90126751167445,4.641631512055591,62.09369706559233,76.95609540385843
31.941294196130755,4.6422088383658675,61.97111161456058,77.01669384744962
31.98132088058706,4.642777535160436,61.84892924320249,77.07709972881503
32.021347565043364,4.643337677331901,61.727148485114256,77.13731370331547
32.061374249499664,4.643889339455439,61.605767876484656,77.19733642534453
32.10140093395597,4.644432595789659,61.48478595613309,77.25716854830873
32.14142761841227,4.644967520277493,61.36420126554694,77.31681072460799
32.18145430286858,4.6454941865471495,61.24401234891799,77.3762636056164
32.22148098732488,4.646012667913079,61.12421775317819,77.4355278416633
32.26150767178119,4.646523037376991,61.00481602803436,77.49460408201489
32.30153435623749,4.64702536762891,60.88580572600257,77.55349297485597
32.3415610406938,4.647519731048269,60.76718540244125,77.61219516727228
32.3815877251501,4.6480061997050495,60.64895361558399,77.67071130523286
32.421614409606406,4.648484845360952,60.53110892657123,77.72904203357294
32.461641094062706,4.648955739470601,60.41364989948146,77.78718799597726
32.501667778519014,4.649418953182827,60.29657510136152,77.84514983496348
32.541694462975315,4.649874557341936,60.17988310225623,77.90292819186598
32.58172114743162,4.650322622489039,60.06357247523728,77.96052370682023
32.62174783188792,4.650763218863435,59.94764179643145,78.01793701874706
32.66177451634423,4.651196416404016,59.832089645047944,78.07516876533766
32.70180120080053,4.651622284750722,59.716914603405314,78.13221958303848
32.74182788525684,4.65204089324604,59.602115256957354,78.18909010703688
32.78185456971314,4.65245231093654,59.48769019431858,78.2457809712467
32.82188125416945,4.652856606574464,59.37363800728874,78.30229280829435
32.86190793862575,4.653253848619321,59.25995729087694,78.35862624950512
32.901934623082056,4.653644105239555,59.14664664332485,78.41478192488992
32.94196130753836,4.654027444314248,59.0337046661294,78.470760463132
32.981987991994664,4.654403933434863,58.92112996406466,78.52656249157432
33.022014676450965,4.654773639907043,58.80892114520323,78.58218863620691
33.06204136090727,4.655136630752435,58.69707682093676,78.63763952165488
33.10206804536357,4.655492972710612,58.58559560599605,78.69291577116613
33.14209472981988,4.655842732240959,58.47447611847022,78.74801800659998
33.18212141427618,4.65618597552464,58.36371697982564,78.8029468484156
33.22214809873249,4.656522768466631,58.253316814923735,78.857702915661
33.26217478318879,4.656853176697778,58.14327425203866,78.91228682596216
33.3022014676451,4.657177265576918,58.03358792287383,78.96669919551225
33.3422281521014,4.65749510019304,57.92425646257832,79.02094063906162
33.382254836557706,4.657806745367535,57.81527850976214,79.07501176990743
33.42228152101401,4.658112265656481,57.7066527065113,79.12891319988401
33.462308205470315,4.6584117253529005,57.59837769840206,79.1826455393533
33.502334889926615,4.658705188489173,57.490452134514726,79.2362093971954
33.54236157438292,4.658992718839456,57.382874667446536,79.2896053807996
33.582388258839224,4.659274379922184,57.275643953324334,79.34283409605558
33.62241494329553,4.6595502350026266,57.16875865181622,79.39589614734479
33.66244162775183,4.659820347095488,57.06221742614294,79.44879213753208
33.70246831220814,4.660084778967698,56.956018943088274,79.5015226679577
33.74249499666444,4.660343593141034,56.85016187300927,79.55408833842932
33.78252168112075,4.660596851894936,56.74464488984568,79.60648974721441
33.82254836557705,4.6608446172694,56.63946667112886,79.65872749103288
33.86257505003336,4.66108695106793,56.53462589798977,79.71080216504993
33.90260173448966,4.661323914860548,56.43012125516691,79.76271436286895
33.942628418945965,4.661555569986901,56.32595143101309,79.81446467652493
33.982655103402266,4.661781977559521,56.222115117501865,79.86605369647783
34.02268178785857,4.662003198467147,56.11861101023301,79.91748201160642
34.062708472314874,4.66221929337787,56.015437808438406,79.96875020920203
34.10273515677118,4.6624303227426624,55.912594214986214,80.01985887496276
34.14276184122748,4.662636346798908,55.81007893638502,80.07080859298785
34.18278852568379,4.662837425574027,55.70789068278706,80.12159994577222
34.22281521014009,4.663033618889196,55.60602816799112,80.17223351420104
34.2628418945964,4.663224986363203,55.50449010944442,80.22270987754504
34.3028685790527,4.663411587416731,55.40327522824358,80.27302961345536
34.34289526350901,4.663593481276032,55.30238224913598,80.32319329795905
34.38292194796531,4.663770726977159,55.201809900520196,80.37320150545456
34.422948632421615,4.663943383370324,55.10155691444506,80.42305480870765
34.462975316877916,4.664111509124345,55.00162202660879,80.47275377884706
34.503002001334224,4.66427516273123,54.90200397635697,80.52229898536093
34.543028685790524,4.664434402510885,54.802701506680194,80.571690996093
34.58305537024683,4.66458928661634,54.703713364209975,80.62093037723916
34.62308205470313,4.6647398730389895,54.60503829921453,80.6700176933442
34.66310873915944,4.664886219613123,54.506675065595466,80.71895350729876
34.70313542361574,4.665028384021665,54.40862242088172,80.76773838033617
34.74316210807205,4.665166423801793,54.3108791262233,80.81637287203003
34.78318879252835,4.665300396350733,54.21344394638426,80.86485754029154
34.82321547698466,4.665430358931772,54.116315649734915,80.91319294136706
34.86324216144096,4.665556368680609,54.019493008242954,80.96137962983609
34.903268845897266,4.665678482613167,53.92297479746094,81.00941815860932
34.943295530353566,4.6657967576309,53.82675979651915,81.05730907892666
34.983322214809874,4.665911250527976,53.730846788113794,81.10505294035565
35.023348899266175,4.666022017998899,53.63523455849408,81.15265029079005
35.06337558372248,4.666129116646154,53.53992189744871,81.20010167644858
35.10340226817878,4.6662326029881935,53.44490759829157,81.24740764187378
35.14342895263509,4.666332533467751,53.350190457846104,81.29456872993111
35.18345563709139,4.6664289644621455,53.25576927642521,81.34158548180838
35.2234823215477,4.6665219522932615,53.161642857811316,81.3884584370152
35.263509006004,4.6666115532340875,53.06781000924405,81.43518813338243
35.30353569046031,4.666697823520365,52.97426954139594,81.48177510706209
35.34356237491661,4.666780819361273,52.881020268350326,81.52821989252742
35.383589059372916,4.66686059695061,52.78806100757756,81.57452302257296
35.42361574382922,4.6669372124785395,52.69539057990987,81.62068502831505
35.463642428285524,4.667010722144655,52.60300780951279,81.66670643919241
35.503669112741825,4.667081182178213,52.51091152384076,81.71258778296728
35.54369579719813,4.667148648844202,52.41910055362335,81.75832958572592
35.58372248165443,4.667213178459202,52.327573732830004,81.80393237187994
35.62374916611074,4.667274827408543,52.2363298986311,81.84939666416757
35.66377585056704,4.667333652163164,52.14536789135996,81.89472298365538
35.70380253502335,4.667389709297472,52.0546865544718,81.93991184974003
35.74382921947965,4.667443055508249,51.96428473450048,81.98496378015028
35.78385590393596,4.667493747646085,51.87416128098714,82.02987929094985
35.82388258839226,4.667541842742312,51.78431504641868,82.07465889654024
35.863909272848566,4.667587398012524,51.69474488621712,82.11930310966221
35.90393595730487,4.667630470892562,51.60544965865763,82.16381244139951
35.943962641761175,4.667671119066578,51.516428224803285,82.20818740118199
35.983989326217475,4.667709400497046,51.427679448435576,82.25242849678926
36.02401601067378,4.667745373456878,51.33920219597974,82.29653623435463
36.064042695130084,4.667779096570983,51.2509953364093,82.34051111836924
36.10406937958639,4.667810628921055,51.16305774101196,82.38435365169029
36.14409606404269,4.667840030013719,51.07538828345394,82.42806433554179
36.184122748499,4.667867359838501,50.98798583964727,82.47164366952076
36.2241494329553,4.6678926789326125,50.900849287602256,82.51509215160328
36.26417611741161,4.667916048439214,50.81397750729369,82.55841027815077
36.30420280186791,4.667937530170769,50.72736938051552,82.60159854391671
36.34422948632422,4.667957186677909,50.64102379072314,82.64465744205364
36.38425617078052,4.6679750815016785,50.55493962247829,82.687587464128
36.424282855236825,4.667991279332122,50.46911576109604,82.73038910013136
36.464309539693126,4.6680058458134965,50.3835510930564,82.77306283847764
36.504336224149434,4.6680188478227045,50.298244505390656,82.81560916601967
36.544362908605734,4.66803035361432,50.21319488535644,82.85802856806079
36.58438959306204,4.668040432980212,50.12840112008004,82.90032152836727
36.62441627751834,4.668049157426372,50.04386209616139,82.94248852918156
36.66444296197465,4.668056600665156,49.95957669860199,82.98453005124559
36.70446964643095,4.668062841528639,49.875543804546545,83.02644657389507
36.74449633088726,4.668067961327223,49.791762288920296,83.06823857499215
36.78452301534356,4.668072044777659,49.70823102242037,83.10990653096323
36.82454969979987,4.668075181049805,49.62494886925139,83.15145091684069
36.86457638425617,4.668077464468456,49.541914685598464,83.192872206295
36.904603068712476,4.6680789953122455,49.45912731789077,83.23417087167091
36.944629753168776,4.668079880719728,49.376585600834225,83.27534738402709
36.984656437625084,4.668080228202714,49.29428837082612,83.31640221318548
37.024683122081385,4.668080143983719,49.21223446931744,83.35733582778204
37.06470980653769,4.6680797457029986,49.13042271624822,83.39814869531234
37.10473649099399,4.668079156355279,49.04885192255035,83.43884128219595
37.1447631754503,4.6680785041960124,48.96752089020985,83.47941405384276
37.1847898599066,4.668077922565352,48.886428412487845,83.51986747472561
37.22481654436291,4.668077549575095,48.80557327441241,83.56020200846041
37.26484322881921,4.668077514736335,48.72495428117068,83.60041811754002
37.30486991327552,4.668077826857475,48.64457049758256,83.64051626037796
37.34489659773182,4.668078493888768,48.56442099158652,83.68049689471862
37.384923282188126,4.6680794924218425,48.484504899167966,83.72036047694633
37.42494996664443,4.668080735445393,48.40482149298174,83.76010746136359
37.464976651100734,4.668082054659908,48.325370219805436,83.79973829988737
37.505003335557035,4.668083179679135,48.246150744608464,83.83925344168043
37.54503002001334,4.6680837137586915,48.167163002002,83.87865333271044
37.58505670446964,4.668083522763998,48.08840638349501,83.91793841694485
37.62508338892595,4.6680828343349825,48.0098795310451,83.95710913627943
37.66511007338225,4.668081597494209,47.93158167761809,83.99616592733982
37.70513675783856,4.668079844849751,47.85351189091541,84.03510922232189
37.74516344229486,4.668077737084368,47.775668981825746,84.07393944842484
37.78519012675117,4.668075616106817,47.69805139497752,84.1126570272107
37.82521681120747,4.668074069616059,47.62065707565982,84.1512623738915
37.865243495663776,4.6680738423889,47.543483649420956,84.18975589993187
37.90527018012008,4.668074492871754,47.466531163821074,84.22813804147913
37.945296864576385,4.668075873235677,47.389799063075415,84.26640923039658
37.985323549032685,4.668077879174218,47.313286696011026,84.30456990089473
38.02535023348899,4.668080171757128,47.236993880475275,84.34262049704259
38.065376917945294,4.668082080019104,47.16092109791866,84.3805614769353
38.1054036024016,4.668082583359933,47.08506953009812,84.41839331267593
38.1454302868579,4.668082109051068,47.00943749636079,84.45611639957231
38.18545697131421,4.668081045101966,46.93402340577877,84.49373112897385
38.22548365577051,4.668079550035925,46.85882613767071,84.53123789614017
38.26551034022682,4.668078027247771,46.783844104631235,84.56863707467184
38.30553702468312,4.668077210718749,46.709075086947216,84.6059290100335
38.34556370913943,4.668077386003936,46.63451772545681,84.6431140844194
38.38559039359573,4.6680780133443855,46.56017224292806,84.6801927485689
38.425617078052035,4.6680790644902785,46.4860378782287,84.71716541245421
38.465643762508336,4.668080326422594,46.41211421999202,84.75403250357871
38.50567044696464,4.668081307298472,46.338401385008886,84.79079447573041
38.545697131420944,4.66808141988951,46.2648996747895,84.82745178967373
38.58572381587725,4.668081275296667,46.19160714312494,84.86400478211401
38.62575050033355,4.6680809867766975,46.11852279141148,84.90045383441385
38.66577718478986,4.668080595882796,46.045645770395076,84.93679932794933
38.70580386924616,4.668080223324437,45.97297510078308,84.97304162670738
38.74583055370247,4.668080091554497,45.90050963397193,85.00918107340532
38.78585723815877,4.668080117523958,45.828248741205726,85.04521806888991
38.82588392261508,4.668080185001693,45.756191850236284,85.08115302029405
38.86591060707138,4.66808028921979,45.68433819806894,85.11698631407099
38.905937291527685,4.668080405272513,45.61268705165725,85.15271834265202
38.945963975983986,4.668080478012318,45.54123772217288,85.18834950782593
38.985990660440294,4.668080478540518,45.46998948857518,85.22388020017586
39.026017344896594,4.668080473200285,45.398941504393484,85.25931077390184
39.0660440293529,4.6680804636704325,45.32809301746914,85.29464160333778
39.1060707138092,4.668080451617857,45.25744328333744,85.3298730589914
39.14609739826551,4.6680804414827,45.186991563492874,85.36500550551796
39.18612408272181,4.668080439579185,45.11673712442258,85.40003930313425
39.22615076717812,4.668080439579185,45.04667922548559,85.43497482872137
39.26617745163442,4.668080439579185,44.9768171322286,85.46981245147941
39.30620413609073,4.668080439579185,44.907150113678185,85.5045525368923
39.34623082054703,4.668080439579185,44.837677439957226,85.53919544989017
39.386257505003336,4.668080439579185,44.768398381348945,85.57374155531501
39.426284189459636,4.668080439579185,44.69931221873194,85.60819121273029
39.466310873915944,4.668080439579185,44.63041823905849,85.64254477867044
39.506337558372245,4.668080439579185,44.561715728167414,85.67680261021637
39.54636424282855,4.668080439579185,44.49320397520306,85.71096506279784
39.58639092728485,4.668080439579185,44.4248822727033,85.74503249014994
39.62641761174116,4.668080439579185,44.35674991626006,85.77900524447998
39.66644429619746,4.668080439579185,44.28880620371354,85.8128836768627
39.70647098065377,4.668080439579185,44.22105043666567,85.84666813649683
39.74649766511007,4.668080439579185,44.15348192000131,85.88035897093967
39.78652434956638,4.668080439579185,44.08609996190273,85.91395652609937
39.82655103402268,4.668080439579185,44.01890387372028,85.94746114629986
39.866577718478986,4.668080439579185,43.951892968027266,85.98087317525764
39.90660440293529,4.668080439579185,43.8850665612206,86.01419295477561
39.946631087391594,4.668080439579185,43.81842397328721,86.04742082486034
39.986657771847895,4.668080439579185,43.75196452745572,86.08055712389687
40.0266844563042,4.668080439579185,43.685687550267254,86.1136021886131
40.0667111407605,4.668080439579185,43.61959237165805,86.14655635403821
40.10673782521681,4.668080439579185,43.55367832505339,86.17941995345527
40.14676450967311,4.668080439579185,43.48794474518593,86.21219331949831
40.18679119412942,4.668080439579185,43.42239096739081,86.24487678450696
40.22681787858572,4.668080439579185,43.35701633229611,86.2774706781673
40.26684456304203,4.668080439579185,43.29182018354028,86.30997532865993
40.30687124749833,4.668080439579185,43.22680186776051,86.34239106266564
40.346897931954636,4.668080439579185,43.16196073461291,86.3747182053552
40.38692461641094,4.668080439579185,43.09729613679676,86.40695708037707
40.426951300867245,4.668080439579185,43.03280742992461,86.43910800992286
40.466977985323545,4.668080439579185,42.968493971006744,86.47117131549072
40.50700466977985,4.668080439579185,42.904355120430225,86.50314731688829
40.547031354236154,4.668080439579185,42.84039024170636,86.53503633235992
40.58705803869246,4.668080439579185,42.77659870116049,86.56683867874281
40.62708472314876,4.668080439579185,42.71297986792564,86.59855467147034
40.66711140760507,4.668080439579185,42.64953311393691,86.63018462457457
40.70713809206137,4.668080439579185,42.586257813926764,86.6617288506889
40.74716477651768,4.668080439579185,42.523153345204236,86.69318766115879
40.78719146097398,4.668080439579185,42.46021908758774,86.72456136607562
40.82721814543029,4.668080439579185,42.39745442381556,86.75585027407033
40.86724482988659,4.668080439579185,42.334858739321746,86.78705469242584
40.907271514342895,4.668080439579185,42.27243142222042,86.81817492708515
40.947298198799196,4.668080439579185,42.21017186329255,86.8492112826577
40.9873248832555,4.668080439579185,42.14807945597268,86.88016406242626
41.02735156771181,4.668080439579185,42.08615359633622,86.91103356835313
41.06737825216811,4.668080439579185,42.02439368309109,86.94182010108429
41.10740493662442,4.668080439579185,41.9627991175586,86.97252395995915
41.14743162108072,4.668080439579185,41.901369303661454,87.00314544301635
41.18745830553703,4.668080439579185,41.84010364791181,87.03368484699978
41.22748498999333,4.668080439579185,41.77900155939861,87.06414246736499
41.267511674449636,4.668080439579185,41.71806244977492,87.09451859828545
41.30753835890594,4.668080439579185,41.65728573324539,87.12481353265882
41.347565043362245,4.668080439579185,41.596670826553314,87.15502756211346
41.387591727818545,4.668080439579185,41.536217148968305,87.1851609770146
41.42761841227485,4.668080439579185,41.47592412227434,87.21521406647017
41.467645096731154,4.668080439579185,41.415791170757295,87.24518711833731
41.50767178118746,4.668080439579185,41.35581772119267,87.27508041922825
41.54769846564376,4.668080439579185,41.29600320283338,87.30489425451651
41.58772515010007,4.668080439579185,41.236347047397686,87.33462890834298
41.62775183455637,4.668080439579185,41.17684868905705,87.36428466362189
41.66777851901268,4.668080439579185,41.11750756442256,87.39386180204775
41.70780520346898,4.668080439579185,41.058323112535085,87.42336060410011
41.74783188792529,4.668080439579185,40.99929477485308,87.45278134904972
41.78785857238159,4.668080439579185,40.94042199524063,87.48212431496457
41.827885256837895,4.668080439579185,40.881704219955566,87.51138977871572
41.867911941294196,4.668080439579185,40.82314089763793,87.54057801598314
41.9079386257505,4.668080439579185,40.7647314792983,87.56968930126158
41.947965310206804,4.668080439579185,40.70647541830543,87.5987239078666
41.98799199466311,4.668080439579185,40.64837217037459,87.62768210794064
42.02801867911941,4.668080439579185,40.59042119355776,87.65656417245766
42.06804536357572,4.668080439579185,40.532621948231494,87.68537037122941
42.10807204803202,4.668080439579185,40.474973897085555,87.71410097291103
42.14809873248833,4.668080439579185,40.41747650511169,87.74275624500653
42.18812541694463,4.668080439579185,40.360129239592524,87.77133645387475
42.22815210140094,4.668080439579185,40.30293157009015,87.79984186473453
42.26817878585724,4.668080439579185,40.24588296843389,87.82827274167131
42.308205470313546,4.668080439579185,40.18898290871094,87.85662934764139
42.348232154769846,4.668080439579185,40.1322308672553,87.8849119444778
42.388258839226154,4.668080439579185,40.07562632263645,87.91312079289587
42.428285523682455,4.668080439579185,40.0191687556487,87.94125615249835
42.46831220813876,4.668080439579185,39.96285764930024,87.96931828178118
42.50833889259506,4.668080439579185,39.90669248880264,87.99730743813862
42.54836557705137,4.668080439579185,39.85067276155922,88.02522387786892
42.58839226150767,4.668080439579185,39.794797957154465,88.05306785617992
42.62841894596398,4.668080439579185,39.73906756734483,88.08083962719334
42.66844563042028,4.668080439579185,39.68348108604754,88.10853944395062
42.70847231487659,4.668080439579185,39.628038009330055,88.13616755841797
42.74849899933289,4.668080439579185,39.572737835399856,88.16372422149169
42.788525683789196,4.668080439579185,39.51758006459394,88.19120968300325
42.8285523682455,4.668080439579185,39.46256419936858,88.21862419172456
42.868579052701804,4.668080439579185,39.407689744287694,88.24596799537359
42.908605737158105,4.668080439579185,39.35295620601459,88.27324134061877
42.94863242161441,4.668080439579185,39.29836309330131,88.30044447308403
42.98865910607071,4.668080439579185,39.243909916978545,88.32757763735401
43.02868579052702,4.668080439579185,39.18959618994549,88.35464107697916
43.06871247498332,4.668080439579185,39.135421427160004,88.38163503448052
43.10873915943963,4.668080439579185,39.08138514562864,88.40855975135482
43.14876584389593,4.668080439579185,39.0274868643961,88.4354154680797
43.18879252835224,4.668080439579185,38.97372610453536,88.46220242411869
43.22881921280854,4.668080439579185,38.92010238913922,88.48892085792536
43.268845897264846,4.668080439579185,38.86661524330988,88.51557100694863
43.30887258172115,4.668080439579185,38.81326419414938,88.54215310763752
43.348899266177455,4.668080439579185,38.76004877074988,88.56866739544586
43.388925950633755,4.668080439579185,38.70696850418431,88.59511410483728
43.42895263509006,4.668080439579185,38.654022927496484,88.62149346928979
43.468979319546364,4.668080439579185,38.601211575690805,88.64780572130125
43.50900600400267,4.668080439579185,38.548533985724255,88.67405109239313
43.54903268845897,4.668080439579185,38.495989696496835,88.70022981311548
43.58905937291528,4.668080439579185,38.44357824884197,88.72634211305152
43.62908605737158,4.668080439579185,38.39129918551744,88.7523882208224
43.66911274182789,4.668080439579185,38.33915205119599,88.77836836409175
43.70913942628419,4.668080439579185,38.28713639245636,88.80428276957016
43.7491661107405,4.668080439579185,38.23525175777334,88.83013166302028
43.7891927951968,4.668080439579185,38.18349769750884,88.85591526926116
43.829219479653105,4.668080439579185,38.131873763903904,88.88163381217223
43.869246164109406,4.668080439579185,38.08037951106918,88.90728751469821
43.90927284856571,4.668080439579185,38.02901449497602,88.93287659885341
43.949299533022014,4.668080439579185,37.97777827344761,88.95840128572623
43.98932621747832,4.668080439579185,37.92667040615013,88.98386179548358
44.02935290193462,4.668080439579185,37.87569045458389,89.00925834737531
44.06937958639093,4.668080439579185,37.824837982073504,89.03459115973911
44.10940627084723,4.668080439579185,37.774112553760745,89.05986045000411
44.14943295530354,4.668080439579185,37.72351373659552,89.08506643469534
44.18945963975984,4.668080439579185,37.67304109932724,89.11020932943809
44.22948632421615,4.668080439579185,37.622694212496086,89.1352893489623
44.26951300867245,4.668080439579185,37.57247264842471,89.16030670710659
44.309539693128755,4.668080439579185,37.52237598120959,89.18526161682276
44.349566377585056,4.668080439579185,37.47240378671214,89.21015429018009
44.389593062041364,4.668080439579185,37.422555642550236,89.23498493836966
44.429619746497664,4.668080439579185,37.372831128090986,89.2597537717079
44.46964643095397,4.668080439579185,37.32322982444179,89.28446099964113
44.50967311541027,4.668080439579185,37.27375131444222,89.30910683074951
44.54969979986658,4.668080439579185,37.224395182655755,89.33369147275135
44.58972648432288,4.668080439579185,37.17516101536162,89.35821513250704
44.62975316877919,4.668080439579185,37.126048400546566,89.38267801602319
44.66977985323549,4.668080439579185,37.07705692789589,89.40708032845713
44.7098065376918,4.668080439579185,37.028186188786684,89.43142227412035
44.7498332221481,4.668080439579185,36.97943577627965,89.45570405648247
44.789859906604406,4.668080439579185,36.93080528511089,89.47992587817548
44.829886591060706,4.668080439579185,36.882294311684134,89.50408794099747
44.869913275517014,4.668080439579185,36.833902454062766,89.52819044591676
44.909939959973315,4.668080439579185,36.78562931196208,89.55223359307573
44.94996664442962,4.668080439579185,36.73747448674082,89.57621758179496
44.98999332888592,4.668080439579185,36.689437581393605,89.6001426105772
45.03002001334223,4.668080439579185,36.641518200544006,89.6240088771106
45.07004669779853,4.668080439579185,36.593715950436454,89.64781657827298
45.11007338225484,4.668080439579185,36.5460304389286,89.67156591013553
45.15010006671114,4.668080439579185,36.49846127548375,89.69525706796658
45.19012675116745,4.668080439579185,36.451008071163315,89.71889024623542
45.23015343562375,4.668080439579185,36.403670438619166,89.74246563861611
45.270180120080056,4.668080439579185,36.35644799208536,89.76598343799162
45.31020680453636,4.668080439579185,36.309340347371894,89.78944383645697
45.350233488992664,4.668080439579185,36.2623471218571,89.81284702532298
45.390260173448965,4.668080439579185,36.215467934480145,89.83619319512006
45.43028685790527,4.668080439579185,36.16870240573371,89.85948253560191
45.47031354236157,4.668080439579185,36.122050157656695,89.88271523574902
45.51034022681788,4.668080439579185,36.07551081382708,89.90589148377245
45.55036691127418,4.668080439579185,36.02908399935404,89.92901146711758
45.59039359573049,4.668080439579185,35.98276934087091,89.95207537246776
45.63042028018679,4.668080439579185,35.936566466528916,89.97508338574737
45.6704469646431,4.668080439579185,35.89047500598955,89.99803569212565
45.7104736490994,4.668080439579185,35.84449459041758,90.02093247602026
45.750500333555706,4.668080439579185,35.798624852473985,90.04377392110068
45.79052701801201,4.668080439579185,35.752865426309064,90.06656021029175
45.830553702468315,4.668080439579185,35.70721594755525,90.08929152577727
45.870580386924615,4.668080439579185,35.66167605331958,90.11196804900372
45.91060707138092,4.668080439579185,35.61624538217782,90.13458996068321
45.950633755837224,4.668080439579185,35.57092357416747,90.157157440797
45.99066044029353,4.668080439579185,35.52571027078078,90.17967066859896
46.03068712474983,4.668080439579185,35.48060511495805,90.20212982261896
46.07071380920614,4.668080439579185,35.43560775108083,90.22453508066617
46.11074049366244,4.668080439579185,35.39071782496531,90.24688661983254
46.15076717811875,4.668080439579185,35.34593498385503,90.2691846164963
46.19079386257505,4.668080439579185,35.301258876414416,90.29142924632522
46.23082054703136,4.668080439579185,35.2566891527229,90.31362068427958
46.27084723148766,4.668080439579185,35.212225464267945,90.33575910461569
46.310873915943965,4.668080439579185,35.16786746393848,90.35784468088904
46.350900600400266,4.668080439579185,35.12361480601847,90.37987758595767
46.39092728485657,4.668080439579185,35.07946714618044,90.4018579919853
46.430953969312874,4.668080439579185,35.035424141478906,90.42378607044468
46.47098065376918,4.668080439579185,34.991485450343326,90.44566199212109
46.51100733822548,4.668080439579185,34.947650732572725,90.46748592711498
46.55103402268179,4.668080439579185,34.90391964932923,90.48925804484534
46.59106070713809,4.668080439579185,34.86029186313153,90.51097851405282
46.6310873915944,4.668080439579185,34.81676703784872,90.53264750280283
46.6711140760507,4.668080439579185,34.77334483869407,90.55426517848878
46.71114076050701,4.668080439579185,34.73002493221873,90.57583170783504
46.75116744496331,4.668080439579185,34.686806986305214,90.59734725690042
46.791194129419615,4.668080439579185,34.64369067016118,90.61881199108106
46.831220813875916,4.668080439579185,34.600675654314216,90.64022607511315
46.871247498332224,4.668080439579185,34.55776161060516,90.6615896730763
46.911274182788524,4.668080439579185,34.51494821218224,90.68290294839636
46.95130086724483,4.668080439579185,34.4722351334949,90.70416606384865
46.99132755170113,4.668080439579185,34.429622050287996,90.72537918156071
47.03135423615744,4.668080439579185,34.3871086395956,90.74654246301554
47.07138092061374,4.668080439579185,34.344694579734494,90.7676560690547
47.11140760507005,4.668080439579185,34.302379550299264,90.78872015988094
47.15143428952635,4.668080439579185,34.26016323215617,90.8097348950611
47.19146097398266,4.668080439579185,34.21804530743724,90.83070043352917
47.23148765843896,4.668080439579185,34.1760254595345,90.85161693358916
47.271514342895266,4.668080439579185,34.13410337309417,90.87248455291792
47.311541027351566,4.668080439579185,34.09227873401092,90.89330344856818
47.351567711807874,4.668080439579185,34.0505512294217,90.91407377697139
47.391594396264175,4.668080439579185,34.00892054770022,90.93479569394076
47.43162108072048,4.668080439579185,33.96738637845183,90.95546935467358
47.47164776517678,4.668080439579185,33.92594841250753,90.97609491375432
47.51167444963309,4.668080439579185,33.88460634191846,90.99667252515746
47.55170113408939,4.668080439579185,33.8433598599503,91.01720234225019
47.5917278185457,4.668080439579185,33.80220866107762,91.03768451779513
47.631754503002,4.668080439579185,33.761152440978506,91.05811920395328
47.67178118745831,4.668080439579185,33.72019089652823,91.07850655228702
47.71180787191461,4.668080439579185,33.67932372579487,91.09884671376234
47.751834556370916,4.668080439579185,33.6385506280336,91.1191398387516
47.79186124082722,4.668080439579185,33.59787130368118,91.1393860770364
47.831887925283525,4.668080439579185,33.55728545435062,91.15958557781029
47.871914609739825,4.668080439579185,33.51679278282587,91.1797384896813
47.91194129419613,4.668080439579185,33.47639299305637,91.19984496067464
47.95196797865243,4.668080439579185,33.43608579015151,91.21990513823569
47.99199466310874,4.668080439579185,33.39587088037531,91.23991916923241
48.03202134756504,4.668080439579185,33.355747971141874,91.25988719995775
48.07204803202135,4.668080439579185,33.31571677100969,91.27980937613246
48.11207471647765,4.668080439579185,33.27577698967662,91.29968584290759
48.15210140093396,4.668080439579185,33.235928337974634,91.3195167448672
48.19212808539026,4.668080439579185,33.1961705278647,91.3393022260308
48.23215476984657,4.668080439579185,33.15650327243157,91.35904242985595
48.27218145430287,4.668080439579185,33.11692628587821,91.37873749924125
48.312208138759175,4.668080439579185,33.0774392835215,91.39838757652821
48.352234823215476,4.668080439579185,33.03804198178708,91.41799280350403
48.39226150767178,4.668080439579185,32.998734098204196,91.4375533214041
48.432288192128084,4.668080439579185,32.95951535140075,91.45706927091442
48.47231487658439,4.668080439579185,32.92038546109839,91.47654079217425
48.51234156104069,4.668080439579185,32.881344148107466,91.4959680247783
48.552368245497,4.668080439579185,32.84239113432182,91.51535110777976
48.5923949299533,4.668080439579185,32.80352614271405,91.53469017969225
48.63242161440961,4.668080439579185,32.76474889733102,91.55398537849237
48.67244829886591,4.668080439579185,32.72605912328886,91.5732368416221
48.71247498332222,4.668080439579185,32.68745654676806,91.59244470599108
48.75250166777852,4.668080439579185,32.6489408950088,91.61160910797933
48.792528352234825,4.668080439579185,32.61051189630605,91.63073018343933
48.832555036691126,4.668080439579185,32.572169280004886,91.64980806769852
48.872581721147434,4.668080439579185,32.533912776495214,91.66884289556197
48.912608405603734,4.668080439579185,32.49574211720784,91.68783480131425
48.95263509006004,4.668080439579185,32.45765703460966,91.70678391872195
48.99266177451634,4.668080439579185,32.419657262198875,91.72569038103597
49.03268845897265,4.668080439579185,32.381742534500475,91.74455432099379
49.07271514342895,4.668080439579185,32.34391258706153,91.76337587082187
49.11274182788526,4.668080439579185,32.30616715644676,91.78215516223788
49.15276851234156,4.668080439579185,32.26850598023342,91.80089232645317
49.19279519679787,4.668080439579185,32.230928797007124,91.81958749417493
49.23282188125417,4.668080439579185,32.1934353463576,91.83824079560829
49.272848565710476,4.668080439579185,32.156025368874026,91.8568523604587
49.312875250166776,4.668080439579185,32.11869860614054,91.87542231793407
49.352901934623084,4.668080439579185,32.08145480073186,91.89395079674702
49.392928619079385,4.668080439579185,32.04429369620879,91.91243792511716
49.43295530353569,4.668080439579185,32.007215037113795,91.93088383077328
49.47298198799199,4.668080439579185,31.970218568966192,91.94928864095569
49.5130086724483,4.668080439579185,31.93330403825848,91.96765248241816
49.5530353569046,4.668080439579185,31.896471192451845,91.9859754814301
49.59306204136091,4.668080439579185,31.859719779971773,92.00425776377874
49.63308872581721,4.668080439579185,31.82304955020379,92.02249945477138
49.67311541027352,4.668080439579185,31.786460253489196,92.04070067923726
49.71314209472982,4.668080439579185,31.749951641120816,92.05886156153007
49.753168779186126,4.668080439579185,31.713523465338433,92.07698222552989
49.79319546364243,4.668080439579185,31.677175479324745,92.09506279464533
49.833222148098734,4.668080439579185,31.640907437201523,92.11310339181556
49.873248832555035,4.668080439579185,31.60471909402527,92.1311041395123
49.91327551701134,4.668080439579185,31.568610205783017,92.14906515974202
49.95330220146764,4.668080439579185,31.53258052938829,92.16698657404802
49.99332888592395,4.668080439579185,31.49662982267696,92.18486850351229
50.03335557038025,4.668080439579185,31.460757844403105,92.20271106875782
50.07338225483656,4.668080439579185,31.424964354234525,92.22051438995072
50.11340893929286,4.668080439579185,31.38924911274942,92.23827858680193
50.15343562374917,4.668080439579185,31.35361188143211,92.25600377856915
50.19346230820547,4.668080439579185,31.31805242266907,92.27369008405931
50.233488992661776,4.668080439579185,31.28257049974488,92.29133762163003
50.27351567711808,4.668080439579185,31.24716587683837,92.3089465091919
50.313542361574385,4.668080439579185,31.21183831901854,92.32651686421043
50.353569046030685,4.668080439579185,31.176587592240473,92.34404880370806
50.39359573048699,4.668080439579185,31.141413463341454,92.36154244426618
50.433622414943294,4.668080439579185,31.106315700037523,92.37899790202674
50.4736490993996,4.668080439579185,31.071294070919297,92.39641529269447
50.5136757838559,4.668080439579185,31.036348345448243,92.41379473153863
50.55370246831221,4.668080439579185,31.00147829395277,92.43113633339499
50.59372915276851,4.668080439579185,30.96668368762449,92.44844021266773
50.63375583722482,4.668080439579185,30.931964298514306,92.46570648333143
50.67378252168112,4.668080439579185,30.897319899528327,92.48293525893304
50.71380920613743,4.668080439579185,30.862750264424676,92.50012665259347
50.75383589059373,4.668080439579185,30.82825516780964,92.5172807770096
50.793862575050035,4.668080439579185,30.793834385133867,92.53439774445609
50.833889259506336,4.668080439579185,30.75948769268872,92.5514776667873
50.87391594396264,4.668080439579185,30.725214867602556,92.56852065543899
50.913942628418944,4.668080439579185,30.691015687837137,92.5855268214303
50.95396931287525,4.668080439579185,30.656889932183603,92.6024962753657
50.99399599733155,4.668080439579185,30.6228373802591,92.61942912743655
51.03402268178786,4.668080439579185,30.588857812503345,92.63632548742304
51.07404936624416,4.668080439579185,30.554951010174996,92.65318546469585
51.11407605070047,4.668080439579185,30.521116755347936,92.67000916821799
51.15410273515677,4.668080439579185,30.48735483090786,92.68679670654666
51.19412941961308,4.668080439579185,30.45366502054866,92.70354818783484
51.23415610406938,4.668080439579185,30.420047108768863,92.72026371983337
51.274182788525685,4.668080439579185,30.386500880867793,92.73694340989252
51.314209472981986,4.668080439579185,30.353026122942683,92.75358736496368
51.354236157438294,4.668080439579185,30.319622621884974,92.77019569160116
51.394262841894594,4.668080439579185,30.28629016537692,92.78676849596378
51.4342895263509,4.668080439579185,30.253028541888067,92.80330588381683
51.4743162108072,4.668080439579185,30.219837540671946,92.8198079605335
51.51434289526351,4.668080439579185,30.186716951762566,92.8362748310968
51.55436957971981,4.668080439579185,30.153666565970838,92.85270660010129
51.59439626417612,4.668080439579185,30.120686174881314,92.86910337175465
51.63442294863242,4.668080439579185,30.08777557084911,92.88546524987936
51.67444963308873,4.668080439579185,30.05493454699641,92.90179233791434
51.71447631754503,4.668080439579185,30.022162897209125,92.9180847389166
51.754503002001336,4.668080439579185,29.989460416133625,92.93434255556298
51.794529686457636,4.668080439579185,29.95682689917348,92.95056589015165
51.834556370913944,4.668080439579185,29.924262142486054,92.96675484460397
51.874583055370245,4.668080439579185,29.89176594297902,92.98290952046611
51.91460973982655,4.668080439579185,29.859338098307603,92.99903001891043
51.95463642428285,4.668080439579185,29.826978406871223,93.01511644073723
51.99466310873916,4.668080439579185,29.794686667810232,93.03116888637634
52.03468979319546,4.668080439579185,29.762462681002784,93.04718745588866
52.07471647765177,4.668080439579185,29.73030624706157,93.06317224896789
52.11474316210807,4.668080439579185,29.698217167330796,93.0791233649419
52.15476984656438,4.668080439579185,29.666195243882612,93.0950409027746
52.19479653102068,4.668080439579185,29.634240279514298,93.11092496106737
52.234823215476986,4.668080439579185,29.602352077745255,93.12677563806051
52.27484989993329,4.668080439579185,29.570530442813816,93.14259303163485
52.314876584389594,4.668080439579185,29.53877517967413,93.1583772393133
52.354903268845895,4.668080439579185,29.50708609399316,93.17412835826241
52.3949299533022,4.668080439579185,29.475462992147552,93.18984648529383
52.4349566377585,4.668080439579185,29.443905681220606,93.20553171686589
52.47498332221481,4.668080439579185,29.41241396899891,93.22118414908537
52.51501000667111,4.668080439579185,29.380987663969876,93.23680387770851
52.55503669112742,4.668080439579185,29.349626575318528,93.25239099814279
52.59506337558372,4.668080439579185,29.318330512924582,93.26794560544838
52.63509006004003,4.668080439579185,29.28709928735937,93.2834677943396
52.67511674449633,4.668080439579185,29.255932709883034,93.2989576591864
52.715143428952636,4.668080439579185,29.224830592441442,93.3144152940158
52.75517011340894,4.668080439579185,29.193792747663135,93.32984079251356
52.795196797865245,4.668080439579185,29.162818988856486,93.34523424802549
52.835223482321545,4.668080439579185,29.131909130007074,93.36059575355881
52.87525016677785,4.668080439579185,29.1010629857746,93.37592540178369
52.915276851234154,4.668080439579185,29.07028037149007,93.39122328503456
52.95530353569046,4.668080439579185,29.039561103152923,93.40648949531176
52.99533022014676,4.668080439579185,29.008904997428207,93.42172412428272
53.03535690460307,4.668080439579185,28.97831187164367,93.43692726328358
53.07538358905937,4.668080439579185,28.947781543786725,93.45209900332068
53.11541027351568,4.668080439579185,28.917313832502074,93.46723943507162
53.15543695797198,4.668080439579185,28.886908557088788,93.48234864888688
53.19546364242829,4.668080439579185,28.856565537497502,93.49742673479112
53.23549032688459,4.668080439579185,28.826284594327706,93.51247378248465
53.275517011340895,4.668080439579185,28.79606554882492,93.52748988134466
53.315543695797196,4.668080439579185,28.765908222878046,93.54247512042672
53.3555703802535,4.668080439579185,28.735812439016332,93.55742958846618
53.395597064709804,4.668080439579185,28.705778020406928,93.5723533738795
53.43562374916611,4.668080439579185,28.675804790852226,93.58724656476546
53.47565043362241,4.668080439579185,28.645892574787187,93.60210924890657
53.51567711807872,4.668080439579185,28.61604119727659,93.6169415137705
53.55570380253502,4.668080439579185,28.586250484012403,93.63174344651121
53.59573048699133,4.668080439579185,28.556520261311164,93.64651513397044
53.63575717144763,4.668080439579185,28.526850356111268,93.66125666267901
53.67578385590394,4.668080439579185,28.497240595970137,93.67596811885818
53.71581054036024,4.668080439579185,28.467690809062006,93.69064958842085
53.755837224816545,4.668080439579185,28.438200824175215,93.70530115697287
53.795863909272846,4.668080439579185,28.4087704707096,93.71992290981429
53.835890593729154,4.668080439579185,28.379399578673937,93.73451493194072
53.875917278185455,4.668080439579185,28.350087978683383,93.74907730804463
53.91594396264176,4.668080439579185,28.320835501956932,93.76361012251648
53.95597064709806,4.668080439579185,28.29164198031465,93.77811345944622
53.99599733155437,4.668080439579185,28.262507246175357,93.79258740262449
54.03602401601067,4.668080439579185,28.23343113255421,93.80703203554367
54.07605070046698,4.668080439579185,28.20441347306011,93.82144744139933
54.11607738492328,4.668080439579185,28.17545410189327,93.83583370309138
54.15610406937959,4.668080439579185,28.146552853842653,93.85019090322528
54.19613075383589,4.668080439579185,28.117709564283626,93.8645191241134
54.236157438292196,4.668080439579185,28.088924069175345,93.87881844777618
54.2761841227485,4.668080439579185,28.0601962050582,93.89308895594337
54.316210807204804,4.668080439579185,28.031525809051715,93.90733073005521
54.356237491661105,4.668080439579185,28.002912718852034,93.92154385126366
54.39626417611741,4.668080439579185,27.97435677272948,93.93572840043356
54.43629086057371,4.668080439579185,27.94585780952618,93.94988445814381
54.47631754503002,4.668080439579185,27.917415668653696,93.96401210468868
54.51634422948632,4.668080439579185,27.88903019009065,93.97811142007882
54.55637091394263,4.668080439579185,27.86070121438013,93.9921824840427
54.59639759839893,4.668080439579185,27.832428582627557,94.00622537602759
54.63642428285524,4.668080439579185,27.804212136498414,94.02024017520078
54.67645096731154,4.668080439579185,27.77605171821586,94.03422696045065
54.716477651767846,4.668080439579185,27.7479471705584,94.04818581038802
54.75650433622415,4.668080439579185,27.719898336857614,94.06211680334704
54.796531020680455,4.668080439579185,27.691905060995815,94.07602001738655
54.836557705136755,4.668080439579185,27.663967187403774,94.08989553029117
54.87658438959306,4.668080439579185,27.63608456105822,94.10374341957255
54.916611074049364,4.668080439579185,27.60825702747994,94.11756376247031
54.95663775850567,4.668080439579185,27.58048443273143,94.13135663595317
54.99666444296197,4.668080439579185,27.55276662341462,94.14512211672022
55.03669112741828,4.668080439579185,27.52510344666865,94.1588602812018
55.07671781187458,4.668080439579185,27.497494750167665,94.17257120556091
55.11674449633089,4.668080439579185,27.4699403821186,94.18625496569408
55.15677118078719,4.668080439579185,27.44244019125881,94.19991163723256
55.1967978652435,4.668080439579185,27.414994026853986,94.21354129554358
55.2368245496998,4.668080439579185,27.387601738696155,94.22714401573111
55.276851234156105,4.668080439579185,27.360263177101352,94.24071987263713
55.316877918612406,4.668080439579185,27.332978192907525,94.25426894084265
55.35690460306871,4.668080439579185,27.305746637472343,94.26779129466887
55.396931287525014,4.668080439579185,27.278568362671113,94.2812870081781
55.43695797198132,4.668080439579185,27.251443220894558,94.29475615517498
55.47698465643762,4.668080439579185,27.224371065046576,94.3081988092076
55.51701134089393,4.668080439579185,27.19735174854239,94.3216150435683
55.55703802535023,4.668080439579185,27.17038512530641,94.3350049312949
55.59706470980654,4.668080439579185,27.1434710497701,94.34836854517167
55.63709139426284,4.668080439579185,27.1166093768699,94.3617059577304
55.67711807871915,4.668080439579185,27.089799962045166,94.37501724125137
55.71714476317545,4.668080439579185,27.06304266123613,94.3883024677645
55.757171447631755,4.668080439579185,27.036337330881636,94.40156170905036
55.797198132088056,4.668080439579185,27.009683827917296,94.41479503664115
55.837224816544364,4.668080439579185,26.983082009773497,94.42800252182167
55.877251501000664,4.668080439579185,26.95653173437335,94.44118423563035
55.91727818545697,4.668080439579185,26.93003286013063,94.45434024886032
55.95730486991327,4.668080439579185,26.903585245947845,94.46747063206034
55.99733155436958,4.668080439579185,26.877188751214184,94.48057545553577
56.03735823882588,4.668080439579185,26.850843235803538,94.49365478934972
56.07738492328219,4.668080439579185,26.82454856007231,94.50670870332394
56.11741160773849,4.668080439579185,26.798304584857817,94.5197372670398
56.1574382921948,4.668080439579185,26.772111171476183,94.53274054983923
56.1974649766511,4.668080439579185,26.745968181720404,94.54571862082574
56.237491661107406,4.668080439579185,26.719875477858395,94.55867154886533
56.277518345563706,4.668080439579185,26.693832922631096,94.57159940258762
56.317545030020014,4.668080439579185,26.6678403792505,94.58450225038652
56.357571714476315,4.668080439579185,26.641897711397654,94.59738016042157
56.39759839893262,4.668080439579185,26.616004783220806,94.61023320061862
56.43762508338892,4.668080439579185,26.590161459333665,94.62306143867079
56.47765176784523,4.668080439579185,26.56436760481339,94.63586494203953
56.51767845230153,4.668080439579185,26.538623085198775,94.64864377795547
56.55770513675784,4.668080439579185,26.512927766488318,94.6613980134193
56.59773182121414,4.668080439579185,26.487281515138434,94.67412771520287
56.63775850567045,4.668080439579185,26.46168419806149,94.68683294984996
56.67778519012675,4.668080439579185,26.436135682623902,94.69951378367735
56.717811874583056,4.668080439579185,26.410635836644495,94.71217028277565
56.75783855903936,4.668080439579185,26.38518452839264,94.7248025130102
56.797865243495664,4.668080439579185,26.359781626586393,94.73741054002195
56.837891927951965,4.668080439579185,26.334427000390733,94.7499944292284
56.87791861240827,4.668080439579185,26.3091205194157,94.76255424582453
56.91794529686457,4.668080439579185,26.28386205371467,94.77509005478365
56.95797198132088,4.668080439579185,26.258651473782383,94.7876019208584
56.99799866577718,4.668080439579185,26.2334886505533,94.80008990858155
57.03802535023349,4.668080439579185,26.2083734553999,94.81255408226689
57.07805203468979,4.668080439579185,26.1833057601309,94.82499450600999
57.1180787191461,4.668080439579185,26.15828543698943,94.83741124368936
57.1581054036024,4.668080439579185,26.13331235865139,94.84980435896698
57.198132088058706,4.668080439579185,26.108386398223622,94.86217391528947
57.23815877251501,4.668080439579185,26.0835074292422,94.87451997588882
57.278185456971315,4.668080439579185,26.058675325670578,94.88684260378321
57.318212141427615,4.668080439579185,26.033889961898115,94.89914186177809
57.35823882588392,4.668080439579185,26.00915121273828,94.91141781246661
57.398265510340224,4.668080439579185,25.98445895342697,94.92367051823086
57.43829219479653,4.668080439579185,25.959813059620785,94.93590004124259
57.47831887925283,4.668080439579185,25.93521340739541,94.94810644346389
57.51834556370914,4.668080439579185,25.91065987324389,94.96028978664827
57.55837224816544,4.668080439579185,25.886152334074847,94.97245013234141
57.59839893262175,4.668080439579185,25.861690667210926,94.98458754188198
57.63842561707805,4.668080439579185,25.83727475038725,94.99670207640243
57.67845230153436,4.668080439579185,25.812904461749664,95.00879379682982
57.71847898599066,4.668080439579185,25.78857967985315,95.02086276388671
57.758505670446965,4.668080439579185,25.764300283660162,95.03290903809182
57.798532354903266,4.668080439579185,25.740066152539047,95.04493267976099
57.83855903935957,4.668080439579185,25.715877166262356,95.05693374900795
57.878585723815874,4.668080439579185,25.69173320500516,95.06891230574516
57.91861240827218,4.668080439579185,25.667634149343645,95.08086840968453
57.95863909272848,4.668080439579185,25.64357988025348,95.09280212033822
57.99866577718479,4.668080439579185,25.619570279108167,95.1047134970195
58.03869246164109,4.668080439579185,25.595605227677556,95.11660259884341
58.0787191460974,4.668080439579185,25.571684608126162,95.12846948472773
58.1187458305537,4.668080439579185,25.54780830301172,95.14031421339355
58.15877251501001,4.668080439579185,25.52397619528341,95.15213684336632
58.19879919946631,4.668080439579185,25.500188168280477,95.16393743297641
58.238825883922615,4.668080439579185,25.47644410573071,95.17571604035992
58.278852568378916,4.668080439579185,25.452743891748884,95.18747272345944
58.318879252835224,4.668080439579185,25.429087410835212,95.19920754002489
58.358905937291524,4.668080439579185,25.40547454787385,95.21092054761418
58.39893262174783,4.668080439579185,25.381905188131356,95.22261180359403
58.43895930620413,4.668080439579185,25.358379217255163,95.23428136514076
58.47898599066044,4.668080439579185,25.334896521271986,95.24592928924095
58.51901267511674,4.668080439579185,25.31145698658652,95.25755563269229
58.55903935957305,4.668080439579185,25.288060499979867,95.26916045210424
58.59906604402935,4.668080439579185,25.26470694860811,95.28074380389872
58.63909272848566,4.668080439579185,25.241396220000762,95.29230574431101
58.67911941294196,4.668080439579185,25.21812820205935,95.30384632939034
58.719146097398266,4.668080439579185,25.194902783055937,95.31536561500066
58.759172781854566,4.668080439579185,25.171719851631572,95.32686365682144
58.799199466310874,4.668080439579185,25.14857929679491,95.3383405103484
58.839226150767175,4.668080439579185,25.125481007920857,95.34979623089404
58.87925283522348,4.668080439579185,25.102424874749058,95.36123087358857
58.91927951967978,4.668080439579185,25.07941078738252,95.37264449338045
58.95930620413609,4.668080439579185,25.05643863628612,95.38403714503725
58.99933288859239,4.668080439579185,25.033508312285257,95.3954088831463
59.0393595730487,4.668080439579185,25.010619706564363,95.40675976211536
59.079386257505,4.668080439579185,24.98777271066545,95.41808983617345
59.11941294196131,4.668080439579185,24.964967216486865,95.42939915937136
59.15943962641761,4.668080439579185,24.942203116281867,95.44068778558245
59.199466310873916,4.668080439579185,24.9194803026572,95.45195576850341
59.23949299533022,4.668080439579185,24.89679866857175,95.46320316165475
59.279519679786524,4.668080439579185,24.87415810733515,95.47443001838165
59.319546364242825,4.668080439579185,24.85155851260644,95.48563639185461
59.35957304869913,4.668080439579185,24.828999778392582,95.49682233507016
59.39959973315543,4.668080439579185,24.80648179904721,95.50798790085146
59.43962641761174,4.668080439579185,24.7840044692693,95.51913314184903
59.47965310206804,4.668080439579185,24.761567684101845,95.53025811054137
59.51967978652435,4.668080439579185,24.73917133893046,95.54136285923568
59.55970647098065,4.668080439579185,24.716815329482106,95.55244744006848
59.59973315543696,4.668080439579185,24.694499551823725,95.56351190500628
59.63975983989326,4.668080439579185,24.672223902360912,95.5745563058463
59.679786524349566,4.668080439579185,24.649988277836524,95.58558069421713
59.71981320880587,4.668080439579185,24.627792575329536,95.59658512157921
59.759839893262175,4.668080439579185,24.605636692253675,95.60756963922577
59.799866577718475,4.668080439579185,24.58352052635615,95.61853429828315
59.83989326217478,4.668080439579185,24.56144397571631,95.62947914971167
59.879919946631084,4.668080439579185,24.539406938744435,95.64040424430624
59.91994663108739,4.668080439579185,24.517409314180387,95.6513096326969
59.95997331554369,4.668080439579185,24.49545100109236,95.6621953653495
60.0,4.668080439579185,24.473531898875482,95.67306149256656
