time_h,glucose,fructose,sugar_ref,ethanol,biomass
0.0,200.15776,200.15776,400.31552,0.0,6.2
0.1667778519012675,199.6223903667863,199.4747037113042,399.09709407809044,0.5608303063958149,6.2
0.333555703802535,199.0884547223764,198.7939810373564,397.88243575973286,1.1199264193405714,6.2
0.5003335557038026,198.55595060166146,198.11558624434156,396.67153684600305,1.6772921127239795,6.2
0.66711140760507,198.02487471250706,197.43951251362694,395.46438722613397,2.2329320404396635,6.2
0.8338892595063375,197.4952232321934,196.76575193559833,394.2609751677916,2.786851602773668,6.2
1.0006671114076051,196.96699169562135,196.09429526404048,393.0612869596618,3.33905711091855,6.2
1.1674449633088726,196.44017572088947,195.4251334267575,391.865309147647,3.8895547576722107,6.2
1.33422281521014,195.91477184786706,194.75825928877939,390.67303113664644,4.4383494198626625,6.2
1.5010006671114076,195.39077650345837,194.0936654777245,389.48444198118284,4.985446135592971,6.2
1.667778519012675,194.868185930475,193.4313442378549,388.29953016832985,5.5308502041578445,6.2
1.8345563709139425,194.34699632346752,192.77128773373536,387.11828405720286,6.074566983749966,6.2
2.0013342228152102,193.8272038925702,192.1134881556649,385.9406920482351,6.616601813543825,6.2
2.1681120747164777,193.3088048647912,191.45793773327912,384.7667425980703,7.156960006840691,6.2
2.334889926617745,192.79179550310315,190.8046287902615,383.59642429336463,7.695646817098382,6.2
2.5016677785190127,192.27617205326976,190.15355360529372,382.4297256585634,8.232667526409678,6.2
2.66844563042028,191.76193077860492,189.5047045028705,381.2666352814755,8.768027387701867,6.2
2.8352234823215476,191.24906796983782,188.85807387906212,380.10714184889997,9.301731608337715,6.2
3.002001334222815,190.73757990020923,188.21365408427897,378.95123398448817,9.833785424746505,6.2
3.1687791861240826,190.22746286698722,187.57143753141926,377.7989003984065,10.364194033535433,6.2
3.33555703802535,189.7187131830761,186.9314166740993,376.6501298571754,10.892962605372293,6.2
3.5023348899266176,189.2113271614624,186.2935839662512,375.5049111277136,11.42009631074168,6.2
3.669112741827885,188.70530112868485,185.65793189715458,374.36323302583946,11.945600297620112,6.2
3.8358905937291525,188.20063142483457,185.02445299143653,373.2250844162711,12.469479691475929,6.2
4.0026684456304205,187.69731440170014,184.39313980413007,372.09045420583016,12.991739598397674,6.2
4.169446297531688,187.1953464069783,183.763984878597,370.9593312855753,13.512385131729484,6.2
4.336224149432955,186.6947238062896,183.13698080519623,369.8317046114858,14.031421374932975,6.2
4.503002001334223,186.19544297994,182.51212021265394,368.70756319259397,14.548853387050146,6.2
4.66977985323549,185.6975003199371,181.88939576011276,367.5868960800499,15.064686207736376,6.2
4.836557705136758,185.2008922299902,181.26880013713176,366.469692367122,15.578924857260457,6.2
5.003335557038025,184.70561511873245,180.65032604560744,365.35594116433987,16.091574347945993,6.2
5.170113408939293,184.2116653919424,180.03396617902604,364.24563157096844,16.602639697301683,6.2
5.33689126084056,183.7190394750916,179.4197132826059,363.1387527576975,17.112125889959916,6.2
5.503669112741828,183.22773380397223,178.8075601282978,362.03529393226995,17.620037893497873,6.2
5.670446964643095,182.73774482421885,178.1974995135094,360.93524433772825,18.126380659244813,6.2
5.837224816544363,182.24906899129434,177.58952426105938,359.83859325235375,18.63115912230969,6.2
6.00400266844563,181.7617027693293,176.98362721540786,358.74532998473717,19.13437820385039,6.2
6.170780520346898,181.27564263203723,176.3798012456293,357.6554438776665,19.63604280928411,6.2
6.337558372248165,180.79088506333443,175.77803924742514,356.56892431075954,20.13615782707567,6.2
6.504336224149433,180.30742655682988,175.17833414146799,355.48576069829795,20.634728129734395,6.2
6.6711140760507,179.8252636158255,174.5806788734017,354.4059424892272,21.13175857381409,6.2
6.837891927951968,179.3443927531067,173.98506641316249,353.32945916626915,21.62725400032173,6.2
7.004669779853235,178.86481048970012,173.39148975095196,352.2563002406521,22.121219237143016,6.2
7.171447631754503,178.3865133567861,172.79994190343675,351.18645526022283,22.613659095308385,6.2
7.33822548365577,177.90949789527826,172.21041591238588,350.11991380766415,23.10457836981373,6.2
7.505003335557038,177.4337606556313,171.622904844047,349.0566654996782,23.593981839996005,6.2
7.671781187458305,176.95929819784052,171.03740178914626,347.9966999869868,24.081874269533376,6.2
7.8385590393595725,176.48610709093407,170.4538998612471,346.9400069521812,24.568260407434625,6.2
8.005336891260841,176.014183912588,169.87239219550756,345.8865761080956,25.053144988788105,6.2
8.172114743162108,175.54352525034875,169.29287195262856,344.8363972029773,25.53653273238178,6.2
8.338892595063376,175.07412770102601,168.71533231689168,343.7894600179177,26.018428341885876,6.2
8.505670446964643,174.60598787062895,168.13976649595418,342.7457543665831,26.498836505976513,6.2
8.67244829886591,174.13910237431736,167.56616772068983,341.7052700950072,26.977761898431574,6.2
8.839226150767178,173.67346783656623,166.9945292457327,340.667997082299,27.455209177804605,6.2
9.006004002668446,173.2090808912704,166.4248443498233,339.6339252410937,27.931182987217266,6.2
9.172781854569713,172.74593818118066,165.8571063339584,338.60304451513906,28.405687955470576,6.2
9.33955970647098,172.28403635809667,165.29130852202664,337.5753448801233,28.878728696663504,6.2
9.506337558372248,171.8233720828324,164.72744426069866,336.5508163435311,29.350309810259454,6.2
9.673115410273516,171.36394202517647,164.16550691929774,335.52944894447415,29.82043588116414,6.2
9.839893262174783,170.90574286416563,163.60548989069565,334.5112327548612,30.28911147918724,6.2
10.00667111407605,170.44877128826138,163.04738659188996,333.4961578801514,30.756341158695438,6.2
10.173448965977318,169.9930239945676,162.49119046145216,332.4842144560198,31.222129460147112,6.2
10.340226817878586,169.538497689142,161.9368949605449,331.4753926496869,31.68648090948082,6.2
10.507004669779853,169.085189086977,161.38449357286245,330.46968265983946,32.14940001815139,6.2
10.67378252168112,168.63309491197356,160.83397980454583,329.4670747165194,32.61089128318113,6.2
10.840560373582388,168.18221189694802,160.28534718421386,328.4675590811619,33.07095918714237,6.2
11.007338225483656,167.7325367836282,159.73858926295463,327.4711260465828,33.52960819816315,6.2
11.174116077384923,167.2840663225484,159.1936996139718,326.47776593652026,33.98684277013834,6.2
11.34089392928619,166.83679727306057,158.65067183262815,325.48746910568866,34.44266734270458,6.2
11.507671781187458,166.39072640330977,158.10949953636785,324.50022593967765,34.89708634128716,6.2
11.674449633088726,165.9458504902093,157.57017636463735,323.51602685484664,35.350104177148026,6.2
11.841227484989993,165.50216631942615,157.03269597884716,322.5348622982733,35.80172524741001,6.2
12.00800533689126,165.0596706853629,156.49705206231863,321.55672274768153,36.25195393508969,6.2
12.174783188792528,164.61836039110835,155.96323832010842,320.5815987112168,36.70079460920091,6.2
12.341561040693795,164.178232248424,155.43124847897417,319.60948072739814,37.148251624776755,6.2
12.508338892595063,163.73928307771993,154.90107628729766,318.6403593650176,37.59432932291601,6.2
12.67511674449633,163.3015097080301,154.37271551500686,317.67422522303696,38.039032030830576,6.2
12.841894596397598,162.86490897699775,153.84615995353732,316.71106893053513,38.48236406186972,6.2
13.008672448298865,162.42947773085714,153.3214034157776,315.75088114663475,38.924329715553775,6.2
13.175450300200133,161.99521282438616,152.79843973590303,314.7936525602892,39.364933277672385,6.2
13.3422281521014,161.5621111208928,152.27726276934018,313.839373890233,39.804179020307174,6.2
13.509006004002668,161.13016949219102,151.75786639269108,312.88803588488213,40.24207120187758,6.2
13.675783855903935,160.69938481857685,151.2402445036572,311.93962932223405,40.67861406718704,6.2
13.842561707805203,160.26975398881225,150.72439102099446,310.9941450098067,41.113811847451,6.2
14.00933955970647,159.84127390010661,150.2102998844601,310.0515737845667,41.54766876032982,6.2
14.176117411607738,159.41394145807618,149.69796505467022,309.11190651274643,41.98018901001328,6.2
14.342895263509005,158.9877535767284,149.1873805130579,308.17513408978635,42.41137678724678,6.2
14.509673115410273,158.56270717843918,148.678540261802,307.24124744024124,42.84123626937477,6.2
14.67645096731154,158.13879919393005,148.1714383237555,306.3102375176855,43.269771620384155,6.2
14.843228819212808,157.71602656224343,147.66606874236746,305.38209530461086,43.69698699095159,6.2
15.010006671114075,157.2943862307188,147.16242558160707,304.45681181232584,44.12288651848947,6.2
15.176784523015343,156.87387515497403,146.66050292590978,303.5343780808838,44.54747432717934,6.2
15.34356237491661,156.45449029888132,146.1602948801001,302.61478517898144,44.970754528018354,6.2
15.510340226817878,156.0362286345444,145.66179556932158,301.698024203866,45.39273121886218,6.2
15.677118078719145,155.61908714227667,145.16499913896806,300.78408628124475,45.813408484466585,6.2
15.843895930620413,155.20306281057378,144.66989975459578,299.87296256516953,46.232790396540565,6.2
16.010673782521682,154.7881526360887,144.17649160184263,298.96464423793134,46.65088101379499,6.2
16.177451634422948,154.37435362361938,143.68476888639898,298.05912251001837,47.06768438196168,6.2
16.344229486324217,153.9616627860819,143.19472583392022,297.1563886200021,47.48320453384605,6.2
16.511007338225482,153.55007714448817,142.7063566899579,296.25643383444606,47.89744548936904,6.2
16.67778519012675,153.13959372792377,142.21965571989057,295.3592494478143,48.31041125560918,6.2
16.844563042028017,152.73020957352387,141.73461720884805,294.4648267823719,48.72210582684851,6.2
17.011340893929287,152.3219217264499,141.25123546163772,293.57315718808763,49.132533184617266,6.2
17.178118745830552,151.9147272398717,140.7695048026933,292.68423204256493,49.54169729772568,6.2
17.34489659773182,151.50862317494347,140.28941957599858,291.79804275094205,49.94960212231007,6.2
17.511674449633087,151.10360660078194,139.81097414501986,290.91458074580174,50.35625160187411,6.2
17.678452301534357,150.6996745944443,139.33416289263792,290.0338374870823,50.76164966733025,6.2
17.845230153435622,150.29682424090618,138.8589802210796,289.1558044619858,51.16580023704133,6.2
18.01200800533689,149.8950526330397,138.38542055185007,288.2804731848898,51.56870721686183,6.2
18.178785857238157,149.49435687159217,137.91347832566782,287.40783519725994,51.97037450017773,6.2
18.345563709139427,149.09473406516423,137.44314800239673,286.537882067561,52.370805967947604,6.2
18.512341561040692,148.6961813301884,136.9744240609798,285.67060539116824,52.77000548874326,6.2
18.67911941294196,148.29869579090712,136.50730099937257,284.80599679027966,53.16797691879034,6.2
18.845897264843227,147.90227457935143,136.04177333447666,283.94404791382806,53.56472410200873,6.2
19.012675116744497,147.50691483531946,135.57783560207326,283.08475043739276,53.960250870053116,6.2
19.179452968645762,147.11261370635523,135.11548235675906,282.2280960631143,54.354561042352266,6.2
19.34623082054703,146.71936834772723,134.6547081718801,281.37407651960734,54.74765842614922,6.2
19.513008672448297,146.32717592240718,134.1955076394667,280.5226835618739,55.139546816541106,6.2
19.679786524349566,145.93603360104882,133.7378753701685,279.6739089712174,55.530229996518834,6.2
19.846564376250832,145.54593856196666,133.2818059931892,278.8277445551559,55.91971173700678,6.2
20.0133422281521,145.156887991115,132.8272941562217,277.9841821473367,56.3079957969025,6.2
20.180120080053367,144.7688790820669,132.374334525385,277.14321360745186,56.69508592311526,6.2
20.346897931954636,144.38190903599315,131.9229217851599,276.304830821153,57.08098585060536,6.2
20.513675783855902,143.99597506164176,131.473050638325,275.4690256999667,57.46569930242317,6.2
20.68045363575717,143.61107437531655,131.0247158058931,274.6357901812097,57.84922998974803,6.2
20.847231487658437,143.22720420085676,130.57791202704766,273.8051162279044,58.23158161192716,6.2
21.014009339559706,142.84436176961603,130.1326340590788,272.97699582869484,58.6127578565145,6.2
21.180787191460972,142.46254432044185,129.68887667732207,272.15142099776386,58.99276239930856,6.2
21.34756504336224,142.08174909965513,129.2466346750947,271.3283837747498,59.37159890439107,6.2
21.51434289526351,141.7019733610296,128.80590286363352,270.50787622466305,59.74927102416512,6.2
21.681120747164776,141.323214365771,128.36667607203245,269.68989043780346,60.12578239939337,6.2
21.847898599066045,140.94546938249718,127.92894914718059,268.8744185296777,60.50113665923591,6.2
22.01467645096731,140.5687356872172,127.49271695370037,268.0614526409176,60.87533742128812,6.2
22.18145430286858,140.19301056331145,127.05797437388593,267.2509849371974,61.2483882916184,6.2
22.348232154769846,139.81829130151115,126.6247163076416,266.44300760915274,61.62029286480573,6.2
22.515010006671115,139.444575199878,126.19293767242083,265.6375128722988,61.99105472397728,6.2
22.68178785857238,139.0718595637845,125.7626334031652,264.8344929669497,62.36067744084553,6.2
22.84856571047365,138.7001417058935,125.33379845224377,264.0339401581372,62.729164575745514,6.2
23.015343562374916,138.32941894613833,124.90642778939285,263.2358467355312,63.09651967767175,6.2
23.182121414276185,137.95968861170277,124.48051640165501,262.4402050133578,63.462746284315564,6.2
23.34889926617745,137.59094803700108,124.0560592933194,261.6470073303205,63.827847922101704,6.2
23.51567711807872,137.22319456365824,123.63305148586161,260.8562460495198,64.19182810622512,6.2
23.682454969979986,136.85642554049016,123.21148801788405,260.0679135583742,64.5546903406875,6.2
23.849232821881255,136.49063832348372,122.79136394505694,259.2820022685407,64.91643811833369,6.2
24.01601067378252,136.12583027577753,122.37267434005867,258.49850461583617,65.27707492088793,6.2
24.18278852568379,135.76199876764178,121.95541429251688,257.71741306015866,65.63660421899026,6.2
24.349566377585056,135.399141176459,121.53957890894928,256.9387200854083,65.99502947223263,6.2
24.516344229486325,135.03725488670452,121.12516331270541,256.1624181994099,66.35235412919478,6.2
24.68312208138759,134.6763372899267,120.71216264390799,255.38849993383465,66.70858162748017,6.2
24.84989993328886,134.3163857847278,120.30057205939491,254.61695784412268,67.06371539375155,6.2
25.016677785190126,133.95739777674473,119.890386732661,253.84778450940576,67.41775884376676,6.2
25.183455637091395,133.5993706786294,119.48160185380054,253.08097253242994,67.77071538241405,6.2
25.35023348899266,133.24230191002965,119.07421262944929,252.31651453947896,68.1225884037476,6.2
25.51701134089393,132.8861888975702,118.66821428272719,251.5544031802974,68.47338129102275,6.2
25.683789192795196,132.5310290748332,118.26360205318139,250.79463112801463,68.82309741673102,6.2
25.850567044696465,132.17681988233934,117.86037119672903,250.03719107906835,69.1717401426353,6.2
26.01734489659773,131.82355876752888,117.45851698560038,249.28207575312922,69.51931281980464,6.2
26.184122748499,131.47124318474246,117.0580347082826,248.52927789302504,69.865818788649,6.2
26.350900600400266,131.11987059520237,116.658919669463,247.77879026466542,70.21126137895402,6.2
26.517678452301535,130.7694384669936,116.26116718997297,247.03060565696654,70.55564390991559,6.2
26.6844563042028,130.41994427504494,115.86477260673202,246.28471688177692,70.89896969017408,6.2
26.85123415610407,130.0713855011104,115.46973127269186,245.54111677380226,71.241242017849,6.2
27.018012008005336,129.7237596337504,115.07603855678092,244.7997981905313,71.58246418057283,6.2
27.184789859906605,129.37706416831304,114.68368984384901,244.06075401216202,71.92263945552537,6.2
27.35156771180787,129.03129660691562,114.29268053461182,243.32397714152742,72.26177110946767,6.2
27.51834556370914,128.68645445842603,113.90300604559623,242.5894605040222,72.59986239877581,6.2
27.685123415610406,128.34253523844427,113.51466180908524,241.85719704752952,72.93691656947473,6.2
27.851901267511675,127.99953646928388,113.12764327306355,241.1271797423474,73.27293685727186,6.2
28.01867911941294,127.65745567995378,112.74194590116294,240.39940158111673,73.60792648759056,6.2
28.18545697131421,127.31629040613977,112.35756517260808,239.67385557874786,73.94188867560365,6.2
28.352234823215476,126.97603819018619,111.97449658216259,238.95053477234876,74.27482662626669,6.2
28.519012675116745,126.6366965810778,111.59273564007498,238.2294322211528,74.60674353435104,6.2
28.68579052701801,126.29826313442155,111.21227787202518,237.51054100644677,74.93764258447713,6.2
28.85256837891928,125.96073541242833,110.83311881907082,236.79385423149913,75.26752695114733,6.2
29.019346230820545,125.62411098389518,110.4552540375942,236.0793650214894,75.5963997987787,6.2
29.186124082721815,125.28838742418685,110.07867909924899,235.36706652343585,75.92426428173601,6.2
29.35290193462308,124.95356231521814,109.70338959090739,234.65695190612553,76.25112354436409,6.2
29.51967978652435,124.61963324543576,109.32938111460726,233.949014360043,76.5769807210206,6.2
29.686457638425615,124.28659780980068,108.9566492874999,233.24324709730058,76.90183893610819,6.2
29.853235490326885,123.95445360976996,108.58518974179722,232.53964335156718,77.22570130410713,6.2
30.02001334222815,123.62319825327928,108.21499812471991,231.83819637799917,77.54857092960724,6.2
30.18679119412942,123.29282935472506,107.8460700984454,231.1388994531704,77.87045090734007,6.2
30.353569046030685,122.96334453494671,107.47840134005587,230.44174587500257,78.19134432221101,6.2
30.520346897931955,122.6347414212092,107.11198754148673,229.7467289626959,78.51125424933103,6.2
30.68712474983322,122.30701764718525,106.74682440947525,229.0538420566605,78.83018375404846,6.2
30.85390260173449,121.98017085293802,106.38290766550911,228.36307851844714,79.14813589198077,6.2
31.020680453635755,121.65419868490333,106.0202330457755,227.67443173067886,79.465113709046,6.2
31.187458305537024,121.32909879587255,105.65879630111002,226.98789509698258,79.78112024149434,6.2
31.35423615743829,121.00486884497501,105.29859319694611,226.30346204192114,80.09615851593945,6.2
31.52101400933956,120.68150649766068,104.93961951326438,225.62112601092508,80.4102315493896,6.2
31.687791861240825,120.35900942568297,104.58187104454235,224.9408804702253,80.72334234927895,6.2
31.854569713142094,120.0373753070814,104.22534359970408,224.26271890678547,81.03549391349858,6.2
32.021347565043364,119.71660182616436,103.87003300207047,223.58663482823485,81.34668923042739,6.2
32.18812541694463,119.39668667349217,103.51593508930893,222.9126217628011,81.65693127896289,6.2
32.354903268845895,119.07762754585978,103.16304571338415,222.24067325924392,81.96622302855205,6.2
32.52168112074717,118.75942214627976,102.81136074050838,221.57078288678812,82.27456743922185,6.2
32.688458972648434,118.44206818396549,102.46087605109217,220.90294423505767,82.58196746160974,6.2
32.8552368245497,118.12556337431386,102.11158753969526,220.23715091400913,82.88842603699422,6.2
33.022014676450965,117.80990543888869,101.76349111497743,219.5733965538661,83.19394609732514,6.2
33.18879252835224,117.49509210540364,101.41658269964996,218.9116748050536,83.49853056525379,6.2
33.3555703802535,117.18112110770555,101.07085823042682,218.25197933813237,83.80218235416316,6.2
33.52234823215477,116.86799018575769,100.72631365797614,217.59430384373385,84.10490436819786,6.2
33.689126084056035,116.55569708562282,100.38294494687217,216.938642032495,84.40669950229417,6.2
33.85590393595731,116.24423955944685,100.04074807554694,216.2849876349938,84.70757064220973,6.2
34.02268178785857,115.9336153654419,99.69971903624237,215.63333440168427,85.00752066455335,6.2
34.18945963975984,115.62382226786997,99.35985383496255,214.98367610283253,85.30655243681456,6.2
34.356237491661105,115.31485803702627,99.02114849142596,214.33600652845223,85.60466881739326,6.2
34.52301534356238,115.00672044922271,98.68359903901823,213.69031948824096,85.90187265562905,6.2
34.68979319546364,114.6994072867717,98.34720152474473,213.04660881151645,86.19816679183052,6.2
34.85657104736491,114.39291633796941,98.01195200918345,212.40486834715284,86.49355405730464,6.2
35.023348899266175,114.08724539707973,97.67784656643808,211.76509196351776,86.78803727438569,6.2
35.19012675116745,113.7823922643177,97.3448812840911,211.1272735484088,87.08161925646455,6.2
35.35690460306871,113.47835474583363,97.01305226315746,210.49140700899108,87.37430280801735,6.2
35.52368245496998,113.17513065369646,96.68235561803783,209.8574862717343,87.66609072463457,6.2
35.690460306871245,112.87271780587781,96.35278747647241,209.2255052823502,87.95698579304967,6.2
35.85723815877252,112.57111402623588,96.02434397949476,208.59545800573065,88.24699079116775,6.2
36.02401601067378,112.27031714449956,95.69702128138591,207.96733842588546,88.53610848809404,6.2
36.19079386257505,111.97032499625183,95.37081554962843,207.34114054588028,88.8243416441626,6.2
36.357571714476315,111.67113542291433,95.04572296486087,206.7168583877752,89.11169301096444,6.2
36.52434956637759,111.3727462717313,94.7217397208322,206.0944859925635,89.39816533137589,6.2
36.69112741827885,111.07515539575348,94.39886202435659,205.47401742011004,89.68376133958678,6.2
36.85790527018012,110.77836065382242,94.07708609526806,204.85544674909045,89.96848376112858,6.2
37.024683122081385,110.48235991055476,93.75640816637569,204.23876807693046,90.25233531290222,6.2
37.19146097398266,110.18715103632624,93.4368244834185,203.62397551974473,90.5353187032063,6.2
37.35823882588392,109.89273190725618,93.11833130502104,203.01106321227726,90.81743663176454,6.2
37.52501667778519,109.59910040519173,92.80092490264855,202.4000253078403,91.09869178975374,6.2
37.691794529686454,109.30625441769222,92.48460156056278,201.79085597825502,91.37908685983142,6.2
37.85857238158773,109.01419183801356,92.1693575757777,201.18354941379127,91.65862451616309,6.2
38.02535023348899,108.72291056509296,91.8551892580155,200.57809982310846,91.93730742444997,6.2
38.19212808539026,108.43240850353294,91.54209292966245,199.9745014331954,92.21513824195625,6.2
38.358905937291524,108.1426835635863,91.23006492572533,199.37274848931165,92.49211961753632,6.2
38.5256837891928,107.85373366114052,90.91910159378779,198.7728352549283,92.76825419166194,6.2
38.69246164109406,107.56555671770246,90.6091992939668,198.17475601166927,93.04354459644937,6.2
38.85923949299533,107.278150660383,90.30035439886942,197.57850505925242,93.31799345568625,6.2
39.026017344896594,106.9915134218817,89.99256329354958,196.98407671543129,93.5916033848587,6.2
39.19279519679787,106.70564294047173,89.68582237546516,196.39146531593693,93.86437699117792,6.2
39.35957304869913,106.42053715998448,89.38012805443506,195.80066521441955,94.13631687360704,6.2
39.5263509006004,106.13619402979455,89.07547675259647,195.21167078239102,94.40742562288766,6.2
39.693128752501664,105.85261150480454,88.77186490436237,194.6244764091669,94.67770582156652,6.2
39.85990660440294,105.56978754543003,88.46928895637913,194.03907650180918,94.94716004402183,6.2
40.0266844563042,105.28772011758457,88.16774536748423,193.4554654850688,95.21579085648972,6.2
40.19346230820547,105.00640719266464,87.86723060866413,192.87363780132875,95.48360081709042,6.2
40.360240160106734,104.72584674753476,87.5677411630123,192.29358791054705,95.75059247585467,6.2
40.52701801200801,104.44603676451247,87.2692735256874,191.71531029019988,96.01676837474959,6.2
40.69379586390927,104.16697523135366,86.9718242038717,191.13879943522537,96.28213104770485,6.2
40.86057371581054,103.88866014123761,86.67538971672943,190.564049857967,96.54668302063847,6.2
41.027351567711804,103.61108949275223,86.37996659536545,189.9910560881177,96.81042681148288,6.2
41.19412941961308,103.33426128987935,86.085551382784,189.41981267266334,97.07336493021049,6.2
41.36090727151434,103.05817354198004,85.79214063384771,188.85031417582775,97.3354998788594,6.2
41.52768512341561,102.78282426377993,85.49973091523643,188.28255517901638,97.59683415155912,6.2
41.694462975316874,102.50821147535456,85.2083188054066,187.7165302807612,97.85737023455596,6.2
41.86124082721815,102.23433320211488,84.91790089455067,187.15223409666555,98.11711060623843,6.2
42.02801867911941,101.96118747479264,84.62847378455625,186.58966125934887,98.3760577371627,6.2
42.19479653102068,101.68877232942599,84.3400340889661,186.02880641839212,98.6342140900778,6.2
42.361574382921944,101.4170858073449,84.05257843293768,185.46966424028258,98.89158211995074,6.2
42.52835223482322,101.14612595515689,83.76610345320302,184.9122294083599,99.1481642739917,6.2
42.69513008672448,100.87589082473261,83.48060579802896,184.35649662276157,99.40396299167894,6.2
42.86190793862575,100.60637847319138,83.19608212717718,183.80246060036856,99.65898070478374,6.2
43.02868579052702,100.33758696288716,82.91252911186449,183.25011607475162,99.91321983739536,6.2
43.19546364242829,100.06951436139397,82.62994343472349,182.69945779611746,100.16668280594561,6.2
43.36224149432955,99.80215874149198,82.34832178976293,182.15048053125494,100.41937201923376,6.2
43.52901934623082,99.5355181811532,82.06766088232862,181.60317906348183,100.67128987845086,6.2
43.69579719813209,99.26959076352729,81.78795742906418,181.05754819259147,100.92243877720449,6.2
43.86257505003336,99.00437457692762,81.50920815787214,180.51358273479977,101.17282110154305,6.2
44.02935290193462,98.73986771481705,81.23140980787505,179.9712775226921,101.42243922998021,6.2
44.19613075383589,98.47606827579403,80.95455912937679,179.4306274051708,101.67129553351913,6.2
44.36290860573716,98.21297436357857,80.67865288382393,178.89162724740254,101.91939237567662,6.2
44.52968645763843,97.95058408699843,80.40368784376734,178.35427193076578,102.1667321125073,6.2
44.69646430953969,97.68889555997485,80.12966079282381,177.81855635279868,102.41331709262776,6.2
44.86324216144096,97.42790690150917,79.85656852563795,177.28447542714713,102.65914965724022,6.2
45.03002001334223,97.1676162356688,79.58440784784408,176.75202408351285,102.9042321401566,6.2
45.1967978652435,96.9080216915732,79.31317557602841,176.2211972676016,103.14856686782231,6.2
45.36357571714476,96.64912140338059,79.04286853769109,175.69198994107165,103.39215615933998,6.2
45.53035356904603,96.39091351027392,78.77348357120873,175.16439708148263,103.63500232649297,6.2
45.6971314209473,96.13339615644726,78.5050175257967,174.63841368224396,103.87710767376907,6.2
45.863909272848566,95.87656749109226,78.23746726147203,174.11403475256427,104.11847449838396,6.2
46.03068712474983,95.62042566838443,77.97082964901585,173.59125531740025,104.35910509030452,6.2
46.1974649766511,95.36496884746974,77.70510156993645,173.07007041740619,104.5990017322723,6.2
46.36424282855237,95.11019519245089,77.44027991643209,172.550475108883,104.83816669982666,6.2
46.531020680453636,94.85610287237412,77.17636159135449,172.0324644637286,105.07660226132795,6.2
46.6977985323549,94.60269006121545,76.91334350817166,171.5160335693871,105.31431067798071,6.2
46.86457638425617,94.34995493786745,76.65122259093161,171.00117752879905,105.55129420385664,6.2
47.03135423615744,94.09789568612594,76.38999577422564,170.48789146035156,105.78755508591743,6.2
47.198132088058706,93.84651049467651,76.12966000315222,169.97617049782872,106.02309556403782,6.2
47.36490993995997,93.59579755708126,75.87021223328055,169.4660097903618,106.25791787102828,6.2
47.53168779186124,93.34575507176554,75.61164943061455,168.9574045023801,106.49202423265781,6.2
47.69846564376251,93.09638124200485,75.35396857155686,168.4503498135617,106.72541686767642,6.2
47.865243495663776,92.84767427591149,75.09716664287303,167.94484091878454,106.95809798783789,6.2
48.03202134756504,92.59963238642148,74.84124064165572,167.4408730280772,107.19006979792225,6.2
48.19879919946631,92.35225379128148,74.58618757528913,166.93844136657063,107.42133449575802,6.2
48.36557705136758,92.10553671303568,74.3320044614136,166.43754117444928,107.65189427224479,6.2
48.532354903268846,91.8594793790128,74.07868832789009,165.9381677069029,107.88175131137528,6.2
48.69913275517011,91.61408002131299,73.8262362127651,165.4403162340781,108.11090779025778,6.2
48.86591060707138,91.36933687679497,73.57464516423549,164.94398204103047,108.33936587913804,6.2
49.03268845897265,91.12524818706306,73.32391224061348,164.44916042767653,108.56712774142149,6.2
49.199466310873916,90.8818121984543,73.07403451029187,163.95584670874615,108.79419553369515,6.2
49.36624416277518,90.63902716202556,72.82500905170916,163.46403621373472,109.02057140574954,6.2
49.53302201467645,90.39689133354074,72.57683295331503,162.97372428685577,109.24625750060058,6.2
49.69979986657772,90.15540297345798,72.32950331353585,162.48490628699386,109.47125595451128,6.2
49.866577718478986,89.91456034691694,72.08301724074025,161.9975775876572,109.69556889701344,6.2
50.03335557038025,89.67436172372597,71.8373718532048,161.51173357693074,109.9191984509294,6.2
50.20013342228152,89.43480537834957,71.59256427908005,161.0273696574296,110.14214673239339,6.2
50.36691127418279,89.19588958989569,71.34859165635628,160.54448124625196,110.36441585087314,6.2
50.533689126084056,88.95761264210307,71.1054511328298,160.06306377493289,110.5860079091914,6.2
50.70046697798532,88.71997282332879,70.86313986606899,159.58311268939775,110.80692500354685,6.2
50.86724482988659,88.48296842653549,70.62165502338082,159.10462344991632,111.02716922353596,6.2
51.03402268178786,88.24659774927918,70.3809937817771,158.62759153105628,111.24674265217377,6.2
51.200800533689126,88.01085909369651,70.14115332794113,158.15201242163764,111.46564736591519,6.2
51.36757838559039,87.77575076649248,69.9021308581945,157.67788162468693,111.6838854346759,6.2
51.53435623749166,87.5412710789279,69.66392357846358,157.2051946573915,111.90145892185366,6.2
51.70113408939293,87.30741834680721,69.4265287042468,156.73394705105403,112.1183698843489,6.2
51.867911941294196,87.07419089046603,69.18994346058147,156.26413435104752,112.33462037258566,6.2
52.03468979319546,86.84158703475876,68.9541650820109,155.79575211676968,112.55021243053262,6.2
52.20146764509673,86.60960510904656,68.71919081255174,155.3287959215983,112.76514809572348,6.2
52.368245496998,86.37824344718489,68.48501790566131,154.8632613528462,112.97942939927773,6.2
52.535023348899266,86.14750038751146,68.25164362420516,154.3991440117166,113.19305836592135,6.2
52.70180120080053,85.91737427283394,68.01906524042452,153.93643951325845,113.40603701400714,6.2
52.8685790527018,85.68786345041802,67.78728003590417,153.4751434863222,113.61836735553534,6.2
53.03535690460307,85.45896627197503,67.5562853015401,153.01525157351512,113.83005139617386,6.2
53.202134756504336,85.23068109365018,67.32607833750771,152.55675943115787,114.04109113527865,6.2
53.3689126084056,85.00300627601027,67.09665645322944,152.09966272923972,114.25148856591402,6.2
53.535690460306874,84.77594018403187,66.86801696734338,151.64395715137525,114.46124567487266,6.2
53.70246831220814,84.54948118708928,66.64015720767124,151.18963839476052,114.67036444269587,6.2
53.869246164109406,84.32362765894264,66.41307451118674,150.73670217012935,114.87884684369367,6.2
54.03602401601067,84.0983779777259,66.18676622398426,150.28514420171015,115.08669484596462,6.2
54.202801867911944,83.87373052593513,65.9612297012474,149.83496022718253,115.29391041141575,6.2
54.36957971981321,83.64968369041665,65.73646230721754,149.38614599763415,115.50049549578259,6.2
54.536357571714476,83.42623586235513,65.51246141516275,148.93869727751786,115.7064520486487,6.2
54.70313542361574,83.20338543726189,65.28922440734681,148.4926098446087,115.91178201346568,6.2
54.869913275517014,82.98113081496314,65.06674867499807,148.0478794899612,116.11648732757259,6.2
55.03669112741828,82.7594703995884,64.84503161827871,147.60450201786708,116.32056992221554,6.2
55.203468979319545,82.5384025995586,64.62407064625393,147.16247324581252,116.52403172256744,6.2
55.37024683122081,82.31792582757463,64.40386317686132,146.72178900443595,116.72687464774725,6.2
55.537024683122084,82.09803850060565,64.1844066368803,146.28244513748595,116.92910061083948,6.2
55.70380253502335,81.8787390398776,63.96569846190181,145.8444375017794,117.1307115189134,6.2
55.870580386924615,81.6600258708615,63.74773609629778,145.40776196715925,117.33170927304259,6.2
56.03735823882588,81.44189742326208,63.530516993191036,144.97241441645312,117.53209576832377,6.2
56.204136090727154,81.2243521310063,63.314038614425144,144.53839074543146,117.7318728938963,6.2
56.37091394262842,81.00738843223176,63.09829843053448,144.10568686276625,117.93104253296096,6.2
56.537691794529685,80.79100476927549,62.88329392071419,143.67429868998968,118.12960656279928,6.2
56.70446964643095,80.5751995886624,62.66902257279043,143.24422216145283,118.3275668547922,6.2
56.871247498332224,80.35997134109398,62.45548188319076,142.81545322428474,118.52492527443918,6.2
57.03802535023349,80.14531848143706,62.242669356914384,142.38798783835142,118.72168368137693,6.2
57.204803202134755,79.93123946871236,62.03058250750285,141.96182197621522,118.91784392939819,6.2
57.37158105403602,79.71773276608336,61.81921885701044,141.53695162309378,119.11340786647048,6.2
57.538358905937294,79.50479684084503,61.60857593597504,141.11337277682003,119.30837733475475,6.2
57.70513675783856,79.29243016441261,61.39865128338893,140.69108144780154,119.50275417062394,6.2
57.871914609739825,79.08063121231055,61.1894424466696,140.27007365898018,119.69654020468145,6.2
58.03869246164109,78.8693984641612,60.98094698163091,139.85034544579207,119.88973726177979,6.2
58.205470313542364,78.65873040367377,60.773162452454066,139.43189285612783,120.08234716103877,6.2
58.37224816544363,78.44862551863346,60.56608643165892,139.01471195029237,120.27437171586398,6.2
58.539026017344895,78.23908230089008,60.359716500075265,138.59879880096534,120.46581273396508,6.2
58.70580386924616,78.03009924634723,60.154050246814236,138.18414949316147,120.65667201737398,6.2
58.872581721147434,77.82167485495131,59.94908526923982,137.77076012419113,120.84695136246297,6.2
59.0393595730487,77.61380763068057,59.744819172940545,137.35862680362112,121.0366525599629,6.2
59.206137424949965,77.40649608153412,59.54124957170105,136.94774565323516,121.22577739498124,6.2
59.37291527685123,77.19973871952106,59.33837408747401,136.5381128069951,121.41432764702,6.2
59.5396931287525,76.99353406064972,59.136190350351974,136.1297244110017,121.60230508999373,6.2
59.70647098065377,76.78788062491665,58.93469599853948,135.72257662345612,121.78971149224733,6.2
59.873248832555035,76.582776936296,58.73388867832499,135.31666561462097,121.97654861657382,6.2
60.0400266844563,76.3782215227286,58.533766044053245,134.91198756678185,122.1628182202323,6.2
60.20680453635757,76.17421291611129,58.334325758097364,134.50853867420867,122.34852205496543,6.2
60.37358238825884,75.9707496522862,58.13556549083158,134.1063151431178,122.53366186701716,6.2
60.540360240160105,75.7678302710301,57.937482920603294,133.70531319163342,122.71823939715034,6.2
60.70713809206137,75.56545331604366,57.740075733706014,133.30552904974965,122.90225638066421,6.2
60.87391594396264,75.36361733494084,57.54334162435175,132.90695895929258,123.08571454741177,6.2
61.04069379586391,75.16232087923841,57.347278294644134,132.50959917388255,123.26861562181737,6.2
61.207471647765175,74.96156250434527,57.15188345455092,132.1134459588962,123.45096132289396,6.2
61.37424949966644,74.76134076955185,56.95715482187711,131.71849559142896,123.63275336426044,6.2
61.54102735156771,74.56165423801987,56.76309012223808,131.32474436025797,123.81399345415879,6.2
61.70780520346898,74.3625014767715,56.56968708903262,130.93218856580413,123.99468329547139,6.2
61.874583055370245,74.16388105667926,56.37694346341614,130.54082452009538,124.17482458573807,6.2
62.04136090727151,73.96579155245527,56.184856994274206,130.15064854672946,124.35441901717313,6.2
62.20813875917278,73.76823154264108,55.993425438195715,129.7616569808368,124.53346827668256,6.2
62.37491661107405,73.57119960959731,55.802646559446565,129.37384616904387,124.71197404588071,6.2
62.541694462975315,73.37469433949316,55.61251812994325,128.98721246943643,124.88993800110744,6.2
62.70847231487658,73.1787143222962,55.423037929226524,128.60175225152273,125.06736181344488,6.2
62.87525016677785,72.9832581517621,55.23420374443516,128.21746189619728,125.24424714873417,6.2
63.04202801867912,72.78832442542436,55.046013370280036,127.8343377957044,125.42059566759224,6.2
63.208805870580385,72.59391174458402,54.8584646090178,127.45237635360184,125.59640902542861,6.2
63.37558372248165,72.4000187142996,54.671555270425166,127.07157398472476,125.77168887246177,6.2
63.54236157438292,72.20664394337682,54.485283171772956,126.69192711514978,125.94643685373607,6.2
63.70913942628419,72.01378604435851,54.29964613780048,126.31343218215899,126.12065460913792,6.2
63.875917278185455,71.82144363351452,54.11464200068965,125.93608563420416,126.29434377341244,6.2
64.04269513008673,71.6296153308315,53.93026860003961,125.55988393087111,126.46750597617998,6.2
64.20947298198799,71.4382997600031,53.74652378284114,125.18482354284424,126.64014284195213,6.2
64.37625083388926,71.24749554841968,53.563405403451256,124.81090095187095,126.81225599014847,6.2
64.54302868579053,71.05720132715848,53.3809113235679,124.43811265072638,126.98384703511249,6.2
64.70980653769179,70.86741573097352,53.19903941220485,124.06645514317837,127.15491758612785,6.2
64.87658438959306,70.67813739828578,53.0177875456663,123.6959249439521,127.32546924743464,6.2
65.04336224149434,70.48936497117322,52.837153607522104,123.32651857869531,127.49550361824551,6.2
65.2101400933956,70.30109709536086,52.65713548858264,122.95823258394351,127.66502229276144,6.2
65.37691794529687,70.11333242021094,52.477731086873945,122.59106350708487,127.83402686018805,6.2
65.54369579719813,69.92606959871314,52.29893830761303,122.22500790632617,128.0025189047513,6.2
65.7104736490994,69.73930728747469,52.12075506318301,121.8600623506577,128.1705000057136,6.2
65.87725150100067,69.5530441467106,51.94317927310865,121.49622341981923,128.33797173738935,6.2
66.04402935290193,69.36727884023394,51.76620886403173,121.13348770426568,128.5049356691611,6.2
66.2108072048032,69.1820100354461,51.589841769686565,120.77185180513268,128.67139336549496,6.2
66.37758505670448,68.99723640332702,51.41407593087575,120.41131233420276,128.83734638595638,6.2
66.54436290860573,68.81295661842569,51.238909295445886,120.05186591387157,129.00279628522586,6.2
66.711140760507,68.6291693588502,51.06433981826316,119.69350917711337,129.16774461311445,6.2
66.87791861240827,68.44587330625853,50.890365461189525,119.33623876744805,129.33219291457928,6.2
67.04469646430954,68.26306714584847,50.716984193058494,118.98005133890696,129.49614272973915,6.2
67.21147431621081,68.08074956634847,50.544193989651234,118.6249435559997,129.6595955938897,6.2
67.37825216811207,67.89891926000794,50.37199283367276,118.2709120936807,129.8225530375191,6.2
67.54503002001334,67.71757492258756,50.20037871472802,117.91795363731558,129.9850165863231,6.2
67.71180787191462,67.53671525335008,50.029349629298295,117.56606488264839,130.14698776122057,6.2
67.87858572381587,67.35633895505075,49.8589035807177,117.21524253576845,130.30846807836846,6.2
68.04536357571715,67.17644473392767,49.68903857914933,116.865483313077,130.46945904917726,6.2
68.2121414276184,66.99703129969272,49.51975264156209,116.51678394125483,130.62996218032583,6.2
68.37891927951968,66.81809736552196,49.351043791707234,116.16914115722923,130.7899789737767,6.2
68.54569713142095,66.63964164804634,49.18291006009498,115.82255170814132,130.94951092679105,6.2
68.71247498332221,66.46166286734226,49.015349483971534,115.47701235131379,131.10855953194354,6.2
68.87925283522348,66.28415974692238,48.84836010729567,115.13251985421805,131.26712627713763,6.2
69.04603068712476,66.10713101372633,48.68193998071591,114.78907099444224,131.42521264561992,6.2
69.21280853902601,65.93057539811137,48.51608716154744,114.44666255965882,131.58282011599542,6.2
69.37958639092729,65.75449163384316,48.35079971374925,114.10529134759241,131.7399501622422,6.2
69.54636424282855,65.57887845808668,48.186075707901296,113.76495416598797,131.89660425372603,6.2
69.71314209472982,65.40373461139684,48.02191322118182,113.42564783257866,132.05278385521527,6.2
69.87991994663109,65.22905883770953,47.85831033734465,113.08736917505416,132.2084904268953,6.2
70.04669779853235,65.05484988433231,47.69526514669665,112.75011503102897,132.3637254243833,6.2
70.21347565043362,64.88110650193543,47.53277574607519,112.41388224801062,132.51849029874262,6.2
70.3802535023349,64.70782744454264,47.370840238825735,112.07866768336838,132.6727864964975,6.2
70.54703135423615,64.53501146952229,47.20945673477957,111.74446820430187,132.82661545964731,6.2
70.71380920613743,64.36265733757801,47.04862335023145,111.41128068780947,132.97997862568113,6.2
70.88058705803869,64.1907638127401,46.88833820791744,111.07910202065754,133.1328774275919,6.2
71.04736490993996,64.01932966235613,46.7285994369928,110.74792909934894,133.28531329389094,6.2
71.21414276184123,63.84835365708226,46.56940517300993,110.41775883009218,133.4372876486222,6.2
71.38092061374249,63.67783457087422,46.41075355789656,110.0885881287708,133.5888019113763,6.2
71.54769846564376,63.50777118097838,46.25264273993358,109.76041392091196,133.73985749730494,6.2
71.71447631754504,63.338162267922876,46.0950708737335,109.43323314165637,133.89045581713478,6.2
71.8812541694463,63.169006615508785,45.93803612021861,109.1070427357274,134.0405982771818,6.2
72.04803202134757,63.0003030108012,45.78153664659925,108.78183965740044,134.19028627936507,6.2
72.21480987324883,62.832050244120495,45.62557062635244,108.45762087047295,134.3395212212209,6.2
72.3815877251501,62.664247109033454,45.4701362392001,108.13438334823356,134.48830449591688,6.2
72.54836557705137,62.49689240234466,45.31523167108787,107.81212407343253,134.6366374922654,6.2
72.71514342895263,62.32998492408756,45.16085511416358,107.49084003825115,134.78452159473792,6.2
72.8819212808539,62.16352347751584,45.00700476675603,107.17052824427189,134.93195818347863,6.2
73.04869913275517,61.99750686909479,44.853678833353776,106.85118570244857,135.0789486343181,6.2
73.21547698465643,61.83193390849253,44.70087552458401,106.53280943307655,135.22549431878716,6.2
73.3822548365577,61.66680340857134,44.54859305719144,106.21539646576278,135.37159660413053,6.2
73.54903268845896,61.50211418537924,44.39682965401736,105.8989438393966,135.51725685332036,6.2
73.71581054036024,61.33786505814108,44.245583543978675,105.58344860211974,135.66247642507005,6.2
73.88258839226151,61.174054849250275,44.094852962047106,105.2689078112974,135.80725667384743,6.2
74.04936624416277,61.01068238426005,43.94463614922838,104.95531853348844,135.95159894988862,6.2
74.21614409606404,60.84774649187494,43.79493135254152,104.64267784441647,136.09550459921135,6.2
74.38292194796531,60.68524600394236,43.645736824998245,104.33098282894062,136.23897496362827,6.2
74.54969979986657,60.52317975544408,43.49705082558241,104.02023058102648,136.38201138076045,6.2
74.71647765176785,60.3615465844877,43.348871619229435,103.71041820371713,136.5246151840506,6.2
74.88325550366912,60.20034533229834,43.20119747680602,103.40154280910437,136.6667877027765,6.2
75.05003335557038,60.039574843210126,43.05402667508973,103.09360151829985,136.8085302620641,6.2
75.21681120747165,59.87923396465783,42.90735749674862,102.78659146140646,136.94984418290082,6.2
75.38358905937291,59.71932154716854,42.76118823032124,102.48050977748979,137.09073078214854,6.2
75.55036691127418,59.55983644435324,42.61551717019628,102.17535361454952,137.231191372557,6.2
75.71714476317545,59.40077751289854,42.47034261659265,101.8711201294912,137.3712272627765,6.2
75.88392261507671,59.24214361255841,42.32566287553944,101.56780648809784,137.51083975737123,6.2
76.05070046697799,59.083933606145756,42.181476258855916,101.26540986500169,137.6500301568321,6.2
76.21747831887926,58.92614635952438,42.0377810841318,100.96392744365619,137.78879975758977,6.2
76.38425617078052,58.76878074160059,41.89457567470734,100.66335641630793,137.92714985202736,6.2
76.55103402268179,58.61183562431503,41.75185835965365,100.36369398396867,138.06508172849362,6.2
76.71781187458305,58.4553098826345,41.60962747375309,100.06493735638759,138.20259667131552,6.2
76.88458972648432,58.2992023945438,41.46788135747956,99.76708375202338,138.339695960811,6.2
77.0513675783856,58.14351204103759,41.326618356979125,99.47013039801672,138.47638087330188,6.2
77.21814543028685,57.98823770611229,41.185836824050455,99.17407453016274,138.61265268112635,6.2
77.38492328218813,57.833378276757884,41.045535116125464,98.87891339288333,138.7485126526518,6.2
77.5517011340894,57.67893264294993,40.905711596250015,98.58464423919995,138.88396205228744,6.2
77.71847898599066,57.52489969764159,40.76636463306467,98.29126433070626,139.0190021404965,6.2
77.88525683789193,57.37127833675533,40.62749260078542,97.99877093754075,139.15363417380937,6.2
78.05203468979319,57.21806745917528,40.48909387918472,97.70716133836001,139.28785940483547,6.2
78.21881254169446,57.06526596673883,40.351166853572266,97.41643282031109,139.4216790822762,6.2
78.38559039359573,56.912872764229036,40.21370991477611,97.12658267900514,139.55509445093705,6.2
78.552368245497,56.760886759366485,40.07672145912374,96.83760821849023,139.68810675174,6.2
78.71914609739827,56.6093068628014,39.94019988842314,96.54950675122453,139.820717221736,6.2
78.88592394929954,56.45813198810573,39.80414360994411,96.26227559804984,139.952927094117,6.2
79.0527018012008,56.307361051765334,39.66855103639944,95.97591208816479,140.08473759822851,6.2
79.21947965310207,56.156992973172,39.533420585926294,95.69041355909829,140.21614995958154,6.2
79.38625750500333,56.00702667461578,39.398750682067636,95.4057773566834,140.347165399865,6.2
79.5530353569046,55.85746108127701,39.26453975375359,95.1220008350306,140.47778513695744,6.2
79.71981320880587,55.70829512121859,39.130786235283104,94.83908135650171,140.60801038493972,6.2
79.88659106070713,55.559527725378295,38.997488566305506,94.55701629168378,140.7378423541065,6.2
80.0533689126084,55.41115782756083,38.86464519180203,94.27580301936285,140.86728225097866,6.2
80.22014676450968,55.26318436443027,38.732254562067745,93.99543892649803,140.99633127831495,6.2
80.38692461641094,55.11560627550225,38.60031513269322,93.71592140819547,141.12499063512425,6.2
80.55370246831221,54.96842250313637,38.46882536454633,93.43724786768269,141.2532615166771,6.2
80.72048032021347,54.8216319925284,38.33778372375427,93.15941571628268,141.3811451145179,6.2
80.88725817211474,54.67523369170277,38.207188681685444,92.88242237338821,141.50864261647652,6.2
81.05403602401601,54.529226551504884,38.07703871493156,92.60626526643642,141.63575520668016,6.2
81.22081387591727,54.38360952559349,37.9473323052897,92.33094183088318,141.76248406556496,6.2
81.38759172781855,54.23838157043306,37.81806793974439,92.05644951017746,141.88883036988804,6.2
81.55436957971982,54.09354164528642,37.689244110450005,91.78278575573643,142.01479529273868,6.2
81.72114743162108,53.94908871220701,37.56085931471291,91.50994802691991,142.14038000355038,6.2
81.88792528352235,53.80502173603135,37.43291205497377,91.23793379100512,142.2655856681123,6.2
82.05470313542361,53.66133968437177,37.305400838790106,90.96674052316187,142.39041344858057,6.2
82.22148098732488,53.51804152760861,37.17832417881861,90.69636570642723,142.51486450349034,6.2
82.38825883922615,53.37512623888307,37.051680592797744,90.42680683168082,142.63893998776663,6.2
82.55503669112741,53.23259279408955,36.9254686035303,90.15806139761985,142.7626410527363,6.2
82.72181454302869,53.09044017186829,36.79968673886602,89.89012691073431,142.88596884613924,6.2
82.88859239492996,52.94866735359803,36.6743335316844,89.62300088528241,143.00892451213957,6.2
83.05537024683122,52.80727332338858,36.54940751987728,89.35668084326586,143.13150919133733,6.2
83.22214809873249,52.66625706807338,36.42490724633181,89.09116431440519,143.25372402077952,6.2
83.38892595063375,52.525617577202375,36.30083125891334,88.82644883611573,143.3755701339713,6.2
83.55570380253502,52.38535384303451,36.17717811044817,88.56253195348268,143.49704866088751,6.2
83.7224816544363,52.24546486053042,36.05394635870682,88.29941121923723,143.61816072798365,6.2
83.88925950633755,52.10594962734534,35.931134566386866,88.0370841937322,143.73890745820694,6.2
84.05603735823883,51.96680714382163,35.80874130109616,87.77554844491779,143.85928997100774,6.2
84.2228152101401,51.82803641298165,35.686765135335996,87.51480154831765,143.97930938235018,6.2
84.38959306204136,51.68963644052056,35.56520464648436,87.25484108700492,144.09896680472374,6.2
84.55637091394263,51.551606234799024,35.44405841677909,86.99566465157812,144.21826334715382,6.2
84.72314876584389,51.41394480683606,35.323325033301465,86.73726984013753,144.3372001152129,6.2
84.88992661774516,51.27665117030196,35.20300308795934,86.4796542582613,144.45577821103143,6.2
85.05670446964643,51.139724341511055,35.08309117747079,86.22281551898185,144.57399873330877,6.2
85.22348232154769,51.00316333941468,34.96358790334762,85.9667512427623,144.691862777324,6.2
85.39026017344897,50.866967185593914,34.84449187187883,85.71145905747275,144.8093714349468,6.2
85.55703802535024,50.731134904252656,34.725801694114345,85.45693659836701,144.9265257946482,6.2
85.7238158772515,50.59566552221053,34.607515985848664,85.20318150805919,145.04332694151134,6.2
85.89059372915277,50.46055806889574,34.48963336760459,84.95019143650033,145.15977595724232,6.2
86.05737158105404,50.325811576338175,34.37215246461712,84.6979640409553,145.27587392018063,6.2
86.2241494329553,50.19142507916233,34.25507190681721,84.44649698597952,145.39162190531007,6.2
86.39092728485657,50.057397614580275,34.13839032881564,84.1957879433959,145.50702098426927,6.2
86.55770513675783,49.92372822238484,34.02210636988718,83.94583459227202,145.6220722253622,6.2
86.7244829886591,49.79041594494248,33.90621867395438,83.69663461889687,145.73677669356883,6.2
86.89126084056038,49.657459827186486,33.79072588957181,83.4481857167583,145.85113545055563,6.2
87.05803869246164,49.524858916609986,33.6756266699102,83.20048558652019,145.96514955468598,6.2
87.22481654436291,49.39261226325906,33.56091967274041,82.9535319359995,146.0788200610308,6.2
87.39159439626418,49.26071891972596,33.44660356041798,82.70732248014393,146.1921480213787,6.2
87.55837224816544,49.129177941142125,33.33267699986719,82.4618549410093,146.30513448424657,6.2
87.72515010006671,48.99798838517141,33.21913866256552,82.21712704773692,146.4177804948899,6.2
87.89192795196797,48.86714931200325,33.10598722452806,81.9731365365313,146.53008709531306,6.2
88.05870580386924,48.73665978434587,32.99322136629186,81.72988115063774,146.64205532427965,6.2
88.22548365577052,48.60651886741951,32.880839772900615,81.48735864032012,146.75368621732244,6.2
88.39226150767178,48.47672562894969,32.76884113388909,81.24556676283878,146.86498080675418,6.2
88.55903935957305,48.347279139160314,32.65722414326774,81.00450328242805,146.97594012167727,6.2
88.72581721147432,48.21817847076717,32.545987499507504,80.76416597027468,147.086565187994,6.2
88.89259506337558,48.08942269897106,32.43512990552439,80.52455260449544,147.196857028417,6.2
89.05937291527685,47.961010901451154,32.32465006866434,80.2856609701155,147.30681666247892,6.2
89.22615076717811,47.83294215835836,32.21454670068801,80.04748885904637,147.41644510654265,6.2
89.39292861907938,47.70521555230852,32.104818517755675,79.81003407006419,147.52574337381137,6.2
89.55970647098066,47.577830168376046,31.99546424041215,79.57329440878819,147.63471247433853,6.2
89.72648432288192,47.450785094087045,31.886482593571813,79.33726768765887,147.74335341503777,6.2
89.89326217478319,47.32407941941282,31.77787230650354,79.10195172591635,147.8516671996928,6.2
90.06004002668446,47.1977122367633,31.669632112815947,78.86734434957923,147.95965482896753,6.2
90.22681787858572,47.07168264098047,31.56176075044238,78.63344339142284,148.06731730041557,6.2
90.393595730487,46.945989729331814,31.454256961626196,78.40024669095801,148.17465560849033,6.2
90.56037358238825,46.82063260150375,31.347119492905993,78.16775209440975,148.28167074455473,6.2
90.72715143428952,46.695610359595236,31.240347095100844,77.93595745469608,148.38836369689093,6.2
90.8939292861908,46.570922108111105,31.13393852329571,77.70486063140682,148.49473545071027,6.2
91.06070713809206,46.44656695395575,31.02789253682684,77.47445949078258,148.60078698816253,6.2
91.22748498999333,46.32254400642661,30.92220789926712,77.24475190569373,148.70651928834616,6.2
91.3942628418946,46.19885237720766,30.81688337841167,77.01573575561933,148.81193332731746,6.2
91.56104069379586,46.07549118036313,30.711917746263346,76.78740892662648,148.91703007810045,6.2
91.72781854569713,45.95245953233091,30.60730977901829,76.5597693113492,149.02181051069638,6.2
91.89459639759839,45.82975655191638,30.503058257051666,76.33281480896805,149.12627559209324,6.2
92.06137424949966,45.707381360285865,30.39916196490328,76.10654332518915,149.23042628627533,6.2
92.22815210140094,45.58533308096037,30.295619691263358,75.88095277222372,149.3342635542328,6.2
92.3949299533022,45.46361083980923,30.192430228958298,75.65604106876752,149.43778835397083,6.2
92.56170780520347,45.34221376504376,30.089592374936576,75.43180613998032,149.54100164051948,6.2
92.72848565710474,45.22114098721099,29.987104930254535,75.20824591746552,149.6439043659428,6.2
92.895263509006,45.10039163918738,29.884966700062428,74.98535833924981,149.74649747934822,6.2
93.06204136090727,44.97996485617251,29.783176493590336,74.76314134976283,149.8487819268959,6.2
93.22881921280853,44.859859775682885,29.68173312413422,74.5415928998171,149.9507586518082,6.2
93.3955970647098,44.74007553754567,29.580635409042,74.32071094658765,150.05242859437874,6.2
93.56237491661108,44.62061128389248,29.4798821696997,74.10049345359218,150.1537926919817,6.2
93.72915276851234,44.50146615915318,29.379472231517592,73.88093839067076,150.25485187908103,6.2
93.89593062041361,44.3826393100497,29.279404423916457,73.66204373396617,150.3556070872398,6.2
94.06270847231488,44.26412988558988,29.17967758031382,73.4438074659037,150.45605924512915,6.2
94.22948632421614,44.14593703706131,29.080290538110322,73.22622757517162,150.55620927853752,6.2
94.39626417611741,44.02805991802518,28.98124213867602,73.0093020567012,150.65605811037963,6.2
94.56304202801867,43.910497684310215,28.882531227336855,72.79302891164707,150.7556066607058,6.2
94.72981987991994,43.79324949400653,28.78415665336108,72.57740614736761,150.85485584671068,6.2
94.89659773182122,43.67631450745958,28.686117269945754,72.36243177740533,150.9538065827425,6.2
95.06337558372248,43.55969188726404,28.588411934203393,72.14810382146743,151.0524597803119,6.2
95.23015343562375,43.44338079825782,28.491039507148393,71.9344203054062,151.15081634810105,6.2
95.39693128752502,43.327380407515996,28.39399885368385,71.72137926119986,151.24887719197235,6.2
95.56370913942628,43.211689884344814,28.297288842588166,71.50897872693298,151.34664321497755,6.2
95.73048699132755,43.09630840027564,28.200908346501755,71.29721674677738,151.44411531736645,6.2
95.89726484322881,42.98123512905905,28.104856241913897,71.08609137097295,151.5412943965958,6.2
96.06404269513008,42.866469246658795,28.009131409149553,70.87560065580834,151.63818134733813,6.2
96.23082054703136,42.75200993124589,27.913732732356184,70.66574266360209,151.73477706149055,6.2
96.39759839893262,42.637856363192675,27.81865909949073,70.45651546268341,151.83108242818338,6.2
96.56437625083389,42.52400772506685,27.723909402306546,70.2479171273734,151.92709833378905,6.2
96.73115410273516,42.41046320162566,27.629482536340376,70.03994573796604,152.02282566193068,6.2
96.89793195463642,42.29722197980992,27.535377400899527,69.83259938070944,152.11826529349074,6.2
97.06470980653769,42.18428324873815,27.441592899048786,69.62587614778693,152.2134181066198,6.2
97.23148765843897,42.07164619970082,27.348127937597734,69.41977413729856,152.308284976745,6.2
97.39826551034022,41.959310026154384,27.254981427087813,69.21429145324218,152.4028667765788,6.2
97.5650433622415,41.8472739237155,27.162152281779605,69.00942620549509,152.49716437612742,6.2
97.73182121414276,41.73553709015529,27.069639419640108,68.8051765097954,152.59117864269933,6.2
97.89859906604403,41.62409872539342,26.977441762330017,68.60154048772344,152.68491044091385,6.2
98.0653769179453,41.51295803149241,26.88555823519119,68.3985162666836,152.77836063270982,6.2
98.23215476984656,41.4021142126519,26.79398776723388,68.19610197988578,152.8715300773534,6.2
98.39893262174783,41.291566475202806,26.70272929112432,67.99429576632713,152.96441963144736,6.2
98.5657104736491,41.18131402760166,26.611781743172187,67.79309577077386,153.05703014893876,6.2
98.73248832555036,41.07135608042487,26.521144063318086,67.59250014374294,153.14936248112772,6.2
98.89926617745164,40.961691846363045,26.43081519512119,67.39250704148424,153.24141747667562,6.2
99.0660440293529,40.8523205402153,26.34079408574683,67.19311462596212,153.3331959816134,6.2
99.23282188125417,40.74324137888355,26.25107968595411,66.99432106483765,153.4246988393499,6.2
99.39959973315544,40.63445358136692,26.161670950083735,66.79612453145066,153.5159268906801,6.2
99.5663775850567,40.52595636875607,26.072566836045645,66.59852320480172,153.60688097379335,6.2
99.73315543695797,40.41774896422757,25.98376630530681,66.40151526953437,153.6975619242817,6.2
99.89993328885924,40.30983059303833,25.89526832287912,66.20509891591745,153.7879705751478,6.2
100.0667111407605,40.20220048251997,25.807071857307264,66.00927233982723,153.8781077568133,6.2
100.23348899266178,40.09485786207323,25.71917588065654,65.81403374272976,153.96797429712697,6.2
100.40026684456303,39.98780196316248,25.631579368500933,65.61938133166342,154.05757102137255,6.2
100.56704469646431,39.8810320193101,25.54428129991103,65.42531331922112,154.14689875227725,6.2
100.73382254836558,39.77454726609096,25.457280657442094,65.23182792353306,154.23595831001944,6.2
100.90060040026684,39.668346941126984,25.37057642712215,65.03892336824913,154.32475051223676,6.2
101.06737825216811,39.56243028408151,25.28416759844006,64.84659788252158,154.41327617403428,6.2
101.23415610406938,39.456796536653904,25.19805316433375,64.65484970098765,154.50153610799234,6.2
101.40093395597064,39.35144494257411,25.11223212117836,64.46367706375247,154.5895311241744,6.2
101.56771180787192,39.246374747597066,25.02670346877451,64.27307821637157,154.67726203013527,6.2
101.73448965977317,39.141585199497406,24.941466210336564,64.08305140983397,154.76472963092866,6.2
101.90126751167445,39.03707554806392,24.85651935248098,63.8935949005449,154.8519347291153,6.2
102.06804536357572,38.93284504509421,24.771861905214653,63.70470695030886,154.93887812477067,6.2
102.23482321547698,38.82889294438931,24.68749288192333,63.516385826312636,155.02556061549288,6.2
102.40160106737825,38.725218501748174,24.603411299360047,63.32862980110823,155.1119829964104,6.2
102.56837891927952,38.62182097496248,24.519616177633576,63.141437152596055,155.19814606018994,6.2
102.73515677118078,38.51869962381116,24.436106540197052,62.95480616400821,155.28405059704406,6.2
102.90193462308206,38.415853710055096,24.352881413836386,62.76873512389148,155.369697394739,6.2
103.06871247498331,38.313282497431786,24.269939828659027,62.58322232609081,155.45508723860232,6.2
103.23549032688459,38.21098525165004,24.187280818082435,62.398266069732486,155.54022091153067,6.2
103.40226817878586,38.10896124038469,24.104903418822904,62.21386465920759,155.62509919399727,6.2
103.56904603068712,38.007209733271296,24.022806670884226,62.03001640415552,155.70972286405973,6.2
103.73582388258839,37.90573000190087,23.940989617546375,61.84671961944725,155.79409269736746,6.2
103.90260173448966,37.804521319814654,23.859451305354444,61.6639726251691,155.87820946716934,6.2
104.06937958639092,37.703582962498885,23.778190784107373,61.48177374660625,155.9620739443213,6.2
104.2361574382922,37.60291420737945,23.697207106846854,61.3001213142263,156.0456868972939,6.2
104.40293529019345,37.502514333816876,23.616499329846228,61.1190136636631,156.12904909217957,6.2
104.56971314209473,37.40238262310098,23.53606651259946,60.93844913570044,156.21216129270042,6.2
104.736490993996,37.30251835844571,23.455907717810096,60.75842607625581,156.29502426021543,6.2
104.90326884589726,37.20292082498408,23.376022011380332,60.57894283636442,156.37763875372804,6.2
105.07004669779853,37.10358930976285,23.29640846240001,60.39999777216286,156.46000552989355,6.2
105.2368245496998,37.004523101737504,23.217066143135764,60.22158924487328,156.5421253430264,6.2
105.40360240160106,36.905721491767096,23.137994129020164,60.04371562078725,156.62399894510767,6.2
105.57038025350234,36.80718377260911,23.059191498640836,59.866375271249936,156.70562708579226,6.2
105.7371581054036,36.7089092389144,22.980657333729727,59.68956657264413,156.78701051241626,6.2
105.90393595730487,36.610897187222065,22.90239071915234,59.5132879063744,156.86814997000445,6.2
106.07071380920614,36.5131469159544,22.824390742897,59.33753765885139,156.94904620127716,6.2
106.2374916611074,36.415657725411876,22.746656496064205,59.16231422147608,157.02969994665784,6.2
106.40426951300867,36.318428917767974,22.669187072855948,58.98761599062392,157.11011194428022,6.2
106.57104736490994,36.2214597970643,22.591981570565153,58.81344136762945,157.19028292999533,6.2
106.7378252168112,36.12474966920549,22.515039089565082,58.63978875877058,157.27021363737893,6.2
106.90460306871248,36.02829784195419,22.438358733298784,58.46665657525297,157.3499047977385,6.2
107.07138092061375,35.932103624926114,22.361939608268667,58.29404323319478,157.4293571401204,6.2
107.238158772515,35.83616632958508,22.285780824025952,58.12194715361103,157.5085713913169,6.2
107.40493662441628,35.74048526923793,22.209881493160303,57.95036676239823,157.58754827587347,6.2
107.57171447631754,35.64505975902976,22.13424073128944,57.779300490319216,157.66628851609568,6.2
107.73849232821881,35.549889115938825,22.05885765704874,57.608746772987566,157.7447928320561,6.2
107.90527018012008,35.4549726587717,21.983731392080987,57.438704050852685,157.82306194160185,6.2
108.07204803202134,35.360309708158354,21.90886106102604,57.26917076918439,157.90109656036086,6.2
108.23882588392262,35.26589958654724,21.83424579151059,57.10014537805783,157.9788974017494,6.2
108.40560373582389,35.17174161820042,21.75988471413797,56.931626332338396,158.05646517697886,6.2
108.57238158772515,35.077835129188735,21.685776962477977,56.763612091666715,158.13380059506244,6.2
108.73915943962642,34.98417944738683,21.6119216730567,56.59610112044353,158.21090436282248,6.2
108.90593729152768,34.890773902468496,21.538317985346456,56.42909188781495,158.28777718489707,6.2
109.07271514342895,34.79761782590161,21.464965041755672,56.26258286765728,158.36441976374695,6.2
109.23949299533022,34.70471055094353,21.391861987618913,56.09657253856245,158.44083279966233,6.2
109.40627084723148,34.61205141263621,21.319007971186814,55.93105938382302,158.51701699076983,6.2
109.57304869913276,34.51963974780133,21.24640214361612,55.766041891417444,158.59297303303904,6.2
109.73982655103403,34.42747489503563,21.1740436589598,55.601518553995426,158.6687016202896,6.2
109.90660440293529,34.335556194706115,21.101931674157097,55.43748786886321,158.74420344419767,6.2
110.07338225483656,34.243882988945245,21.030065349023676,55.27394833796892,158.81947919430277,6.2
110.24016010673782,34.15245462164627,20.958443846241824,55.1108984678881,158.89452955801463,6.2
110.40693795863909,34.06127043845847,20.887066331350578,54.94833676980905,158.96935522061952,6.2
110.57371581054036,33.97032978678245,20.815931972736028,54.786261759518474,159.04395686528736,6.2
110.74049366244162,33.879632015765395,20.74503994162157,54.624671957386965,159.11833517307798,6.2
110.9072715143429,33.78917647629646,20.67438941205817,54.46356588835464,159.19249082294797,6.2
111.07404936624417,33.69896252100203,20.603979560914755,54.3029420819168,159.26642449175714,6.2
111.24082721814543,33.608989504241094,20.53380956786854,54.14279907210964,159.34013685427527,6.2
111.4076050700467,33.51925678210052,20.463878615395455,53.98313539749598,159.41362858318854,6.2
111.57438292194796,33.429763712390574,20.39418588876054,53.82394960115111,159.48690034910604,6.2
111.74116077384923,33.34050965464009,20.32473057600846,53.66524023064854,159.5599528205664,6.2
111.9079386257505,33.25149397009202,20.255511867953985,53.507005838046005,159.63278666404418,6.2
112.07471647765176,33.162716021698785,20.186528958172527,53.34924497987131,159.70540254395644,6.2
112.24149432955303,33.07417517411763,20.11778104299066,53.19195621710829,159.7778011226692,6.2
112.40827218145431,32.98587079370612,20.049267321476798,53.03513811518292,159.84998306050366,6.2
112.57505003335557,32.897802248517536,19.980986995431767,52.878789243949306,159.92194901574302,6.2
112.74182788525684,32.80996890829637,19.91293926937946,52.722908177675826,159.9936996446384,6.2
112.9086057371581,32.722370144473715,19.845123350557586,52.5674934950313,160.0652356014156,6.2
113.07538358905937,32.63500533016278,19.77753844890834,52.412543779071115,160.13655753828127,6.2
113.24216144096064,32.547873840154374,19.71018377706918,52.25805761722355,160.20766610542915,6.2
113.4089392928619,32.460975050912445,19.643058550363616,52.10403360127605,160.27856195104675,6.2
113.57571714476317,32.37430834056948,19.576161986792048,51.95047032736152,160.34924572132115,6.2
113.74249499666445,32.28787308892211,19.509493307022574,51.79736639594469,160.41971806044566,6.2
113.9092728485657,32.201668677426674,19.443051734381918,51.644720411808585,160.48997961062588,6.2
114.07605070046698,32.11569448919465,19.376836494846323,51.492530984040975,160.56003101208603,6.2
114.24282855236824,32.02994990898832,19.3108468170325,51.34079672602083,160.62987290307504,6.2
114.40960640426951,31.9444343232163,19.24508193218859,51.18951625540489,160.69950591987288,6.2
114.57638425617078,31.859147119929098,19.179541074185213,51.038688194114314,160.7689306967966,6.2
114.74316210807204,31.77408768881477,19.11422347950646,50.88831116832122,160.83814786620667,6.2
114.90993995997331,31.689255421194435,19.04912838724098,50.738383808435415,160.9071580585129,6.2
115.07671781187459,31.604649710018,18.9842550390731,50.5889047490911,160.9759619021807,6.2
115.24349566377585,31.520269949859706,18.91960267927393,50.43987262913363,161.04456002373706,6.2
115.41027351567712,31.436115536913807,18.8551705546925,50.29128609160631,161.11295304777673,6.2
115.57705136757838,31.352185868990205,18.79095791474704,50.143143783737244,161.18114159696827,6.2
115.74382921947965,31.268480345510138,18.726964011416086,49.99544435692623,161.24912629206008,6.2
115.91060707138092,31.18499836750182,18.66318809922982,49.84818646673163,161.31690775188613,6.2
116.07738492328218,31.10173933759619,18.59962943526133,49.70136877285751,161.38448659337266,6.2
116.24416277518345,31.018702660022537,18.536287279117868,49.5549899391404,161.4518634315433,6.2
116.41094062708473,30.935887740604265,18.473160892932267,49.409048633536536,161.5190388795257,6.2
116.57771847898599,30.853293986754608,18.410249541354286,49.2635435281089,161.58601354855708,6.2
116.74449633088726,30.77092080747232,18.34755249154196,49.118473299014276,161.65278804799036,6.2
116.91127418278852,30.688767613337525,18.285069013153116,48.97383662649064,161.71936298529994,6.2
117.07805203468979,30.606833816507308,18.22279837833676,48.829632194844066,161.78573896608773,6.2
117.24482988659106,30.525118830711648,18.160739861724615,48.68585869243626,161.85191659408878,6.2
117.41160773849232,30.44362207124916,18.09889274042261,48.542514811671765,161.91789647117733,6.2
117.5783855903936,30.36234295498278,18.037256294002415,48.39959924898519,161.98367919737262,6.2
117.74516344229487,30.281280900335698,17.975829804493063,48.25711070482876,162.04926537084467,6.2
117.91194129419613,30.200435327287128,17.91461255637251,48.115047883659635,162.11465558791988,6.2
118.0787191460974,30.11980565736809,17.853603836559287,47.97340949392738,162.17985044308713,6.2
118.24549699799867,30.039391313657298,17.79280293440417,47.83219424806147,162.24485052900343,6.2
118.41227484989993,29.959191720777024,17.732209141681857,47.69140086245888,162.3096564364994,6.2
118.5790527018012,29.87920630488889,17.67182175258267,47.55102805747156,162.37426875458544,6.2
118.74583055370246,29.7994344936898,17.61164006370435,47.411074557394144,162.43868807045703,6.2
118.91260840560373,29.71987571640779,17.551663374043784,47.271539090451576,162.50291496950052,6.2
119.079386257505,29.64052940379791,17.491890984988853,47.13242038878676,162.566950035299,6.2
119.24616410940627,29.561394988138204,17.432322200310225,46.99371718844843,162.63079384963768,6.2
119.41294196130754,29.482471903225495,17.372956326153226,46.85542822937872,162.69444699250968,6.2
119.57971981320881,29.403759584371443,17.313792671029745,46.71755225540118,162.75791004212147,6.2
119.74649766511007,29.32525746839839,17.254830545810133,46.58008801420852,162.82118357489867,6.2
119.91327551701134,29.246964993635352,17.19606926371514,46.44303425735049,162.88426816549153,6.2
120.0800533689126,29.168881599913977,17.13750814030793,46.30638974022191,162.9471643867804,6.2
120.24683122081387,29.09100672856448,17.079146493485982,46.17015322205046,163.00987280988147,6.2
120.41360907271515,29.013339822411666,17.020983643473247,46.03432346588491,163.07239400415202,6.2
120.5803869246164,28.935880325770892,16.963018912812096,45.89889923858299,163.13472853719617,6.2
120.74716477651768,28.858627684444095,16.90525162635544,45.76387931079953,163.19687697487032,6.2
120.91394262841895,28.781581345715786,16.847681111258836,45.62926245697462,163.25883988128845,6.2
121.08072048032021,28.704740758349086,16.790306696972646,45.49504745532174,163.32061781882766,6.2
121.24749833222148,28.628105372581732,16.733127715234136,45.36123308781587,163.38221134813378,6.2
121.41427618412274,28.551674640122148,16.676143500059716,45.22781814018187,163.44362102812653,6.2
121.58105403602401,28.475448014145528,16.619353387737146,45.09480140188267,163.5048474160051,6.2
121.74783188792529,28.399424949289816,16.56275671681776,44.96218166610758,163.56589106725335,6.2
121.91460973982655,28.323604901651905,16.506352828108767,44.82995772976067,163.62675253564535,6.2
122.08138759172782,28.24798732878359,16.450141064665498,44.698128393449096,163.68743237325066,6.2
122.24816544362909,28.172571689687786,16.39412077178377,44.566692461471554,163.74793113043967,6.2
122.41494329553035,28.09735744481457,16.338291296992224,44.435648741806794,163.80824935588882,6.2
122.58172114743162,28.022344056057285,16.28265199004467,44.304996046101955,163.8683875965861,6.2
122.74849899933288,27.947530986748752,16.227202202912533,44.17473318966128,163.9283463978361,6.2
122.91527685123415,27.872917701657308,16.171941289777237,44.044858991434545,163.98812630326543,6.2
123.08205470313543,27.79850366698304,16.11686860702269,43.915372274005726,164.04772785482794,6.2
123.24883255503669,27.724288350353905,16.06198351322773,43.78627186358163,164.10715159280988,6.2
123.41561040693796,27.65027122082189,16.007285369158662,43.65755658998055,164.16639805583526,6.2
123.58238825883923,27.576451748859238,15.952773537761756,43.529225286621,164.22546778087073,6.2
123.74916611074049,27.502829406354593,15.898447384155824,43.40127679051042,164.28436130323118,6.2
123.91594396264176,27.42940366660926,15.844306275624778,43.27370994223404,164.3430791565847,6.2
124.08272181454302,27.35617400433332,15.790349581610284,43.1465235859436,164.4016218729576,6.2
124.2494996664443,27.283139895641963,15.7365766737043,43.01971656934626,164.45998998273976,6.2
124.41627751834557,27.210300818051664,15.682986925641845,42.8932877436935,164.51818401468955,6.2
124.58305537024683,27.137656250476404,15.629579713293616,42.76723596377002,164.57620449593918,6.2
124.7498332221481,27.065205673223968,15.576354414658667,42.64156008788264,164.6340519519996,6.2
124.91661107404937,26.99294856799222,15.523310409857206,42.51625897784943,164.69172690676544,6.2
125.08338892595063,26.920884417865313,15.470447081123337,42.39133149898865,164.74922988252035,6.2
125.2501667778519,26.849012707310006,15.417763812797796,42.2667765201078,164.80656139994198,6.2
125.41694462975316,26.777332922171993,15.3652599913208,42.142592913492784,164.86372197810664,6.2
125.58372248165443,26.705844549672122,15.312935005224867,42.01877955489699,164.92071213449498,6.2
125.7505003335557,26.634547078402807,15.260788245127662,41.89533532353047,164.97753238499618,6.2
125.91727818545696,26.563439998324288,15.208819103724885,41.772259102049176,165.0341832439136,6.2
126.08405603735824,26.49252280076095,15.157026975783182,41.649549776544134,165.09066522396927,6.2
126.25083388925951,26.42179497839772,15.105411258133051,41.52720623653077,165.1469788363091,6.2
126.41761174116077,26.3512560252764,15.053971349661811,41.405227374938214,165.20312459050774,6.2
126.58438959306204,26.28090543679202,15.002706651306573,41.28361208809859,165.25910299457337,6.2
126.7511674449633,26.21074270968918,14.951616566047251,41.16235927573642,165.31491455495274,6.2
126.91794529686457,26.140767342058517,14.900700498899557,41.04146784095808,165.3705597765359,6.2
127.08472314876585,26.070978833333022,14.84995785690809,40.920936690241106,165.42603916266137,6.2
127.2515010006671,26.001376684284455,14.799388049139386,40.80076473342384,165.4813532151204,6.2
127.41827885256838,25.931960397019793,14.748990486674993,40.680950883694784,165.53650243416254,6.2
127.58505670446965,25.86272947497761,14.698764582604644,40.56149405758225,165.59148731849984,6.2
127.75183455637091,25.793683422924502,14.648709752019347,40.44239317494385,165.646308365312,6.2
127.91861240827218,25.7248217469516,14.59882541200458,40.323647158956184,165.70096607025087,6.2
128.08539026017345,25.65614395447092,14.549110981633476,40.205254936104396,165.75546092744565,6.2
128.2521681120747,25.58764955421191,14.499565881960036,40.08721543617195,165.80979342950715,6.2
128.41894596397597,25.519338056217844,14.450189536012369,39.969527592230214,165.86396406753286,6.2
128.58572381587726,25.45120897184232,14.400981368785908,39.852190340628226,165.9179733311116,6.2
128.75250166777852,25.383261813745836,14.351940807236794,39.735202620982626,165.97182170832812,6.2
128.91927951967978,25.315496095892165,14.303067280275066,39.61856337616724,166.02550968576796,6.2
129.08605737158106,25.247911333544895,14.254360218758066,39.502271552302965,166.07903774852198,6.2
129.25283522348232,25.18050704326401,14.20581905548377,39.38632609874779,166.13240638019118,6.2
129.41961307538358,25.113282742902335,14.157443225184153,39.27072596808649,166.18561606289109,6.2
129.58639092728487,25.046237951602087,14.10923216451857,39.15547011612066,166.23866727725675,6.2
129.75316877918613,24.979372189791505,14.061185312067245,39.04055750185876,166.29156050244706,6.2
129.91994663108738,24.912684979181257,14.013302108324618,38.925987087505874,166.34429621614947,6.2
130.08672448298867,24.84617584276112,13.965581995692881,38.811757838454,166.3968748945846,6.2
130.25350233488993,24.779844304796512,13.918024418475436,38.697868723271945,166.44929701251084,6.2
130.4202801867912,24.713689890825073,13.870628822870415,38.584318713695495,166.50156304322874,6.2
130.58705803869245,24.647712127653232,13.823394656964188,38.47110678461742,166.55367345858582,6.2
130.75383589059373,24.581910543352844,13.776321370724931,38.35823191407778,166.60562872898083,6.2
130.920613742495,24.51628466725782,13.72940841599623,38.245693083254054,166.6574293233685,6.2
131.08739159439625,24.450834029960667,13.682655246490642,38.133489276451314,166.709075709264,6.2
131.25416944629754,24.385558163309152,13.636061317783291,38.02161948109244,166.76056835274716,6.2
131.4209472981988,24.32045660040301,13.589626087305604,37.910082687708616,166.81190771846735,6.2
131.58772515010006,24.255528875590453,13.543349014338856,37.79887788992931,166.86309426964763,6.2
131.75450300200134,24.190774524464917,13.497229560007924,37.688004084472844,166.9141284680895,6.2
131.9212808539026,24.126193083861743,13.451267187275016,37.577460271136765,166.9650107741769,6.2
132.08805870580386,24.061784091854754,13.405461360933321,37.46724545278808,167.0157416468811,6.2
132.25483655770515,23.997547087753027,13.359811547600819,37.35735863535385,167.0663215437647,6.2
132.4216144096064,23.933481612097538,13.31431721571403,37.247798827811565,167.11675092098633,6.2
132.58839226150766,23.86958720665787,13.268977835521813,37.13856504217969,167.1670302333049,6.2
132.75517011340895,23.805863414428906,13.223792879079163,37.029656293508076,167.21715993408387,6.2
132.9219479653102,23.742309779627618,13.178761820241077,36.9210715998687,167.2671404752958,6.2
133.08872581721147,23.67892584768969,13.133884134656372,36.81280998234606,167.31697230752644,6.2
133.25550366911273,23.615711165266283,13.089159299761588,36.704870465027874,167.36665587997945,6.2
133.422281521014,23.552665280220847,13.044586794774872,36.597252074995716,167.41619164048015,6.2
133.58905937291527,23.489787741625804,13.000166100689919,36.48995384231573,167.46558003548026,6.2
133.75583722481653,23.42707809975929,12.955896700269864,36.38297480002915,167.5148215100621,6.2
133.92261507671782,23.36453590610199,12.911778078041296,36.27631398414329,167.5639165079426,6.2
134.08939292861908,23.30216071333391,12.867809720288214,36.169970433622126,167.61286547147785,6.2
134.25617078052034,23.239952075331097,12.823991115046008,36.0639431903771,167.66166884166734,6.2
134.42294863242162,23.177909547162482,12.780321752095508,35.95823129925799,167.71032705815793,6.2
134.58972648432288,23.11603268508671,12.736801122957038,35.852833808043755,167.75884055924823,6.2
134.75650433622414,23.0543210465489,12.693428720884443,35.74774976743334,167.80720978189285,6.2
134.92328218812543,22.99277419017747,12.650204040859174,35.64297823103665,167.8554351617066,6.2
135.09006004002669,22.931391675781033,12.607126579584447,35.53851825536548,167.90351713296826,6.2
135.25683789192794,22.870173064345156,12.56419583547929,35.43436889982445,167.95145612862544,6.2
135.42361574382923,22.809117918029227,12.521411308672716,35.33052922670195,167.99925258029816,6.2
135.5903935957305,22.74822580016336,12.478772500997923,35.22699830116129,168.0469069182832,6.2
135.75717144763175,22.687496275245195,12.43627891598643,35.12377519123162,168.0944195715582,6.2
135.923949299533,22.626928908936794,12.393930058862281,35.02085896779907,168.14179096778582,6.2
136.0907271514343,22.566523268061506,12.351725436536297,34.91824870459781,168.1890215333177,6.2
136.25750500333555,22.506278920600945,12.309664557600321,34.81594347820127,168.23611169319872,6.2
136.4242828552368,22.446195435691735,12.26774693232143,34.713942368013164,168.28306187117087,6.2
136.5910607071381,22.386272383622526,12.225972072636274,34.6122444562588,168.3298724896774,6.2
136.75783855903936,22.3265093358309,12.184339492145353,34.510848827976254,168.37654396986701,6.2
136.92461641094062,22.26690586490025,12.14284870610734,34.40975457100759,168.4230767315976,6.2
137.0913942628419,22.207461544556708,12.101499231433408,34.30896077599011,168.4694711934405,6.2
137.25817211474316,22.148175949666175,12.06029058668163,34.20846653634781,168.51572777268441,6.2
137.42494996664442,22.08904865623115,12.01922229205131,34.10827094828246,168.5618468853393,6.2
137.5917278185457,22.030079241387735,11.978293869377408,34.00837311076514,168.60782894614061,6.2
137.75850567044697,21.97126728340263,11.937504842124964,33.90877212552759,168.65367436855294,6.2
137.92528352234822,21.912612361670064,11.896854735383519,33.80946709705358,168.69938356477428,6.2
138.0920613742495,21.85411405670876,11.856343075861558,33.71045713257031,168.74495694573974,6.2
138.25883922615077,21.795771950159,11.81596939188104,33.61174134204004,168.7903949211256,6.2
138.42561707805203,21.737585624779527,11.77573321337182,33.51331883815135,168.83569789935314,6.2
138.5923949299533,21.679554664444613,11.735634071866212,33.415188736310824,168.88086628759265,6.2
138.75917278185457,21.621678654141018,11.695671500493493,33.317350154634504,168.92590049176718,6.2
138.92595063375583,21.563957179965104,11.65584503397448,33.21980221393959,168.97080091655667,6.2
139.0927284856571,21.506389829119755,11.616154208616082,33.12254403773584,169.01556796540143,6.2
139.25950633755838,21.448976189911452,11.576598562305861,33.02557475221732,169.06020204050637,6.2
139.42628418945964,21.391715851747378,11.537177634506696,32.92889348625407,169.10470354284465,6.2
139.5930620413609,21.334608405132354,11.497890966251363,32.83249937138372,169.1490728721616,6.2
139.75983989326218,21.277653441665993,11.45873810013718,32.73639154180317,169.1933104269784,6.2
139.92661774516344,21.22085055403976,11.419718580320698,32.64056913436046,169.23741660459606,6.2
140.0933955970647,21.16419933603399,11.380831952512345,32.54503128854633,169.28139180109906,6.2
140.260173448966,21.107699382515,11.342077763971131,32.449777146486134,169.3252364113593,6.2
140.42695130086724,21.051350289432236,11.303455563499403,32.35480585293164,169.3689508290397,6.2
140.5937291527685,20.995151653815277,11.264964901437516,32.26011655525279,169.41253544659807,6.2
140.7605070046698,20.939103073771,11.226605329658609,32.16570840342961,169.45599065529083,6.2
140.92728485657105,20.88320414848071,11.188376401563414,32.071580550044125,169.49931684517676,6.2
141.0940627084723,20.827454478197208,11.15027767207498,31.977732150272185,169.5425144051206,6.2
141.2608405603736,20.77185366424194,11.11230869763351,31.884162361875454,169.58558372279705,6.2
141.42761841227485,20.71640130900219,11.074469036191205,31.790870345193397,169.62852518469413,6.2
141.5943962641761,20.661097015928142,11.036758247207052,31.697855263135196,169.67133917611707,6.2
141.76117411607737,20.605940389530083,10.999175891641723,31.605116281171806,169.71402608119197,6.2
141.92795196797866,20.550931035375562,10.961721531952433,31.512652567327994,169.75658628286945,6.2
142.09472981987992,20.496068560086538,10.92439473208786,31.4204632921744,169.7990201629282,6.2
142.26150767178117,20.441352571336587,10.887195057483012,31.3285476288196,169.8413281019788,6.2
142.42828552368246,20.38678267784805,10.850122075054179,31.236904752902223,169.88351047946728,6.2
142.59506337558372,20.332358489389243,10.813175353193891,31.14553384258314,169.92556767367867,6.2
142.76184122748498,20.278079616771674,10.776354461765868,31.05443407853754,169.96750006174065,6.2
142.92861907938627,20.2239456718472,10.739658972099976,30.96360464394718,170.0093080196272,6.2
143.09539693128752,20.169956267505317,10.703088456987281,30.8730447244926,170.0509919221621,6.2
143.26217478318878,20.116111017670292,10.666642490675011,30.78275350834531,170.09255214302263,6.2
143.42895263509007,20.062409537298457,10.630320648861597,30.692730186160052,170.13398905474295,6.2
143.59573048699133,20.008851442375438,10.594122508691765,30.602973951067206,170.17530302871782,6.2
143.7625083388926,19.955436349913366,10.558047648751527,30.513483998664892,170.21649443520602,6.2
143.92928619079387,19.902163877948144,10.522095649063326,30.42425952701147,170.257563643334,6.2
144.09606404269513,19.849033645536746,10.486266091081111,30.335299736617856,170.29851102109916,6.2
144.2628418945964,19.796045272754423,10.45055855768546,30.246603830439877,170.33933693537378,6.2
144.42961974649765,19.743198380691986,10.414972633178683,30.15817101387067,170.38004175190807,6.2
144.59639759839894,19.690492591453122,10.37950790328001,30.070000494733133,170.4206258353339,6.2
144.7631754503002,19.63792752815167,10.34416395512075,29.982091483272423,170.46108954916826,6.2
144.92995330220145,19.585502814908907,10.308940377239447,29.89444319214835,170.50143325581652,6.2
145.09673115410274,19.533218076850815,10.273836759577097,29.807054836427913,170.54165731657628,6.2
145.263509006004,19.481072940105484,10.238852693472381,29.71992563357787,170.58176209164031,6.2
145.43028685790526,19.42906703180034,10.203987771656857,29.6330548034572,170.6217479401005,6.2
145.59706470980655,19.3771999800595,10.169241588250232,29.546441568309728,170.66161521995085,6.2
145.7638425617078,19.32547141400112,10.13461373875563,29.460085152756754,170.7013642880911,6.2
145.93062041360906,19.27388096373472,10.100103820054859,29.37398478378958,170.7409955003301,6.2
146.09739826551035,19.22242826035851,10.0657114304037,29.28813969076221,170.78050921138905,6.2
146.2641761174116,19.171112935956796,10.03143616942726,29.202549105384055,170.8199057749052,6.2
146.43095396931287,19.11993462359728,9.997277638115246,29.117212261712528,170.85918554343488,6.2
146.59773182121415,19.06889295732846,9.963235438817346,29.032128396145804,170.898348868457,6.2
146.7645096731154,19.017987572177,9.92930917523858,28.947296747415578,170.93739610037642,6.2
146.93128752501667,18.967218104145115,9.895498452434667,28.862716556579784,170.97632758852723,6.2
147.09806537691793,18.916584190207942,9.861802876807435,28.778387067015373,171.01514368117608,6.2
147.26484322881922,18.866085468310953,9.828222056100199,28.69430752441115,171.05384472552555,6.2
147.43162108072048,18.815721577367363,9.794755599393232,28.6104771767606,171.09243106771729,6.2
147.59839893262173,18.765492157255512,9.761403117099158,28.52689527435467,171.1309030528356,6.2
147.76517678452302,18.71539684881629,9.728164220958416,28.443561069774706,171.16926102491044,6.2
147.93195463642428,18.665435293850603,9.695038524034757,28.360473817885357,171.20750532692074,6.2
148.09873248832554,18.61560713511673,9.6620256407107,28.277632775827428,171.24563630079783,6.2
148.26551034022683,18.565912016327797,9.629125186683044,28.19503720301084,171.28365428742853,6.2
148.43228819212808,18.51634958214927,9.596336778958392,28.112686361107663,171.32155962665848,6.2
148.59906604402934,18.46691947819631,9.563660035848665,28.03057951404497,171.35935265729523,6.2
148.76584389593063,18.41762135103126,9.531094576966652,27.948715927997913,171.39703371711173,6.2
148.9326217478319,18.36845484816121,9.49864002322161,27.86709487138282,171.4346031428492,6.2
149.09939959973315,18.31941961803531,9.466295996814775,27.785715614850087,171.47206127022062,6.2
149.26617745163443,18.270515310042338,9.434062121235007,27.704577431277347,171.50940843391373,6.2
149.4329553035357,18.2217415745082,9.401938021254386,27.623679595762585,171.54664496759432,6.2
149.59973315543695,18.173098062693363,9.369923322923817,27.54302138561718,171.58377120390935,6.2
149.76651100733824,18.12458442679038,9.338017653568677,27.462602080359062,171.62078747449016,6.2
149.9332888592395,18.07620031992144,9.30622064178449,27.382420961705932,171.65769410995543,6.2
150.10006671114076,18.02794539613579,9.274531917432553,27.302477313568343,171.6944914399147,6.2
150.266844563042,17.97981931040732,9.24295111163565,27.222770422042966,171.7311797929711,6.2
150.4336224149433,17.931821718632055,9.211477856773728,27.14329957540578,171.76775949672458,6.2
150.60040026684456,17.88395227762573,9.180111786479637,27.06406406410537,171.8042308777753,6.2
150.76717811874582,17.836210645121273,9.148852535634823,26.9850631807561,171.84059426172632,6.2
150.9339559706471,17.78859647976638,9.117699740365081,26.906296220131466,171.87684997318703,6.2
151.10073382254836,17.74110944112108,9.086653038036335,26.827762479157414,171.91299833577594,6.2
151.26751167444962,17.693749189655254,9.055712067250363,26.74946125690562,171.94903967212392,6.2
151.4342895263509,17.646515386746216,9.0248764678406,26.67139185458682,171.9849743038773,6.2
151.60106737825217,17.599407694676326,8.99414588086797,26.5935535755443,172.0208025517008,6.2
151.76784523015343,17.552425776630507,8.963519948616646,26.515945725247153,172.0565247352806,6.2
151.9346230820547,17.505569296693825,8.932998314589902,26.43856761128373,172.09214117332752,6.2
152.10140093395597,17.45883791984917,8.902580623505978,26.36141854335515,172.12765218357976,6.2
152.26817878585723,17.412231311974757,8.872266521293875,26.284497833268635,172.1630580828062,6.2
152.43495663775852,17.365749139841746,8.842055655089284,26.207804794931036,172.19835918680923,6.2
152.60173448965978,17.319391071111905,8.811947673230456,26.131338744342365,172.23355581042776,6.2
152.76851234156103,17.273156774335185,8.781942225254069,26.05509899958925,172.26864826754033,6.2
152.9352901934623,17.22704591894733,8.75203896189118,25.979084880838514,172.30363687106785,6.2
153.10206804536358,17.181058175267534,8.722237535063124,25.903295710330656,172.33852193297693,6.2
153.26884589726484,17.135193214496084,8.692537597877479,25.827730812373563,172.37330376428238,6.2
153.4356237491661,17.08945070871198,8.662938804623993,25.752389513335974,172.40798267505053,6.2
153.60240160106738,17.04383033087056,8.633440810770558,25.677271141641118,172.44255897440203,6.2
153.76917945296864,16.99833175480124,8.604043272959219,25.602375027760463,172.47703297051476,6.2
153.9359573048699,16.952954655205072,8.574745849002136,25.52770050420721,172.51140497062676,6.2
154.1027351567712,16.907698707652482,8.545548197877599,25.453246905530083,172.54567528103914,6.2
154.26951300867245,16.86256358858092,8.516449979726065,25.379013568306984,172.57984420711907,6.2
154.4362908605737,16.817548975292524,8.487450855846188,25.304999831138712,172.61391205330258,6.2
154.603068712475,16.77265454595183,8.458550488690847,25.231205034642677,172.64787912309737,6.2
154.76984656437625,16.727879979583467,8.429748541863262,25.157628521446735,172.68174571908588,6.2
154.9366244162775,16.683224956069843,8.40104468011301,25.084269636182853,172.71551214292793,6.2
155.1034022681788,16.638689156148825,8.372438569332148,25.01112772548098,172.74917869536392,6.2
155.27018012008006,16.594272261411508,8.343929876551321,24.93820213796283,172.78274567621722,6.2
155.43695797198131,16.549973954299887,8.315518269935858,24.86549222423574,172.81621338439734,6.2
155.60373582388257,16.505793918104576,8.287203418781912,24.792997336886494,172.84958211790268,6.2
155.77051367578386,16.461731836962578,8.258984993512605,24.720716830475187,172.88285217382335,6.2
155.93729152768512,16.417787395854994,8.230862665674199,24.648650061529192,172.91602384834385,6.2
156.10406937958638,16.37396028060475,8.202836107932223,24.57679638853697,172.94909743674614,6.2
156.27084723148766,16.330250177874362,8.174904994067695,24.505155171942057,172.98207323341217,6.2
156.43762508338892,16.286656775163706,8.147068998973316,24.43372577413702,173.0149515318268,6.2
156.60440293529018,16.24317976080774,8.119327798649646,24.362507559457388,173.0477326245806,6.2
156.77118078719147,16.199818823974294,8.091681070201355,24.291499894175654,173.0804168033725,6.2
156.93795863909273,16.156573654661848,8.064128491833461,24.220702146495313,173.11300435901273,6.2
157.104736490994,16.113443943697277,8.03666974284755,24.150113686544824,173.14549558142528,6.2
157.27151434289527,16.070429382733657,8.009304503638056,24.079733886371713,173.1778907596511,6.2
157.43829219479653,16.027529664248075,7.982032455688542,24.009562119936618,173.21019018185027,6.2
157.6050700466978,15.984744481539366,7.954853281567956,23.939597763107322,173.24239413530506,6.2
157.77184789859908,15.942073528725977,7.92776666492695,23.86984019365293,173.27450290642287,6.2
157.93862575050034,15.89951650074374,7.900772290494203,23.800288791237946,173.30651678073824,6.2
158.1054036024016,15.857073093343686,7.873869844072717,23.7309429374164,173.33843604291636,6.2
158.27218145430285,15.814743003089864,7.847059012536162,23.661802015626026,173.37026097675508,6.2
158.43895930620414,15.77252592735717,7.8203394838252365,23.59286541118241,173.40199186518808,6.2
158.6057371581054,15.730421564329196,7.793710946944018,23.524132511273216,173.43362899028727,6.2
158.77251501000666,15.688429612996044,7.767173091956344,23.455602704952387,173.46517263326555,6.2
158.93929286190794,15.646549773152135,7.740725609982178,23.387275383134316,173.49662307447937,6.2
159.1060707138092,15.604781745394163,7.714368193194043,23.319149938588204,173.52798059343158,6.2
159.27284856571046,15.563125231118814,7.688100534813399,23.251225765932215,173.55924546877392,6.2
159.43962641761175,15.521579932520714,7.661922329107075,23.18350226162779,173.5904179783096,6.2
159.606404269513,15.480145552590297,7.635833271383722,23.115978823974014,173.6214983989961,6.2
159.77318212141427,15.438821795111613,7.609833057990236,23.048654853101848,173.65248700694755,6.2
159.93995997331555,15.397608364660256,7.583921386308227,22.981529750968484,173.68338407743778,6.2
160.1067378252168,15.35650496660125,7.558097954750499,22.91460292135175,173.71418988490217,6.2
160.27351567711807,15.315511307086885,7.532362462757517,22.8478737698444,173.7449047029412,6.2
160.44029352901936,15.274627093054661,7.5067146107939084,22.78134170384857,173.775528804322,6.2
160.60707138092062,15.233852032225192,7.481154100344991,22.71500613257018,173.80606246098182,6.2
160.77384923282187,15.193185833100054,7.455680633913253,22.648866467013306,173.83650594403005,6.2
160.94062708472316,15.152628204959743,7.430293915014914,22.582922119974658,173.866859523751,6.2
161.10740493662442,15.112178857861611,7.404993648176469,22.517172506038083,173.89712346960638,6.2
161.27418278852568,15.071837502637702,7.379779538931218,22.45161704156892,173.92729805023785,6.2
161.44096064042694,15.031603850892775,7.354651293815861,22.386255144708638,173.95738353346968,6.2
161.60773849232822,14.99147761500217,7.329608620367056,22.321086235369226,173.98738018631087,6.2
161.77451634422948,14.951458508109802,7.304651227118025,22.256109735227827,174.01728827495836,6.2
161.94129419613074,14.911546244126047,7.279778823595148,22.191325067721195,174.04710806479883,6.2
162.10807204803203,14.871740537725728,7.254991120314564,22.126731658040292,174.07683982041158,6.2
162.2748498999333,14.832041104346066,7.230287828778835,22.0623289331249,174.10648380557106,6.2
162.44162775183455,14.792447660184639,7.205668661473524,21.998116321658163,174.13604028324917,6.2
162.60840560373583,14.752959922197315,7.1811333318639,21.934093254061217,174.16550951561788,6.2
162.7751834556371,14.713577608096314,7.156681554391558,21.87025916248787,174.1948917640516,6.2
162.94196130753835,14.674300436348046,7.132313044471116,21.806613480819163,174.22418728912965,6.2
163.10873915943964,14.635128126171242,7.108027518486869,21.743155644658113,174.25339635063875,6.2
163.2755170113409,14.596060397534828,7.083824693789521,21.679885091324348,174.2825192075757,6.2
163.44229486324215,14.557096971155975,7.05970428869285,21.616801259848824,174.3115561181493,6.2
163.60907271514344,14.518237568498074,7.035666022470442,21.553903590968517,174.34050733978322,6.2
163.7758505670447,14.479481911768767,7.011709615352431,21.4911915271212,174.36937312911826,6.2
163.94262841894596,14.440829723917933,6.987834788522217,21.428664512440147,174.3981537420148,6.2
164.10940627084722,14.402280728635688,6.964041264113218,21.366321992748905,174.4268494335552,6.2
164.2761841227485,14.363834650350435,6.940328765205638,21.304163415556076,174.45546045804613,6.2
164.44296197464976,14.325491214226904,6.916697015823247,21.242188230050154,174.48398706902125,6.2
164.60973982655102,14.287250146164116,6.8931457409301435,21.18039588709426,174.51242951924303,6.2
164.7765176784523,14.24911117279348,6.869674666427552,21.118785839221033,174.5407880607058,6.2
164.94329553035357,14.211074021476833,6.846283519150649,21.05735754062748,174.5690629446377,6.2
165.11007338225482,14.173138420304424,6.822972026865353,20.996110447169777,174.59725442150312,6.2
165.2768512341561,14.135304098093037,6.799739918265157,20.935044016358194,174.62536274100515,6.2
165.44362908605737,14.097570784384018,6.776586922967985,20.874157707352005,174.65338815208776,6.2
165.61040693795863,14.059938209441338,6.753512771513014,20.813450980954354,174.6813309029384,6.2
165.77718478985992,14.02240610424964,6.730517195357537,20.752923299607172,174.70919124099012,6.2
165.94396264176117,13.984974200512356,6.707599926873859,20.69257412738622,174.7369694129239,6.2
166.11074049366243,13.947642230649759,6.6847606993461435,20.6324029299959,174.76466566467118,6.2
166.27751834556372,13.910409927797012,6.661999246967315,20.572409174764324,174.7922802414159,6.2
166.44429619746498,13.873277025802336,6.639315304835977,20.512592330638313,174.81981338759704,6.2
166.61107404936624,13.836243259225032,6.616708608953298,20.45295186817833,174.84726534691075,6.2
166.7778519012675,13.79930836333361,6.59417889621995,20.39348725955356,174.8746363623127,6.2
166.94462975316878,13.762472074103874,6.571725904433035,20.334197978536906,174.90192667602045,6.2
167.11140760507004,13.725734128217066,6.549349372283042,20.275083500500106,174.9291365295156,6.2
167.2781854569713,13.689094263057935,6.527049039350783,20.216143302408717,174.95626616354602,6.2
167.4449633088726,13.652552216712875,6.504824646104354,20.15737686281723,174.98331581812843,6.2
167.61174116077385,13.616107727968076,6.482675933896148,20.098783661864225,175.01028573255022,6.2
167.7785190126751,13.579760536307592,6.460602644959786,20.040363181267377,175.03717614537203,6.2
167.9452968645764,13.543510381911513,6.4386045224071555,19.98211490431867,175.06398729442978,6.2
168.11207471647765,13.507357005654127,6.416681310225394,19.924038315879525,175.09071941683712,6.2
168.2788525683789,13.471300149102005,6.394832753273921,19.866132902375924,175.11737274898744,6.2
168.4456304202802,13.435339554512181,6.373058597281429,19.808398151793607,175.14394752655625,6.2
168.61240827218145,13.399474964830318,6.351358588842979,19.7508335536733,175.17044398450315,6.2
168.7791861240827,13.363706123688843,6.329732475416984,19.693438599105825,175.19686235707454,6.2
168.945963975984,13.328032775405115,6.308180005322307,19.63621278072742,175.22320287780528,6.2
169.11274182788526,13.292454664979605,6.286700927735323,19.579155592714926,175.2494657795211,6.2
169.27951967978652,13.256971538094064,6.265294992686968,19.52226653078103,175.27565129434086,6.2
169.44629753168778,13.221583141109674,6.243961951059862,19.465545092169535,175.3017596536787,6.2
169.61307538358906,13.18628922106527,6.222701554585368,19.408990775650636,175.32779108824596,6.2
169.77985323549032,13.151089525675536,6.2015135558407435,19.35260308151628,175.35374582805383,6.2
169.94663108739158,13.115983803329136,6.180397708246218,19.296381511575355,175.37962410241508,6.2
170.11340893929287,13.080971803086952,6.159353766062127,19.24032556914908,175.40542613994643,6.2
170.28018679119413,13.04605327468032,6.138381484386069,19.184434759066388,175.4311521685705,6.2
170.44696464309538,13.011227968509163,6.117480619150027,19.128708587659187,175.45680241551827,6.2
170.61374249499667,12.976495635640248,6.096650927117522,19.073146562757767,175.48237710733102,6.2
170.78052034689793,12.941856027805411,6.075892165880813,19.017748193686224,175.5078764698622,6.2
170.9472981987992,12.907308897399751,6.055204093858032,18.962512991257782,175.53330072828015,6.2
171.11407605070048,12.87285399747986,6.0345864702903835,18.907440467770243,175.55865010706972,6.2
171.28085390260173,12.838491081762083,6.014039055239345,18.852530137001427,175.58392483003453,6.2
171.447631754503,12.804219904620703,5.993561609583864,18.79778151420457,175.60912512029898,6.2
171.61440960640428,12.770040221086234,5.973153895017562,18.743194116103794,175.6342512003107,6.2
171.78118745830554,12.73595178684364,5.952815674045983,18.688767460889622,175.65930329184204,6.2
171.9479653102068,12.70195435823058,5.932546709983799,18.63450106821438,175.68428161599275,6.2
172.11474316210808,12.668047692235664,5.91234676695206,18.580394459187723,175.7091863931916,6.2
172.28152101400934,12.634231546496741,5.892215609875463,18.526447156372207,175.7340178431987,6.2
172.4482988659106,12.600505679299113,5.872153004479576,18.47265868377869,175.7587761851075,6.2
172.61507671781186,12.566869849573854,5.852158717288143,18.419028566861996,175.7834616373468,6.2
172.78185456971315,12.533323816896038,5.832232515620335,18.36555633251637,175.80807441768286,6.2
172.9486324216144,12.499867341483064,5.812374167588067,18.312241509071132,175.8326147432214,6.2
173.11541027351566,12.466500184192894,5.792583442093276,18.25908362628617,175.8570828304096,6.2
173.28218812541695,12.433222106522356,5.772860108825218,18.206082215347575,175.88147889503824,6.2
173.4489659773182,12.400032870605461,5.7532039382578235,18.153236808863284,175.90580315224358,6.2
173.61574382921947,12.366932239211648,5.7336147016469745,18.10054694085862,175.93005581650957,6.2
173.78252168112076,12.33391997574413,5.714092171027871,18.048012146772002,175.95423710166955,6.2
173.949299533022,12.300995844238194,5.694636119212369,17.99563196345056,175.9783472209087,6.2
174.11607738492327,12.268159609359476,5.6752463197863205,17.9434059291458,176.0023863867654,6.2
174.28285523682456,12.235411036402308,5.655922547106948,17.891333583509255,176.02635481113404,6.2
174.44963308872582,12.202749891288033,5.636664576300213,17.839414467588245,176.05025270526636,6.2
174.61641094062708,12.170175940563317,5.617472183258188,17.787648123821505,176.0740802797734,6.2
174.78318879252836,12.13768895139848,5.598345144636449,17.73603409603493,176.09783774462818,6.2
174.94996664442962,12.105288691585853,5.579283237851483,17.684571929437336,176.1215253091667,6.2
175.11674449633088,12.07297492953806,5.5602862410780745,17.633261170616134,176.14514318209083,6.2
175.28352234823214,12.04074743428642,5.541353933246737,17.582101367533156,176.1686915714695,6.2
175.45030020013343,12.008605975479242,5.522486094041124,17.53109206952037,176.1921706847411,6.2
175.61707805203469,11.976550323380229,5.503682503895481,17.480232827275707,176.2155807287152,6.2
175.78385590393594,11.94458024886677,5.484942943992062,17.429523192858834,176.23892190957477,6.2
175.95063375583723,11.912695523428345,5.4662671962585945,17.37896271968694,176.26219443287766,6.2
176.1174116077385,11.880895919164885,5.447655043365747,17.32855096253063,176.28539850355898,6.2
176.28418945963975,11.849181208785112,5.429106268724573,17.278287477509686,176.30853432593267,6.2
176.45096731154104,11.817551165604927,5.410620656484001,17.228171822088928,176.33160210369368,6.2
176.6177451634423,11.786005563545812,5.392197991528326,17.178203555074138,176.35460203991965,6.2
176.78452301534355,11.754544177133157,5.373838059474686,17.12838223660784,176.37753433707294,6.2
176.95130086724484,11.723166781494692,5.355540646670575,17.078707428165266,176.40039919700246,6.2
177.1180787191461,11.691873152358854,5.3373055401913625,17.029178692550218,176.42319682094572,6.2
177.28485657104736,11.660663066053184,5.319132527837784,16.97979559389097,176.4459274095304,6.2
177.45163442294864,11.629536299502737,5.301021398133493,16.930557697636228,176.46859116277653,6.2
177.6184122748499,11.598492630228462,5.282971940322596,16.881464570551056,176.49118828009816,6.2
177.78519012675116,11.567531836345637,5.264983944367178,16.832515780712814,176.51371896030537,6.2
177.95196797865242,11.536653696562242,5.2470572009448775,16.78371089750712,176.53618340160594,6.2
178.1187458305537,11.505857990177407,5.229191501446431,16.735049491623837,176.5585818016075,6.2
178.28552368245496,11.47514449707984,5.2113866379732565,16.686531135053098,176.580914357319,6.2
178.45230153435622,11.444512997746202,5.193642403335015,16.638155401081214,176.60318126515284,6.2
178.6190793862575,11.413963273239577,5.1759585910472055,16.589921864286783,176.62538272092667,6.2
178.78585723815877,11.383495105207896,5.158334995328763,16.54183010053666,176.64751891986515,6.2
178.95263509006003,11.353108275882363,5.140771411099657,16.493879686982023,176.66959005660152,6.2
179.11941294196131,11.322802568075906,5.123267633978494,16.446070202054397,176.69159632518006,6.2
179.28619079386257,11.292577765181615,5.10582346028015,16.398401225461768,176.71353791905727,6.2
179.45296864576383,11.262433651171191,5.088438687013387,16.35087233818458,176.73541503110405,6.2
179.61974649766512,11.232370010593407,5.071113111878489,16.303483122471896,176.75722785360733,6.2
179.78652434956638,11.202386628572551,5.053846533264915,16.256233161837464,176.77897657827194,6.2
179.95330220146764,11.172483290806905,5.036638750248939,16.209122041055846,176.8006613962223,6.2
180.12008005336892,11.142659783567192,5.019489562591307,16.162149346158497,176.8222824980043,6.2
180.28685790527018,11.112915893695064,5.00239877073492,16.115314664429985,176.84384007358724,6.2
180.45363575717144,11.08325140860156,4.985366175802486,16.06861758440405,176.86533431236518,6.2
180.6204136090727,11.053666116265592,4.968391579594227,16.02205769585982,176.88676540315902,6.2
180.787191460974,11.024159805232417,4.951474784585545,15.975634589817963,176.90813353421825,6.2
180.95396931287524,10.994732264612153,4.934615593924749,15.929347858536904,176.9294388932225,6.2
181.1207471647765,10.965383284078223,4.917813811430735,15.883197095508958,176.95068166728367,6.2
181.2875250166778,10.936112653865871,4.9010692415907124,15.837181895456585,176.97186204294718,6.2
181.45430286857905,10.906920164770694,4.884381689557931,15.791301854328625,176.99298020619415,6.2
181.6210807204803,10.87780560814707,4.867750961149401,15.745556569296472,177.01403634244295,6.2
181.7878585723816,10.848768775906732,4.85117686284363,15.699945638750362,177.03503063655074,6.2
181.95463642428285,10.819809460517243,4.834659201778389,15.654468662295633,177.05596327281572,6.2
182.1214142761841,10.790927455000523,4.818197785748433,15.609125240748957,177.0768344349781,6.2
182.2881921280854,10.762122552931352,4.801792423203284,15.563914976134637,177.09764430622258,6.2
182.45496997998666,10.733394548435921,4.7854429232449975,15.51883747168092,177.11839306917952,6.2
182.62174783188792,10.70474323619032,4.769149095625932,15.473892331816248,177.13908090592696,6.2
182.7885256837892,10.676168411419091,4.752910750746528,15.429079162165621,177.1597079979921,6.2
182.95530353569046,10.64766986989378,4.736727699653122,15.384397569546902,177.18027452635297,6.2
183.12208138759172,10.619247407931425,4.720599754035718,15.339847161967144,177.20078067144044,6.2
183.288859239493,10.590900822393133,4.704526726225805,15.295427548618937,177.22122661313955,6.2
183.45563709139427,10.562629910682633,4.688508429194181,15.251138339876812,177.2416125307914,6.2
183.62241494329552,10.534434470744792,4.672544676548752,15.206979147293545,177.26193860319458,6.2
183.78919279519678,10.506314301064192,4.656635282532381,15.162949583596575,177.28220500860718,6.2
183.95597064709807,10.47826920066369,4.640780062020709,15.119049262684399,177.30241192474816,6.2
184.12274849899933,10.450298969102969,4.624978830520012,15.075277799622981,177.32255952879922,6.2
184.2895263509006,10.422403406477093,4.60923140416504,15.031634810642133,177.34264799740615,6.2
184.45630420280187,10.3945823134151,4.593537599716879,14.988119913131976,177.36267750668082,6.2
184.62308205470313,10.366835491078563,4.5778972345608215,14.944732725639383,177.38264823220265,6.2
184.7898599066044,10.339162741160159,4.562310126704232,14.90147286786439,177.4025603490202,6.2
184.95663775850568,10.311563865882256,4.546776094774423,14.858339960656679,177.4224140316529,6.2
185.12341561040694,10.284038667995514,4.531294958016566,14.81533362601208,177.4422094540926,6.2
185.2901934623082,10.25658695077743,4.515866536291549,14.772453487068981,177.4619467898053,6.2
185.45697131420948,10.229208518030973,4.500490650073907,14.729699168104878,177.48162621173253,6.2
185.62374916611074,10.20190317408316,4.485167120449723,14.687070294532884,177.50124789229332,6.2
185.790527018012,10.174670723783654,4.469895769114537,14.64456649289819,177.5208120033855,6.2
185.9573048699133,10.147510972503367,4.454676418371273,14.60218739087464,177.54031871638728,6.2
186.12408272181455,10.12042372613308,4.439508891128179,14.559932617261259,177.5597682021592,6.2
186.2908605737158,10.093408791082037,4.424393010896742,14.51780180197878,177.5791606310452,6.2
186.45763842561706,10.066465974276564,4.409328601789656,14.475794576066221,177.5984961728749,6.2
186.62441627751835,10.039595083158682,4.394315488518751,14.433910571677433,177.61777499696427,6.2
186.7911941294196,10.012795925684754,4.379353496392975,14.392149422077729,177.63699727211804,6.2
186.95797198132087,9.986068310324072,4.364442451316336,14.350510761640406,177.65616316663082,6.2
187.12474983322215,9.959412046057507,4.349582179785886,14.308994225843392,177.6752728482888,6.2
187.2915276851234,9.932826942376154,4.334772508889702,14.267599451265855,177.69432648437126,6.2
187.45830553702467,9.906312809279942,4.320013266304867,14.226326075584808,177.71332424165217,6.2
187.62508338892596,9.879869457276273,4.305304280295457,14.185173737571729,177.7322662864017,6.2
187.79186124082722,9.853496697378706,4.290645379710558,14.144142077089262,177.75115278438773,6.2
187.95863909272848,9.827194341105551,4.2760363939822525,14.103230735087804,177.76998390087758,6.2
188.12541694462976,9.800962200478553,4.261477153123645,14.062439353602198,177.78875980063935,6.2
188.29219479653102,9.77480008802155,4.246967487726878,14.021767575748427,177.8074806479434,6.2
188.45897264843228,9.748707816759099,4.232507228961159,13.981215045720258,177.82614660656418,6.2
188.62575050033357,9.722685200215166,4.218096208570794,13.94078140878596,177.8447578397814,6.2
188.79252835223483,9.69673205241179,4.203734258873231,13.900466311285019,177.86331451038174,6.2
188.95930620413608,9.670848187867731,4.189421212757098,13.86026940062483,177.88181678066044,6.2
189.12608405603734,9.645033421597166,4.175156903680263,13.820190325277428,177.90026481242256,6.2
189.29286190793863,9.619287569108343,4.1609411656678965,13.780228734776239,177.91865876698458,6.2
189.4596397598399,9.593610446402288,4.146773833310534,13.740384279712822,177.93699880517613,6.2
189.62641761174115,9.56800186997146,4.132654741762146,13.700656611733608,177.95528508734114,6.2
189.79319546364243,9.54246165679845,4.118583726738227,13.661045383536678,177.97351777333947,6.2
189.9599733155437,9.516989624354677,4.104560624513876,13.621550248868552,177.99169702254846,6.2
190.12675116744495,9.491585590599067,4.090585271921886,13.582170862520952,178.00982299386428,6.2
190.29352901934624,9.466249373976758,4.076657506350854,13.54290688032761,178.02789584570354,6.2
190.4603068712475,9.440980793417808,4.062777165743274,13.503757959161081,178.04591573600467,6.2
190.62708472314876,9.415779668335881,4.0489440885936645,13.464723756929544,178.06388282222946,6.2
190.79386257505004,9.390645818626966,4.035158113946669,13.425803932573636,178.08179726136436,6.2
190.9606404269513,9.365579064668099,4.021419081395203,13.3869981460633,178.099659209922,6.2
191.12741827885256,9.34057922731605,4.007726831078564,13.348306058394611,178.11746882394303,6.2
191.29419613075385,9.315646127906051,3.9940812036805817,13.309727331586632,178.13522625899668,6.2
191.4609739826551,9.290779588250542,3.9804820404277663,13.271261628678307,178.15293167018328,6.2
191.62775183455636,9.265979430637858,3.9669291830874456,13.232908613725304,178.17058521213482,6.2
191.79452968645762,9.24124547783098,3.953422473965932,13.194667951796914,178.18818703901695,6.2
191.9613075383589,9.216577553066253,3.9399617559066815,13.156539308972937,178.2057373045299,6.2
192.12808539026017,9.19197548005215,3.9265468722884727,13.118522352340623,178.22323616191056,6.2
192.29486324216143,9.167439082967961,3.913177667023566,13.080616749991526,178.2406837639332,6.2
192.4616410940627,9.142968186462575,3.899853984555893,13.042822171018468,178.25808026291145,6.2
192.62841894596397,9.118562615653218,3.8865756698592584,13.005138285512476,178.27542581069935,6.2
192.79519679786523,9.094222196124184,3.873342568435513,12.967564764559697,178.29272055869296,6.2
192.96197464976652,9.069946753925601,3.860154526312761,12.93010128023836,178.3099646578317,6.2
193.12875250166778,9.045736115572192,3.84701139004358,12.892747505615771,178.32715825859964,6.2
193.29553035356903,9.021590108042014,3.8339130067032134,12.855503114745227,178.34430151102703,6.2
193.46230820547032,8.997508558775225,3.8208592238878003,12.818367782663024,178.36139456469184,6.2
193.62908605737158,8.973491295672877,3.807849889712605,12.781341185385482,178.37843756872073,6.2
193.79586390927284,8.949538147095637,3.794884852810235,12.744422999905874,178.39543067179068,6.2
193.96264176117413,8.925648941862592,3.7819639623288897,12.707612904191482,178.41237402213042,6.2
194.12941961307538,8.901823509250018,3.7690870679306,12.670910577180619,178.42926776752174,6.2
194.29619746497664,8.878061678990152,3.7562540197894716,12.634315698779623,178.44611205530086,6.2
194.46297531687793,8.85436328126997,3.743464668589946,12.597827949859917,178.46290703235965,6.2
194.6297531687792,8.830728146729994,3.730718865525066,12.56144701225506,178.47965284514729,6.2
194.79653102068045,8.807156106463049,3.71801646229473,12.52517256875778,178.49634963967137,6.2
194.9633088725817,8.783646992013068,3.7053573111039744,12.489004303117042,178.5129975614993,6.2
195.130086724483,8.760200635373895,3.6927412646612487,12.452941900035144,178.5295967557598,6.2
195.29686457638425,8.736816868988083,3.6801681761767058,12.416985045164788,178.54614736714402,6.2
195.4636424282855,8.713495525745666,3.6676378993604826,12.381133425106148,178.56264953990703,6.2
195.6304202801868,8.690236438982994,3.655150288421,12.345386727403994,178.57910341786913,6.2
195.79719813208806,8.66703944248154,3.642705198063275,12.309744640544816,178.59550914441706,6.2
195.96397598398931,8.64390437046669,3.6303024834872106,12.274206853953899,178.61186686250565,6.2
196.1307538358906,8.62083105760656,3.6179420003859213,12.23877305799248,178.6281767146587,6.2
196.29753168779186,8.597819339010835,3.605623604944056,12.203442943954892,178.64443884297071,6.2
196.46430953969312,8.57486905022957,3.5933471538361097,12.168216204065681,178.66065338910775,6.2
196.6310873915944,8.55198002725201,3.5811125042247642,12.133092531476775,178.67682049430928,6.2
196.79786524349566,8.529152106505437,3.5689195137592242,12.09807162026466,178.69294029938905,6.2
196.96464309539692,8.506385124853972,3.556768040573555,12.06315316542753,178.70901294473666,6.2
197.1314209472982,8.483678919597423,3.5446579432850323,12.028336862882453,178.72503857031867,6.2
197.29819879919947,8.461033328470132,3.532589080992501,11.993622409462633,178.74101731567998,6.2
197.46497665110073,8.438448189639786,3.5205613132747255,11.95900950291451,178.75694931994516,6.2
197.63175450300199,8.41592334170628,3.508574500188758,11.924497841895038,178.77283472181958,6.2
197.79853235490327,8.393458623700555,3.4966285022683086,11.890087125968865,178.78867365959096,6.2
197.96531020680453,8.371053875083454,3.4847231805221286,11.855777055605582,178.8044662711304,6.2
198.1320880587058,8.348708935744554,3.472858396432377,11.821567332176931,178.8202126938937,6.2
198.29886591060708,8.326423646001036,3.4610340119530183,11.787457657954054,178.83591306492286,6.2
198.46564376250834,8.30419784659655,3.4492498895082147,11.753447736104762,178.85156752084688,6.2
198.6324216144096,8.282031378700045,3.437505891990715,11.719537270690758,178.86717619788354,6.2
198.79919946631088,8.259924083904663,3.425801882760272,11.685725966664934,178.88273923184033,6.2
198.96597731821214,8.237875804226597,3.4141377256420364,11.652013529868633,178.89825675811562,6.2
199.1327551701134,8.215886382103948,3.402513284924983,11.61839966702893,178.91372891170047,6.2
199.29953302201469,8.193955660395613,3.3909284253603236,11.584884085755935,178.92915582717922,6.2
199.46631087391594,8.172083482380149,3.3793830121599333,11.551466494540083,178.94453763873096,6.2
199.6330887258172,8.15026969175467,3.367876910994782,11.518146602749452,178.95987448013096,6.2
199.7998665777185,8.128514132633693,3.3564099879933673,11.48492412062706,178.9751664847518,6.2
199.96664442961975,8.10681664954807,3.344982109740165,11.451798759288234,178.9904137855643,6.2
200.133422281521,8.085177087443833,3.3335931432740593,11.418770230717891,179.00561651513922,6.2
200.30020013342227,8.063595291681112,3.3222429560868085,11.385838247767921,179.02077480564827,6.2
200.46697798532355,8.042071108033008,3.3109314161214924,11.353002524154501,179.03588878886526,6.2
200.6337558372248,8.020604382684514,3.299658391770988,11.320262774455502,179.05095859616733,6.2
200.80053368912607,7.999194962231389,3.288423751876418,11.287618714107808,179.06598435853627,6.2
200.96731154102736,7.977842693679074,3.277227365725634,11.255070059404709,179.0809662065598,6.2
201.13408939292862,7.956547424441604,3.2660691030517044,11.222616527493308,179.09590427043233,6.2
201.30086724482987,7.935309002340494,3.254948834031377,11.190257836371872,179.11079867995684,6.2
201.46764509673116,7.914127275603667,3.2438664292835755,11.157993704887243,179.12564956454554,6.2
201.63442294863242,7.893002092864372,3.232821759867904,11.125823852732278,179.14045705322116,6.2
201.80120080053368,7.87193330316009,3.22181469728313,11.09374800044322,179.15522127461836,6.2
201.96797865243497,7.850920755931444,3.2108451134656892,11.061765869397133,179.16994235698473,6.2
202.13475650433622,7.829964301021159,3.1999128807882107,11.02987718180937,179.18462042818206,6.2
202.30153435623748,7.809063788672942,3.189017872058013,10.998081660730955,179.19925561568732,6.2
202.46831220813877,7.788219069530435,3.1781599605156243,10.966379030046058,179.21384804659417,6.2
202.63509006004003,7.767429994636162,3.167339019833322,10.934769014469484,179.22839784761382,6.2
202.8018679119413,7.746696415430421,3.156554924113643,10.903251339544063,179.24290514507643,6.2
202.96864576384257,7.726018183750251,3.145807547887926,10.871825731638179,179.25737006493213,6.2
203.13542361574383,7.705395151828379,3.135096766114857,10.840491917943236,179.2717927327522,6.2
203.3022014676451,7.684827172292135,3.124422454179001,10.809249626471136,179.28617327373033,6.2
203.46897931954635,7.66431409816241,3.113784487889356,10.778098586051767,179.30051181268357,6.2
203.63575717144764,7.643855782852612,3.103182743477909,10.747038526330522,179.3148084740537,6.2
203.8025350233489,7.623452080167618,3.092617097598194,10.716069177765812,179.3290633819083,6.2
203.96931287525015,7.603102844302711,3.082087427323855,10.685190271626565,179.34327665994167,6.2
204.13609072715144,7.582807929842539,3.0715936101472106,10.65440153998975,179.3574484314765,6.2
204.3028685790527,7.562567191760111,3.0611355239778395,10.62370271573795,179.37157881946445,6.2
204.46964643095396,7.5423804854157,3.050713047141142,10.593093532556843,179.38566794648753,6.2
204.63642428285524,7.522247666555856,3.0403260583769365,10.562573724932793,179.39971593475923,6.2
204.8032021347565,7.50216859131236,3.0299744368380455,10.532143028150406,179.41372290612568,6.2
204.96997998665776,7.482143116201181,3.019658062088882,10.501801178290062,179.42768898206657,6.2
205.13675783855905,7.462171098121461,3.009376814104052,10.471547912225512,179.44161428369662,6.2
205.3035356904603,7.442252394354499,2.99913057326696,10.441382967621461,179.45549893176639,6.2
205.47031354236157,7.4223868625627185,2.9889192203684076,10.411306082931125,179.46934304666328,6.2
205.63709139426285,7.402574360788641,2.9787426366052108,10.381316997393853,179.48314674841316,6.2
205.8038692461641,7.382814747453899,2.968600703578823,10.351415451032723,179.49691015668105,6.2
205.97064709806537,7.363107881358196,2.9584933032939404,10.321601184652136,179.51063339077228,6.2
206.13742494996663,7.343453621678303,2.9484203181571433,10.291873939835446,179.5243165696337,6.2
206.30420280186792,7.3238518279670535,2.938381630975517,10.26223345894257,179.53795981185462,6.2
206.47098065376917,7.304302360152353,2.928377124955297,10.232679485107651,179.5515632356681,6.2
206.63775850567043,7.284805078536144,2.918406683700498,10.203211762236641,179.56512695895185,6.2
206.80453635757172,7.265359843793436,2.908470191211563,10.173830035004999,179.57865109922943,6.2
206.97131420947298,7.245966516971298,2.898567531884022,10.144534048855322,179.59213577367132,6.2
207.13809206137424,7.226624959487863,2.8886985905071287,10.115323549994992,179.60558109909587,6.2
207.30486991327552,7.2073350331313275,2.878863252262532,10.08619828539386,179.6189871919706,6.2
207.47164776517678,7.188096600058995,2.869061402722937,10.057158002781932,179.63235416841312,6.2
207.63842561707804,7.168909522796254,2.8592929278507664,10.028202450647019,179.6456821441921,6.2
207.80520346897933,7.149773664235605,2.8495577139968367,9.999331378232442,179.6589712347285,6.2
207.9719813208806,7.130688887635696,2.8398556478990433,9.97054453553474,179.6722215550968,6.2
208.13875917278185,7.111655056620325,2.8301866166810266,9.94184167330135,179.68543322002566,6.2
208.30553702468313,7.092672035177462,2.8205505078508644,9.913222543028326,179.69860634389894,6.2
208.4723148765844,7.073739687658306,2.81094720929977,9.884686896958076,179.7117410407574,6.2
208.63909272848565,7.054857878776272,2.8013766093007724,9.856234488077046,179.72483742429907,6.2
208.8058705803869,7.036026473606061,2.7918385965074277,9.827865070113488,179.73789560788057,6.2
208.9726484322882,7.0172453375826604,2.7823330599525122,9.799578397535173,179.7509157045182,6.2
209.13942628418945,6.998514336500424,2.772859889046744,9.771374225547168,179.76389782688875,6.2
209.3062041360907,6.979833336512064,2.7634189735774823,9.743252310089547,179.77684208733083,6.2
209.472981987992,6.961202204127728,2.754010203707447,9.715212407835175,179.7897485978456,6.2
209.63975983989326,6.942620806214034,2.74463346997345,9.687254276187485,179.80261747009814,6.2
209.80653769179452,6.924089009993113,2.7352886632851052,9.659377673278216,179.81544881541814,6.2
209.9733155436958,6.905606683041659,2.725975674923569,9.631582357965227,179.82824274480112,6.2
210.14009339559706,6.88717369329,2.716694396540276,9.603868089830275,179.84099936890948,6.2
210.30687124749832,6.868789909021121,2.7074447201556664,9.576234629176787,179.85371879807332,6.2
210.4736490993996,6.850455198869751,2.698226538157938,9.548681737027689,179.8664011422915,6.2
210.64042695130087,6.832169431821414,2.6890397433017936,9.521209175123207,179.87904651123299,6.2
210.80720480320213,6.813932477211481,2.6798842287071873,9.493816705918668,179.8916550142373,6.2
210.9739826551034,6.795744204724242,2.6707598878580816,9.466504092582323,179.90422676031594,6.2
211.14076050700467,6.777604484391994,2.661666614601212,9.439271098993206,179.91676185815325,6.2
211.30753835890593,6.759513186594072,2.652604303144846,9.412117489738918,179.9292604161074,6.2
211.4743162108072,6.741470182055956,2.6435728480575484,9.385043030113504,179.94172254221138,6.2
211.64109406270848,6.723475341848324,2.634572144266964,9.35804748611529,179.9541483441741,6.2
211.80787191460973,6.705528537386151,2.6256020870585877,9.33113062444474,179.96653792938108,6.2
211.974649766511,6.687629640427763,2.6166625720745444,9.304292212502308,179.97889140489585,6.2
212.14142761841228,6.669778523073943,2.607753495312375,9.277532018386319,179.99120887746054,6.2
212.30820547031354,6.651975057767007,2.598874753123831,9.25084981089084,180.00349045349725,6.2
212.4749833222148,6.6342191172898906,2.590026242213659,9.22424535950355,180.01573623910863,6.2
212.64176117411608,6.616510574765227,2.5812078596384023,9.197718434403628,180.0279463400791,6.2
212.80853902601734,6.598849303654473,2.572419502805207,9.171268806459679,180.0401208618757,6.2
212.9753168779186,6.581235177756972,2.563661069470619,9.14489624722759,180.05225990964922,6.2
213.1420947298199,6.563668071209059,2.5549324577393966,9.118600528948457,180.064363588235,6.2
213.30887258172115,6.54614785848317,2.546233566063332,9.092381424546502,180.07643200215398,6.2
213.4756504336224,6.528674414386941,2.5375642932400564,9.066238707626997,180.08846525561347,6.2
213.6424282855237,6.511247614062298,2.528924538411868,9.040172152474167,180.10046345250848,6.2
213.80920613742495,6.49386733298458,2.5203142010645627,9.014181534049143,180.11242669642232,6.2
213.9759839893262,6.476533446961651,2.511733181026255,8.988266627987905,180.12435509062763,6.2
214.1427618412275,6.459245832132987,2.5031813784662136,8.9624272105992,180.13624873808755,6.2
214.30953969312876,6.442004364968832,2.494658693893709,8.93666305886254,180.1481077414563,6.2
214.47631754503,6.424808922269263,2.4861650281568397,8.910973950426103,180.1599322030804,6.2
214.64309539693127,6.407659381163356,2.47770028244139,8.885359663604746,180.17172222499948,6.2
214.80987324883256,6.390555619108268,2.4692643582696725,8.85981997737794,180.1834779089474,6.2
214.97665110073382,6.373497513888395,2.46085715749939,8.834354671387784,180.19519935635265,6.2
215.14342895263508,6.356484943614477,2.452478582322481,8.808963525936958,180.2068866683401,6.2
215.31020680453636,6.339517786722722,2.444128535263992,8.783646321986714,180.2185399457312,6.2
215.47698465643762,6.322595921973962,2.435806919180936,8.758402841154897,180.23015928904525,6.2
215.64376250833888,6.305719228452752,2.427513637261167,8.733232865713921,180.24174479850024,6.2
215.81054036024017,6.288887585566532,2.4192485930222443,8.708136178588775,180.25329657401392,6.2
215.97731821214143,6.272100873044755,2.4110116903103203,8.683112563355074,180.26481471520435,6.2
216.14409606404269,6.255358970938018,2.4028028332990137,8.658161804237032,180.2762993213912,6.2
216.31087391594397,6.238661759617225,2.394621926488295,8.633283686105518,180.28775049159643,6.2
216.47765176784523,6.22200911977271,2.386468874703377,8.608477994476086,180.29916832454526,6.2
216.6444296197465,6.205400932413396,2.3783435830936046,8.583744515507002,180.3105529186671,6.2
216.81120747164778,6.1888370788659355,2.3702459571313517,8.559083035997288,180.3219043720964,6.2
216.97798532354904,6.172317440773878,2.3621759026109217,8.5344933433848,180.33322278267357,6.2
217.1447631754503,6.1558419000968,2.3541333256474486,8.509975225744249,180.3445082479459,6.2
217.31154102735155,6.139410339109481,2.3461181326758056,8.485528471785285,180.35576086516838,6.2
217.47831887925284,6.123022640401039,2.3381302304495133,8.461152870850553,180.36698073130466,6.2
217.6450967311541,6.106678686874132,2.3301695260396613,8.436848212913794,180.3781679430279,6.2
217.81187458305536,6.090378361744066,2.3222359268338173,8.412614288577883,180.38932259672174,6.2
217.97865243495664,6.074121548538002,2.3143293405349525,8.388450889072956,180.400444788481,6.2
218.1454302868579,6.0579081310941065,2.3064496751603722,8.364357806254478,180.4115346141127,6.2
218.31220813875916,6.041737993560721,2.2985968390406377,8.340334832601359,180.4225921691369,6.2
218.47898599066045,6.025611020395531,2.2907707408185,8.316381761214032,180.4336175487876,6.2
218.6457638425617,6.009527096364753,2.282971289447844,8.292498385812598,180.44461084801347,6.2
218.81254169446296,5.993486106542287,2.2751983941926186,8.268684500734906,180.45557216147898,6.2
218.97931954636425,5.977487936308922,2.267451964625784,8.244939900934707,180.4665015835651,6.2
219.1460973982655,5.961532471351497,2.259731910628266,8.221264381979763,180.47739920837003,6.2
219.31287525016677,5.945619597662084,2.252038142387895,8.19765774004998,180.48826512971038,6.2
219.47965310206806,5.929749201537183,2.2443705703983663,8.17411977193555,180.49909944112161,6.2
219.64643095396931,5.913921169576906,2.236729105458203,8.15065027503511,180.50990223585944,6.2
219.81320880587057,5.898135388684158,2.22911365866971,8.127249047353867,180.5206736069002,6.2
219.97998665777183,5.882391746063835,2.2215241414379396,8.103915887501774,180.53141364694176,6.2
220.14676450967312,5.86669012922201,2.213960465469667,8.080650594691678,180.54212244840474,6.2
220.31354236157438,5.851030425965152,2.206422542772356,8.05745296873751,180.5528001034329,6.2
220.48032021347564,5.835412524399284,2.198910285653138,8.034322810052423,180.5634467038943,6.2
220.64709806537692,5.819836312929215,2.1914236067177852,8.011259919647001,180.57406234138182,6.2
220.81387591727818,5.804301680257733,2.183962418869706,7.9882640991274405,180.58464710721444,6.2
220.98065376917944,5.788808515384807,2.1765266353089183,7.9653351506937256,180.59520109243766,6.2
221.14743162108073,5.773356707606787,2.1691161695310424,7.94247287713783,180.6057243878245,6.2
221.314209472982,5.757946146515628,2.1617309353263012,7.919677081841929,180.6162170838764,6.2
221.48098732488324,5.742576721998083,2.1543708467785065,7.89694756877659,180.6266792708239,6.2
221.64776517678453,5.727248324234926,2.1470358182640643,7.87428414249899,180.6371110386275,6.2
221.8145430286858,5.7119608437001705,2.13972576445098,7.851686608151151,180.64751247697856,6.2
221.98132088058705,5.6967141711602745,2.1324406002978598,7.829154771458135,180.65788367530007,6.2
222.14809873248834,5.68150819767336,2.125180241052923,7.806688438726283,180.66822472274748,6.2
222.3148765843896,5.66634281458845,2.117944602253019,7.78428741684147,180.67853570820938,6.2
222.48165443629085,5.651217913544673,2.1107335997226384,7.76195151326731,180.68881672030858,6.2
222.6484322881921,5.6361333864704966,2.103547149572935,7.739680536043432,180.6990678474027,6.2
222.8152101400934,5.62108912558295,2.096385168200753,7.717474293783703,180.7092891775849,6.2
222.98198799199466,5.606085023386865,2.0892475722876487,7.695332595674515,180.71948079868505,6.2
223.14876584389592,5.591120972674092,2.0821342787989248,7.673255251473016,180.72964279827016,6.2
223.3155436957972,5.576196866522736,2.0750452049826578,7.651242071505394,180.73977526364536,6.2
223.48232154769846,5.561312598296407,2.0679802683687454,7.629292866665153,180.74987828185465,6.2
223.64909939959972,5.546468061643441,2.0609393867679344,7.607407448411376,180.75995193968157,6.2
223.815877251501,5.531663150496141,2.0539224782708705,7.58558562876701,180.76999632365045,6.2
223.98265510340227,5.516897759070028,2.0469294612471485,7.563827220317178,180.78001152002648,6.2
224.14943295530352,5.502171781863076,2.0399602543443516,7.542132036207428,180.78999761481717,6.2
224.3162108072048,5.487485113654959,2.033014776487112,7.52049989014207,180.79995469377263,6.2
224.48298865910607,5.472837649506301,2.02609294687617,7.498930596382471,180.80988284238666,6.2
224.64976651100733,5.45822928475793,2.0191946849874243,7.477423969745354,180.8197821458975,6.2
224.81654436290862,5.443659915030111,2.0123199105709997,7.455979825601111,180.82965268928842,6.2
224.98332221480987,5.429129436221826,2.0054685436503163,7.434597979872143,180.83949455728865,6.2
225.15010006671113,5.414637744510008,1.998640504521152,7.41327824903116,180.84930783437417,6.2
225.31687791861242,5.400184736348805,1.9918357137507183,7.392020450099524,180.85909260476825,6.2
225.48365577051368,5.38577030846885,1.985054092176738,7.3708244006455885,180.86884895244262,6.2
225.65043362241494,5.371394357876507,1.9782955609065174,7.349689918783023,180.87857696111791,6.2
225.8172114743162,5.357056781853139,1.9715600413160332,7.328616823169172,180.8882767142644,6.2
225.98398932621748,5.342757477954379,1.9648474550490151,7.307604933003394,180.89794829510308,6.2
226.15076717811874,5.328496344009396,1.9581577240160377,7.286654068025434,180.9075917866059,6.2
226.31754503002,5.314273278120158,1.951490770393604,7.265764048513763,180.91720727149726,6.2
226.4843228819213,5.300088178660708,1.9448465166232445,7.244934695283952,180.92679483225407,6.2
226.65110073382255,5.285940944276443,1.9382248854106174,7.22416582968706,180.9363545511066,6.2
226.8178785857238,5.271831473883371,1.9316257997246018,7.203457273607974,180.94588651003986,6.2
226.9846564376251,5.257759666667411,1.9250491827964045,7.182808849463815,180.95539079079353,6.2
227.15143428952635,5.243725422083658,1.9184949581186699,7.162220380202329,180.96486747486315,6.2
227.3182121414276,5.229728639855668,1.911963049444583,7.1416916893002504,180.97431664350074,6.2
227.4849899933289,5.215769219974734,1.9054533807869845,7.121222600761718,180.98373837771553,6.2
227.65176784523015,5.201847062699186,1.8989658764174917,7.100812939116678,180.99313275827492,6.2
227.8185456971314,5.187962068553666,1.8925004608656073,7.080462529419273,181.0024998657048,6.2
227.9853235490327,5.174114138328413,1.8860570589178471,7.06017119724626,181.01183978029061,6.2
228.15210140093396,5.160303173078574,1.879635595616866,7.039938768695439,181.02115258207795,6.2
228.31887925283522,5.146529074123467,1.8732359962605791,7.019765070384046,181.03043835087334,6.2
228.48565710473648,5.132791743045899,1.866858186401299,6.999649929447197,181.0396971662448,6.2
228.65243495663776,5.119091081691452,1.8605020918448645,6.979593173536316,181.0489291075229,6.2
228.81921280853902,5.105426992167787,1.8541676386497812,6.959594630817569,181.0581342538012,6.2
228.98599066044028,5.091799376843938,1.847854753126355,6.939654129970293,181.06731268393696,6.2
229.15276851234157,5.078208138349612,1.8415633618358414,6.919771500185453,181.07646447655208,6.2
229.31954636424283,5.064653179574504,1.8352933915895855,6.899946571164088,181.0855897100336,6.2
229.48632421614408,5.0511344036675885,1.8290447694481726,6.880179173115762,181.09468846253446,6.2
229.65310206804537,5.037651714036437,1.8228174227205771,6.860469136757013,181.1037608119743,6.2
229.81987991994663,5.0242050143465296,1.81661127896332,6.84081629330985,181.11280683604008,6.2
229.9866577718479,5.010794208520552,1.810426265979623,6.8212204745001745,181.12182661218696,6.2
230.15343562374917,4.997419200737718,1.8042623118185672,6.801681512556285,181.13082021763853,6.2
230.32021347565043,4.984079895433092,1.79811934477426,6.78219924020735,181.13978772938813,6.2
230.4869913275517,4.970776197296887,1.7919972933849955,6.762773490681882,181.14872922419914,6.2
230.65376917945298,4.957508011273799,1.7858960864324247,6.7434040977062235,181.15764477860571,6.2
230.82054703135424,4.944275242562322,1.7798156529407303,6.724090895503052,181.16653446891382,6.2
230.9873248832555,4.931077796614067,1.773755922175794,6.704833718789861,181.17539837120134,6.2
231.15410273515675,4.917915579133092,1.7677168236443772,6.685632402777469,181.18423656131927,6.2
231.32088058705804,4.904788496075217,1.7616982870932996,6.666486783168517,181.19304911489215,6.2
231.4876584389593,4.891696453647371,1.7557002425086239,6.647396696155995,181.20183610731888,6.2
231.65443629086056,4.8786393583068985,1.7497226201148353,6.628361978421734,181.21059761377327,6.2
231.82121414276185,4.8656171167609035,1.7437653503740345,6.609382467134939,181.219333709205,6.2
231.9879919946631,4.852629635965589,1.737828363985128,6.590457999950718,181.2280444683397,6.2
232.15476984656436,4.839676823125572,1.7319115918830181,6.5715884150085895,181.2367299656805,6.2
232.32154769846565,4.826758585693233,1.7260149652378018,6.552773550931036,181.24539027550784,6.2
232.4883255503669,4.813874831368063,1.7201384154539698,6.534013246822032,181.25402547188077,6.2
232.65510340226817,4.801025468095979,1.7142818741696069,6.515307342265586,181.26263562863724,6.2
232.82188125416945,4.788210404068682,1.7084452732555953,6.496655677324276,181.27122081939507,6.2
232.9886591060707,4.77542954772301,1.7026285448148273,6.478058092537837,181.27978111755223,6.2
233.15543695797197,4.762682807740258,1.6968316211814065,6.459514428921665,181.288316596288,6.2
233.32221480987326,4.749970093045541,1.6910544349198668,6.441024527965408,181.2968273285632,6.2
233.48899266177452,4.73729131280715,1.6852969188243863,6.4225882316315355,181.30531338712103,6.2
233.65577051367578,4.72464637643588,1.6795590059180028,6.404205382353883,181.3137748444878,6.2
233.82254836557703,4.712035193584402,1.6738406294518362,6.385875823036238,181.32221177297345,6.2
233.98932621747832,4.699457674146611,1.6681417229043105,6.36759939705092,181.33062424467224,6.2
234.15610406937958,4.686913728256976,1.6624622199803833,6.349375948237361,181.33901233146355,6.2
234.32288192128084,4.674403266289908,1.6568020546107685,6.3312053209006764,181.3473761050122,6.2
234.48965977318213,4.66192619885911,1.651161160951169,6.31308735981028,181.3557156367694,6.2
234.65643762508338,4.649482436816942,1.6455394733815156,6.295021910198457,181.36403099797337,6.2
234.82321547698464,4.637071891253783,1.639936926505195,6.277008817758977,181.3723222596499,6.2
234.98999332888593,4.624694473497395,1.6343534551482943,6.259047928645689,181.38058949261284,6.2
235.1567711807872,4.612350095112293,1.6287889943588432,6.241139089471136,181.38883276746512,6.2
235.32354903268845,4.600038667899102,1.623243479406053,6.223282147305155,181.3970521545991,6.2
235.49032688458973,4.587760103893937,1.6177168457795663,6.2054769496735025,181.4052477241972,6.2
235.657104736491,4.575514315367775,1.612209029188707,6.18772334455648,181.41341954623286,6.2
235.82388258839225,4.563301214825816,1.6067199655617321,6.170021180387548,181.4215676904706,6.2
235.99066044029354,4.5511207150068635,1.6012495910450821,6.152370306051947,181.4296922264672,6.2
236.1574382921948,4.538972728882713,1.5957978420026433,6.134770570885356,181.43779322357219,6.2
236.32421614409606,4.526857169657506,1.5903646550150046,6.1172218246725105,181.44587075092812,6.2
236.49099399599734,4.514773950767129,1.5849499668787166,6.099723917645846,181.45392487747174,6.2
236.6577718478986,4.502722985878584,1.579553714605563,6.0822767004841465,181.4619556719341,6.2
236.82454969979986,4.490704188889377,1.57417583542182,6.064880024311196,181.46996320284177,6.2
236.99132755170112,4.478717473926899,1.5688162667675307,6.047533740694429,181.47794753851676,6.2
237.1581054036024,4.466762755347812,1.563474946295774,6.030237701643586,181.4859087470776,6.2
237.32488325550366,4.454839947737442,1.5581518118719444,6.0129917596093865,181.49384689644,6.2
237.49166110740492,4.442948965909158,1.5528468015730204,5.995795767482179,181.5017620543171,6.2
237.6584389593062,4.4310897249037735,1.5475598536868498,5.978649578590622,181.50965428822045,6.2
237.82521681120747,4.419262139988936,1.5422909067114312,5.9615530467003675,181.51752366546032,6.2
237.99199466310873,4.407466126658512,1.5370398993541958,5.944506026012706,181.5253702531465,6.2
238.15877251501,4.395701600631997,1.5318067705312963,5.927508371163293,181.5331941181889,6.2
238.32555036691127,4.383968477853909,1.5265914593668948,5.910559937220803,181.54099532729813,6.2
238.49232821881253,4.372266674493179,1.5213939051924534,5.893660579685632,181.548773946986,6.2
238.65910607071382,4.360596106942556,1.5162140475460308,5.876810154488588,181.5565300435662,6.2
238.82588392261508,4.348956691818025,1.511051826171578,5.860008517989603,181.56426368315496,6.2
238.99266177451634,4.337348345958178,1.5059071810182325,5.843255526976411,181.5719749316716,6.2
239.15943962641762,4.325770986423651,1.5007800522396264,5.826551038663276,181.5796638548391,6.2
239.32621747831888,4.314224530496514,1.495670380193188,5.8098949106897,181.58733051818464,6.2
239.49299533022014,4.302708895679685,1.4905781054394427,5.793287001119128,181.5949749870404,6.2
239.6597731821214,4.291223999696336,1.4855031687413267,5.776727168437663,181.60259732654384,6.2
239.82655103402269,4.279769760489311,1.480445511063495,5.760215271552806,181.61019760163862,6.2
239.99332888592394,4.268346096220538,1.475405073571637,5.7437511697921755,181.6177758770749,6.2
240.1601067378252,4.256952925270437,1.470381797631789,5.727334722902226,181.62533221741012,6.2
240.3268845897265,4.245590166237343,1.4653756248096517,5.710965791046994,181.6328666870095,6.2
240.49366244162775,4.234257737936928,1.4603864968699132,5.69464423480684,181.6403793500467,6.2
240.660440293529,4.222955559401606,1.4554143557755688,5.678369915177174,181.64787027050411,6.2
240.8272181454303,4.211683549879968,1.450459143687244,5.662142693567214,181.6553395121739,6.2
240.99399599733155,4.200441628836205,1.4455208029625275,5.645962431798734,181.66278713865816,6.2
241.1607738492328,4.18922971594952,1.440599276155294,5.629828992104813,181.67021321336992,6.2
241.3275517011341,4.17804773111356,1.4356945060150363,5.613742237128597,181.67761779953304,6.2
241.49432955303536,4.166895594435852,1.4308064354862058,5.597702029922058,181.68500096018366,6.2
241.66110740493662,4.155773226237217,1.4259350077075397,5.581708233944757,181.69236275816996,6.2
241.8278852568379,4.14468054705121,1.4210801660114023,5.565760713062612,181.69970325615324,6.2
241.99466310873916,4.1336174776235515,1.416241853923131,5.549859331546681,181.70702251660833,6.2
242.16144096064042,4.122583938911554,1.41142001516037,5.534003954071925,181.7143206018241,6.2
242.32821881254168,4.111579852083565,1.406614593632421,5.518194445715986,181.7215975739041,6.2
242.49499666444297,4.1006051385183975,1.4018255334395893,5.502430671957987,181.72885349476692,6.2
242.66177451634422,4.089659719804776,1.3970527788725344,5.486712498677311,181.7360884261472,6.2
242.82855236824548,4.078743517740764,1.3922962744116187,5.471039792152384,181.74330242959576,6.2
242.99533022014677,4.067856454333213,1.387555964726263,5.455412419059477,181.7504955664802,6.2
243.16210807204803,4.056998451797207,1.3828317946743047,5.439830246471511,181.7576678979857,6.2
243.3288859239493,4.046169432555498,1.3781237093013525,5.424293141856851,181.7648194851153,6.2
243.49566377585057,4.035369319237956,1.3734316538401485,5.408800973078105,181.77195038869078,6.2
243.66244162775183,4.024598034681022,1.3687555737099315,5.393353608390953,181.77906066935265,6.2
243.8292194796531,4.013855501927142,1.3640954145158009,5.377950916442943,181.78615038756135,6.2
243.99599733155438,4.00314164422423,1.3594511220480827,5.3625927662723125,181.79321960359735,6.2
244.16277518345564,3.9924563850251142,1.3548226422817033,5.347279027306818,181.8002683775619,6.2
244.3295530353569,3.981799647986991,1.3502099213755538,5.332009569362544,181.80729676937744,6.2
244.49633088725818,3.9711713569708715,1.3456129056718689,5.31678426264274,181.81430483878825,6.2
244.66310873915944,3.960571436041052,1.3410315416956,5.3016029777366525,181.82129264536084,6.2
244.8298865910607,3.9499998094645603,1.336465776153794,5.286465585618354,181.82826024848475,6.2
244.99666444296196,3.939456401710615,1.3319155559349725,5.271371957645587,181.83520770737275,6.2
245.16344229486324,3.928941137450089,1.3273808281085118,5.256321965558601,181.84213508106177,6.2
245.3302201467645,3.918453941554969,1.3228615399240347,5.2413154814790035,181.8490424284129,6.2
245.49699799866576,3.907994739097823,1.3183576388107838,5.226352377908606,181.85592980811253,6.2
245.66377585056705,3.8975634553512504,1.313869072377021,5.211432527728271,181.86279727867233,6.2
245.8305537024683,3.88716001578737,1.3093957884094143,5.196555804196784,181.86964489843018,6.2
245.99733155436957,3.87678434607727,1.3049377348724265,5.181722080949696,181.87647272555043,6.2
246.16410940627085,3.8664363720904755,1.300494859907715,5.166931231998191,181.88328081802464,6.2
246.3308872581721,3.85611601989444,1.2960671118335263,5.152183131727966,181.8900692336719,6.2
246.49766511007337,3.8458232157539864,1.291654439144093,5.137477654898079,181.8968380301395,6.2
246.66444296197466,3.8355578861308017,1.287256790509035,5.122814676639837,181.90358726490325,6.2
246.83122081387592,3.8253199576829076,1.2828741147727665,5.108194072455674,181.91031699526832,6.2
246.99799866577717,3.815109357264129,1.2785063609538936,5.093615718218023,181.91702727836952,6.2
247.16477651767846,3.8049260119235746,1.274153478244625,5.0790794901681995,181.92371817117186,6.2
247.33155436957972,3.7947698489051236,1.2698154160101836,5.064585264915307,181.93038973047086,6.2
247.49833222148098,3.784640795646891,1.26549212378821,5.050132919435101,181.93704201289367,6.2
247.66511007338227,3.774538779780716,1.2611835512881797,5.035722331068896,181.94367507489883,6.2
247.83188792528352,3.764463729131653,1.256889648390821,5.021353377522473,181.95028897277734,6.2
247.99866577718478,3.754415571717438,1.2526103651475244,5.007025936864962,181.95688376265284,6.2
248.16544362908604,3.7443942357479894,1.2483456517797669,4.9927398875277555,181.96345950048223,6.2
248.33222148098733,3.7343996496248844,1.2440954586785302,4.978495108303414,181.9700162420561,6.2
248.4989993328886,3.724431741940857,1.2398597364037252,4.964291478344582,181.97655404299957,6.2
248.66577718478985,3.7144904414792776,1.2356384356836156,4.950128877162893,181.98307295877214,6.2
248.83255503669113,3.704575677213651,1.2314315074142426,4.936007184627894,181.9895730446689,6.2
248.9993328885924,3.6946873783071092,1.2272389026588593,4.921926280965969,181.9960543558205,6.2
249.16611074049365,3.6848254741118924,1.2230605726473538,4.907886046759247,182.00251694719387,6.2
249.33288859239494,3.6749898941688617,1.2188964687756867,4.893886362944548,182.0089608735927,6.2
249.4996664442962,3.6651805682069885,1.2147465426053259,4.879927110812315,182.015386189658,6.2
249.66644429619745,3.6553974261428452,1.2106107458626785,4.866008172005524,182.0217929498683,6.2
249.83322214809874,3.645640398080111,1.2064890304385316,4.852129428518643,182.02818120854056,6.2
250.0,3.635909414309076,1.202381348387496,4.838290762696572,182.03455101983027,6.2
