time_h,sugar_ref,oxygen_mgL,ethanol,glycerol,biomass,CER
0.0,29.999999999999996,7.5,0.0,0.0,0.5,0.6729522751991095
0.01000667111407605,29.986663116500225,6.741064245244615,0.004313228179126729,7.285568837538081e-06,0.5025427128342809,0.6756911612889341
0.0200133422281521,29.97326577712699,6.160770207574923,0.00864765095612587,1.5351013940009282e-05,0.5050962541958823,0.6784760928454528
0.030020013342228154,29.959807391485864,5.716358982150941,0.013003334525185362,2.4139952527215114e-05,0.5076607896142159,0.6813187690364136
0.0400266844563042,29.94628728962335,5.375267265682172,0.017380342590259935,3.358322885224049e-05,0.5102365117750409,0.6842256530916906
0.05003335557038025,29.932704765662017,5.112691197123207,0.021778738596457202,4.360631456057316e-05,0.5128236252592989,0.6871984003554742
0.06004002668445631,29.919059113789654,4.909757194716257,0.026198587495165963,5.4135378102214884e-05,0.5154223339880459,0.6902349694927903
0.07004669779853236,29.905349654492834,4.752106283805524,0.030639956975047376,6.51016835433367e-05,0.5180328320943095,0.6933309110715561
0.0800533689126084,29.891575750012723,4.628818680607377,0.03510291812651246,7.644415446340123e-05,0.5206552985708891,0.6964805416401217
0.09006004002668445,29.877736810949393,4.531595397699754,0.0395875456520864,8.811043593971242e-05,0.5232898950145431,0.6996778424748757
0.1000667111407605,29.86383229658653,4.454131944460216,0.0440939177625316,0.00010005689464066891,0.5259367655634815,0.7029170479368885
0.11007338225483655,29.849861711365353,4.391641142044107,0.04862211588716803,0.00011224797087656827,0.528596038176943,0.7061929735848154
0.12008005336891261,29.83582459943108,4.340488625536112,0.053172224298554414,0.0001246552096439988,0.5312678265834035,0.7095011529302624
0.13008672448298866,29.821720538501502,4.297918416117113,0.057744329716432966,0.0001372561830624046,0.5339522324599418,0.7128378590731201
0.1400933955970647,29.807549133909625,4.261838239781598,0.06233852093201928,0.00015003344754114368,0.5366493475459042,0.7162000453233737
0.15010006671114076,29.793310013310954,4.230661903991122,0.06695488847960122,0.0001629736197486785,0.539359255518462,0.7195852665412034
0.1601067378252168,29.77900282200637,4.203186522834172,0.07159352434850633,0.0001760665610493994,0.5420820336490938,0.7229915842574384
0.17011340893929286,29.764627219115464,4.178500231162493,0.07625452174809391,0.0001893047105297538,0.544817754158581,0.7264174775255173
0.1801200800533689,29.750182874429047,4.155911880880598,0.08093797491466531,0.00020268253648002553,0.5475664853314507,0.7298617627288699
0.19012675116744496,29.73566946588292,4.134897470377551,0.0856439789563014,0.00021619609607608298,0.550328292410475,0.7333235246572235
0.200133422281521,29.721086677575684,4.115060001506053,0.09037262973093681,0.00022984268977580265,0.5531032382986616,0.7368020605418096
0.21014009339559706,29.706434198185484,4.0960985638702,0.09512402374861953,0.00024362058512387953,0.5558913841200703,0.7402968336175849
0.2201467645096731,29.691711719750952,4.077785176637507,0.09989825809602067,0.000257528803975175,0.5586927896517278,0.7438074366475516
0.23015343562374915,29.676918936713985,4.059947050697931,0.10469543037688082,0.00027156695527729525,0.5615075136629145,0.7473335626702897
0.24016010673782523,29.662055545190988,4.042453412762672,0.10951563866643439,0.00028573510767068266,0.5643356141735292,0.7508749826769053
0.2501667778519013,29.647121242388817,4.0252050413554805,0.11435898147472567,0.0003000336872928127,0.5671771486612546,0.7544315270788876
0.2601734489659773,29.63211572617443,4.00812673080014,0.11922555771935146,0.0003144634023744476,0.5700321742142862,0.7580030722296577
0.2701801200800534,29.617038694745574,3.9911615567252996,0.12411546670450642,0.00032902518549884235,0.5729007476482282,0.7615895299430333
0.2801867911941294,29.601889846373584,3.9742664767403206,0.12902880810443906,0.00034372014840584143,0.5757829255974954,0.7651908392750632
0.2901934623082055,29.586668879193546,3.957408790063793,0.13396568194980094,0.0003585495450613413,0.5786787645899211,0.7688069596712465
0.3002001334222815,29.571375491064234,3.94056375089937,0.1389261886184237,0.0003735147469433368,0.5815883210966158,0.772437866412241
0.31020680453635757,29.556009379448973,3.923712553304184,0.1439104288273999,0.00038861722199003655,0.5845116515743998,0.7760835465936669
0.3202134756504336,29.540570241334645,3.9068409560868704,0.1489185036275195,0.0004038585202034027,0.5874488124947213,0.7797439964148942
0.33022014676450967,29.525057773176325,3.889938358282806,0.1539505143993561,0.0004192402637469532,0.5903998603634925,0.7834192194150426
0.3402268178785857,29.509471670823817,3.8729965675837357,0.15900656284809342,0.00043476413383710364,0.5933648517473554,0.787109223722089
0.35023348899266177,29.493811629493496,3.856009287113678,0.16408675100125836,0.00045043186557399795,0.5963438432838882,0.7908140210167178
0.3602401601067378,29.478077343754197,3.8389718104818686,0.16919118120745352,0.00046624524528984855,0.5993368916867695,0.794533625975537
0.37024683122081387,29.46226850742756,3.821880687739425,0.17431995616978746,0.00048220611115616305,0.6023440537642641,0.7982680555958106
0.3802535023348899,29.446384813796787,3.804733143877001,0.17947317884030334,0.0004983163357277689,0.605365386395565,0.8020173277000121
0.39026017344896596,29.43042595528916,3.787527148634958,0.1846509525592836,0.0005145778428032229,0.6084009465757874,0.805781461285271
0.400266844563042,29.41439162388747,3.770260980885408,0.1898533808677113,0.0005309925823714372,0.611450791360632,0.8095604752906175
0.41027351567711806,29.398281510574677,3.752933634354866,0.19508056776116492,0.0005475625647519263,0.6145149779407552,0.8133543899249424
0.4202801867911941,29.38209530584804,3.7355442081068446,0.2003326174508177,0.0005642898271860623,0.6175935635745785,0.8171632248652542
0.43028685790527016,29.365832699417044,3.7180920585371773,0.20560963449960762,0.0005811764515223351,0.6206866056295702,0.820986999768191
0.4402935290193462,29.34949338009637,3.70057668621624,0.2109117238712467,0.0005982245708158916,0.6237941615965389,0.8248257339657505
0.45030020013342226,29.33307703652484,3.682997625345736,0.2162389906089269,0.0006154363285148598,0.6269162889902175,0.8286794460069946
0.4603068712474983,29.31658335606026,3.6653546401624064,0.22159154033855427,0.0006328139454316238,0.6300530454981134,0.8325481544447442
0.47031354236157435,29.300012025927327,3.6476475071040144,0.2269694787472405,0.0006503596507209217,0.6332044888253927,0.8364318769754493
0.48032021347565046,29.283362732108856,3.6298761096091496,0.23237291209377348,0.0006680757515991712,0.6363706768418308,0.8403306309033697
0.4903268845897265,29.2666351604976,3.6120403317389522,0.23780194667958965,0.0006859645614857449,0.639551667428629,0.8442444326080015
0.5003335557038026,29.249828995727796,3.5941401136161844,0.2432566893949372,0.0007040284772044594,0.6427475186297665,0.8481732978852243
0.5103402268178786,29.232943922379278,3.576175396720266,0.24873724715751816,0.0007222699000901369,0.6459582884954125,0.8521172415664668
0.5203468979319547,29.215979623779006,3.558146176416787,0.2542437274843156,0.0007406913204583712,0.6491840352322025,0.8560762778513957
0.5303535690460307,29.198935783211528,3.540052447330385,0.25977623791520943,0.0007592952328190574,0.6524248170509636,0.8600504199273661
0.5403602401601068,29.18181208273243,3.5218942431465363,0.2653348865915916,0.000778084225161612,0.6556806923102031,0.8640396802506493
0.5503669112741828,29.16460820437083,3.5036715953964297,0.27091978167122555,0.0007970608890411849,0.6589517193701526,0.8680440702132456
0.5603735823882589,29.147323828948924,3.485384561183778,0.2765310319173544,0.0008162279145126511,0.6622379567298047,0.8720636003727417
0.5703802535023349,29.129958637266412,3.4670331971189614,0.28216874610911646,0.0008355879955581594,0.6655394628887809,0.8760982801772383
0.580386924616411,29.11251230895789,3.448617581693363,0.28783303362673057,0.0008551439287762655,0.6688562964736041,0.8801481181623159
0.590393595730487,29.094984523475773,3.4301377951822953,0.29352400395385364,0.0008748985310991128,0.6721885161266302,0.884213121725337
0.600400266844563,29.07737495894156,3.411593938638008,0.2992417672852668,0.0008948547477999426,0.6755361806247736,0.8882932972991308
0.6104069379586391,29.059683294221117,3.3929861013973697,0.3049864334185759,0.0009150154526206405,0.6788993486694594,0.8923886499697169
0.6204136090727151,29.04190920752539,3.3743143865353185,0.31075811251626706,0.0009353835892494329,0.6822780790219691,0.8964991836874464
0.6304202801867912,29.024052374808896,3.3555789435116172,0.3165569159937472,0.0009559623404333438,0.6856724306516304,0.9006249015255511
0.6404269513008672,29.006112473155955,3.336779898561236,0.3223829546390879,0.0009767547692231138,0.6890824624236026,0.9047658050433405
0.6504336224149433,28.988089179197676,3.3179173874217964,0.32823633951282216,0.00099776399613943,0.6925082332359832,0.9089218945213872
0.6604402935290193,28.969982167419573,3.2989915906379763,0.3341171829449798,0.0010189934044957636,0.6959498021515185,0.9130931692059429
0.6704469646430954,28.951791113301933,3.280002667979936,0.3400255966769961,0.0010404462557633226,0.699407228156616,0.9172796267664739
0.6804536357571714,28.93351569200641,3.260950784884706,0.3459616926594512,0.0010621258598010998,0.7028805702533842,0.9214812634508005
0.6904603068712475,28.915155576657437,3.2418361449436146,0.35192558413981984,0.0010840358175648462,0.7063698875613706,0.9256980742748061
0.7004669779853235,28.896710441247492,3.2226589354906947,0.35791738381297883,0.001106179605975899,0.7098752391500827,0.9299300526086418
0.7104736490993996,28.878179959670543,3.203419346982795,0.36393720446275046,0.0011285607279489086,0.7133966840835634,0.9341771902457198
0.7204803202134756,28.8595638043443,3.1841176043015142,0.3699851599518675,0.0011511829605368833,0.7169342814518664,0.9384394775002992
0.7304869913275517,28.840861647708206,3.164753929834523,0.37606136408638186,0.0011740500582252294,0.7204880903619904,0.9427169030354259
0.7404936624416277,28.822073161673778,3.1453285560885136,0.3821659310131841,0.0011971658530946841,0.7240581699493491,0.9470094538701099
0.7505003335557038,28.803198017493482,3.125841728791745,0.3882989753167515,0.0012205342795896946,0.727644579379689,0.9513171153444909
0.7605070046697798,28.784235886048297,3.106293715081927,0.3944606119054035,0.001244159364921149,0.7312473778030633,0.9556398710573287
0.7705136757838559,28.76518643906473,3.0866848381562257,0.4006509555299483,0.0012680451884520447,0.7348666241590623,0.9599777027643996
0.7805203468979319,28.746049347142925,3.067015421127835,0.40687012156361974,0.001292195947504918,0.7385023774924,0.9643305904287708
0.790527018012008,28.72682428027746,3.0472858018549007,0.4131182257960761,0.001316615939980407,0.7421546968695588,0.9686985121401334
0.800533689126084,28.707510907999108,3.0274963369758026,0.41939538437734203,0.0013413095596273748,0.7458236413561076,0.9730814440540845
0.8105403602401601,28.688108899634614,3.0076473968557775,0.42570171373288185,0.0013662812954718306,0.7495092699675585,0.977479360248738
0.8205470313542361,28.66861792538783,2.9877393445547304,0.43203733021013185,0.001391535729440114,0.7532116414648318,0.9818922322979269
0.8305537024683122,28.649037654578773,2.9677725700837203,0.4384023506542155,0.0014170775402301708,0.756930814687395,0.9863200297997025
0.8405603735823882,28.62936775611322,2.9477474812697495,0.44479689225441743,0.001442911502279197,0.7606668484644241,0.9907627201558723
0.8505670446964643,28.609607898607294,2.9276645013317557,0.4512210725034446,0.0014690424854897051,0.7644198015912311,0.9952202684630291
0.8605737158105403,28.58975775053838,2.9075240593119114,0.4576750091954657,0.0014954754764195763,0.7681897327806019,0.999692637322286
0.8705803869246164,28.569816980862694,2.8873265509088415,0.4641588204180827,0.0015222156650175416,0.7719767004636128,1.004179786264625
0.8805870580386924,28.5497852580041,2.867072402606376,0.47067262456547543,0.0015492683026090022,0.7757807631157588,1.0086816724690821
0.8905937291527685,28.5296622501263,2.8467620544104575,0.4772165403348636,0.0015766387401254336,0.779601979169162,1.013198250467837
0.9006004002668445,28.509447625203286,2.826395955381974,0.48379068672559056,0.001604332437997003,0.7834404069898523,1.017729472003356
0.9106070713809206,28.489141051203557,2.8059745945508983,0.4903951830383403,0.0016323549927581141,0.7872961048176722,1.0222752860615925
0.9206137424949966,28.468742196831684,2.785498625360704,0.497030148871984,0.0016607122441476133,0.791169130524359,1.0268356393111957
0.9306204136090727,28.44825073030771,2.764968660834802,0.5036957041287704,0.0016894100988235185,0.7950595420117369,1.0314104752293918
0.9406270847231487,28.42766631969877,2.744385329229002,0.5103919690129156,0.0017184545782590217,0.7989673971035299,1.0359997342168439
0.9506337558372248,28.4069886330028,2.723749288077153,0.5171190640302473,0.0017478518308305482,0.8028927535180582,1.0406033535616261
0.9606404269513009,28.386217338291406,2.7030611919881196,0.5238771100036269,0.0017776081597354664,0.80683566881482,1.0452212670434864
0.970647098065377,28.365352104394262,2.6823215354741787,0.5306662280810508,0.0018077301268407014,0.8107962001665504,1.0498534033669507
0.980653769179453,28.344392600050902,2.6615309465769403,0.5374865395826659,0.0018382243590334237,0.8147744047024366,1.0544996885673124
0.9906604402935291,28.323338494156737,2.640690407592938,0.5443381663085363,0.001869097724059067,0.8187703392966955,1.0591600473627092
1.0006671114076051,28.302189455725497,2.6198007828130274,0.5512212301649405,0.0019003571552369321,0.8227840607396188,1.063834399857974
1.0106737825216812,28.280945154142124,2.5988628697544214,0.5581358535549132,0.001932009865908434,0.826815625488745,1.068522661387054
1.0206804536357572,28.259605258974506,2.577877470614272,0.5650821590285071,0.0019640631629875187,0.8308650898791566,1.073224743186005
1.0306871247498333,28.238169440186386,2.5568453703369896,0.5720602695443688,0.0019965245969650967,0.834932509942539,1.0779405518178455
1.0406937958639093,28.216637368104156,2.5357674415710174,0.579070308315648,0.0020294018870370464,0.8390179414835299,1.0826699899893346
1.0507004669779854,28.195008713422325,2.5146446110416063,0.5861123988509002,0.0020627029404937935,0.8431214400605397,1.08741295614472
1.0607071380920614,28.173283147405982,2.4934778509795374,0.593186665023511,0.002096435913889459,0.8472430608898651,1.0921693441408107
1.0707138092061375,28.151460341619757,2.472268160331787,0.6002932309050772,0.0021306090976769654,0.851382859005353,1.0969390431588752
1.0807204803202135,28.129539968434404,2.4510165783305293,0.6074322210204693,0.0021652311062325723,0.8555408889839043,1.1017219373035452
1.0907271514342896,28.107521700449432,2.4297241584909495,0.6146037600174854,0.0022003106432639074,0.8597172052751723,1.1065179056511478
1.1007338225483656,28.085405211317795,2.408392024346505,0.6218079730625866,0.0022358568023122622,0.8639118617629601,1.1113268220110517
1.1107404936624417,28.06319017488396,2.3870213076181477,0.6290449853896382,0.002271878735574336,0.8681249122396191,1.116148554823608
1.1207471647765177,28.04087626634636,2.3656132064147193,0.6363149227660607,0.002308386035831985,0.8723564098267512,1.1209829667638826
1.1307538358905938,28.018463161143963,2.344168939066973,0.6436179111105789,0.0023453883998152164,0.8766064075027923,1.1258299148202586
1.1407605070046698,27.995950535452856,2.322689769978258,0.6509540766989829,0.002382895794369716,0.8808749578527258,1.130689250021581
1.1507671781187458,27.973338066359933,2.301177021321337,0.6583235461820073,0.0024209184900008222,0.8851621130035195,1.1355608172894223
1.160773849232822,27.950625432425298,2.2796321267564723,0.6657264463943594,0.002459467056429529,0.8894679245207544,1.1404444557177724
1.170780520346898,27.92781231299774,2.2580565660499743,0.6731629045871558,0.0024985523680013705,0.8937924435344389,1.1453399978738792
1.180787191460974,27.90489838829336,2.236451872583139,0.6806330484012273,0.002538185603065223,0.8981357207245607,1.1502472696605959
1.19079386257505,27.881883339519277,2.2148196383410417,0.6881370058261806,0.0025783782434832753,0.902497806297889,1.155166090142772
1.200800533689126,27.858766849573254,2.1931614568624065,0.6956749049823074,0.0026191420779482686,0.9068787498511206,1.1600962705010747
1.2108072048032021,27.835548602368885,2.1714789782670683,0.7032468743309427,0.002660489198783863,0.9112786005028818,1.1650376145677206
1.2208138759172782,27.812228282749302,2.1497739162931486,0.710853042701365,0.002702432001535461,0.9156974069106095,1.1699899187067766
1.2308205470313542,27.78880557666784,2.1280480348568225,0.7184935392413936,0.0027449831889682255,0.9201352172322746,1.1749529713712934
1.2408272181454303,27.765280172397247,2.106303126655219,0.7261684934536363,0.0027881559645277086,0.9245920787143361,1.179926552042678
1.2508338892595063,27.74165175973056,2.084541027306832,0.7338780351715349,0.002831963904490158,0.9290680379640447,1.1849104314732033
1.2608405603735824,27.717920029387834,2.0627636258498097,0.7416222945415801,0.002876420863042844,0.9335631411516079,1.189904371802065
1.2708472314876584,27.694084673440933,2.0409728572927577,0.749401402036049,0.0029215410402486076,0.9380774338654371,1.1949081259843979
1.2808539026017345,27.670145386491658,2.0191708904073784,0.7572154884978279,0.0029673391748557434,0.9426109607066496,1.1999214396726876
1.2908605737158105,27.646101865448816,1.9973600921888603,0.76506468513193,0.0030138305078088808,0.9471637653658103,1.204944050816025
1.3008672448298866,27.621953808217164,1.9755428188780468,0.772949123455615,0.0030610305676878977,0.9517358910741716,1.2099756870546095
1.3108739159439626,27.597700914367074,1.9537215227125233,0.7808689353238695,0.0031089552803110765,0.9563273803731688,1.2150160666757688
1.3208805870580387,27.573342885962163,1.931898569587555,0.7888242529859111,0.003157621115534344,0.9609382748189677,1.220064895118582
1.3308872581721147,27.548879427665664,1.910076049895467,0.7968152090104933,0.003207045068897834,0.9655686149792689,1.2251218612927084
1.3408939292861908,27.524310246207524,1.8882565994426486,0.8048419363560341,0.003257244615473546,0.9702184405783535,1.2301866504906827
1.3509006004002668,27.499635050146015,1.8664431282592449,0.812904568276538,0.0033082376322406473,0.9748877906152159,1.2352589405797363
1.3609072715143429,27.474853551367723,1.8446385096694378,0.8210032385266763,0.0033600427108063245,0.97957670278444,1.2403383959429735
1.370913942628419,27.449965463065084,1.8228456331400742,0.8291380810548681,0.0034126787219380715,0.9842852142699716,1.2454246689511819
1.380920613742495,27.424970502500894,1.801067401695491,0.8373092303981485,0.003466165399604476,0.9890133606705784,1.2505173981222366
1.390927284856571,27.399868388098955,1.7793067927632968,0.8455168212504137,0.003520522718975616,0.9937611771375681,1.2556162103222257
1.400933955970647,27.374658842512535,1.7575669762339383,0.8537609888911846,0.0035757715403498007,0.9985286971861544,1.2607207212770999
1.4109406270847231,27.349341590553912,1.7358512052655943,0.8620418688801134,0.0036319331673106956,1.0033159535043636,1.265830534444566
1.4209472981987992,27.323916360108974,1.7141628538636817,0.8703595971848738,0.003689029538696853,1.0081229775987126,1.2709452411089825
1.4309539693128752,27.298382882930568,1.6925054015230212,0.8787143102634676,0.0037470833821233395,1.0129497994990033,1.2760644195642852
1.4409606404269513,27.272740892654387,1.6708823863299624,0.8871061448111455,0.0038061178085828356,1.0177964485166582,1.2811876349168176
1.4509673115410273,27.2469901280608,1.6492975103319423,0.8955352381569783,0.003866156970053996,1.022662952006321,1.2863144396270618
1.4609739826551034,27.22113032932817,1.6277545097972939,0.9040017277882414,0.003927225295014054,1.027549336796872,1.2914443724082707
1.4709806537691794,27.19516124223273,1.6062572760470102,0.9125057518526112,0.003989348331337073,1.0324556276004637,1.2965769587962979
1.4809873248832555,27.169082614745697,1.5848097740202536,0.9210474487758571,0.004052552074518959,1.0373818482911326,1.3017117109042868
1.4909939959973315,27.14289419926691,1.563416108689272,0.9296269575177272,0.004116863410870579,1.0423280210634296,1.3068481279354538
1.5010006671114076,27.116595752026594,1.5420805869000274,0.9382444173935649,0.004182309948913921,1.047294166704414,1.3119856983402705
1.5110073382254836,27.090187033680703,1.5208076640893038,0.9468999682403371,0.004248920181947509,1.052280304327859,1.3171238985262927
1.5210140093395597,27.063667809382814,1.4996019378486485,0.9555937504366885,0.004316723507682743,1.0572864513421478,1.3222621930135807
1.5310206804536357,27.037037848291213,1.4784680243000266,0.9643259047695664,0.0043857500955019274,1.0623126236686071,1.3274000315981949
1.5410273515677118,27.010296923169978,1.4574104108793668,0.9730965723274291,0.0044560307795509105,1.06735883591772,1.3325368451877107
1.5510340226817878,26.983444811296074,1.4364337910829592,0.9819058947430727,0.004527597301829134,1.0724251009884458,1.3376720548527425
1.5610406937958639,26.956481294235882,1.4155429606435643,0.9907540141104345,0.004600482241686952,1.0775114301768514,1.3428050696119629
1.57104736490994,26.929406159427746,1.3947430961739282,0.9996410730740647,0.004674719288106053,1.082617832619009,1.3479352953659642
1.581054036024016,26.902219198723955,1.3740394967041796,1.0085672147447866,0.00475034298797588,1.0877443158050737,1.3530621289855362
1.591060707138092,26.874920208263934,1.3534375612033083,1.0175325826923607,0.00482738872420119,1.0928908856239934,1.3581849586066013
1.601067378252168,26.847508988928848,1.3329424783055808,1.026537320946447,0.004905892782674722,1.0980575462139894,1.363303153364095
1.611074049366244,26.819985347130757,1.312558940953397,1.0355815740112553,0.00498589247444556,1.1032442996974663,1.368416051855074
1.6210807204803201,26.792349094637043,1.292293094352412,1.0446654869781682,0.005067426161186097,1.1084511461907673,1.3735230343376228
1.6310873915943962,26.764600047891747,1.2721503685227213,1.053789205357709,0.005150533079515301,1.113678084098168,1.3786234471218313
1.6410940627084722,26.736738028716264,1.2521363917192192,1.0629528751713562,0.005235253485273534,1.1189251098430264,1.3837166361893491
1.6511007338225483,26.70876286438123,1.2322569135633632,1.0721566429489493,0.005321628662865732,1.1241922178453119,1.3888019464382466
1.6611074049366243,26.68067438681403,1.2125176955621408,1.0814006556476183,0.005409700772431763,1.1294794008159892,1.3938787195554503
1.6711140760507004,26.652472433025842,1.1929244824417682,1.0906850606859462,0.005499512927875211,1.1347866496024301,1.398946294286505
1.6811207471647764,26.624156846173566,1.1734831088131292,1.1000100060362452,0.005591109394217931,1.1401139528008866,1.4040040127089102
1.6911274182788525,26.595727474012165,1.1541994272731988,1.1093756400758856,0.005684535293528688,1.1454612973272962,1.4090512202972154
1.7011340893929285,26.567184169500862,1.1350792993716752,1.1187821116373353,0.00577983671638262,1.1508286681971918,1.4140872677554428
1.7111407605070046,26.53852679148041,1.1161285539886936,1.1282295700551106,0.0058770608423274395,1.1562160482835906,1.4191115113207564
1.7211474316210806,26.50975520349694,1.0973529920499219,1.1377181650565789,0.005976255718116125,1.1616234187491883,1.4241233162409597
1.7311541027351567,26.48086927384258,1.0787583797470317,1.147248046761154,0.0060774702632891515,1.1670507590333687,1.4291220593866143
1.7411607738492327,26.45186887655389,1.0603504222301274,1.156819365751179,0.0061807544485179364,1.1724980464945938,1.4341071305288153
1.7511674449633088,26.422753890320795,1.0421347437647273,1.1664322729698944,0.00628615908955217,1.177965256811629,1.4390779349303118
1.7611741160773848,26.39352419785003,1.0241168937713665,1.1760869196607815,0.00639373572648624,1.1834523642181187,1.444033897376672
1.7711807871914609,26.364179687449504,1.006302309820933,1.1857834574732327,0.006503536903673678,1.1889593409379926,1.4489744628259895
1.781187458305537,26.334720251339334,0.988696369364788,1.1955220383664462,0.006615615878853417,1.1944861577802954,1.4538991042000602
1.791194129419613,26.305145787435126,0.9713042313824257,1.205302814716087,0.006730026932617299,1.200032783508951,1.4588073151807208
1.801200800533689,26.275456195407028,0.9541300398975269,1.2151259388287903,0.006846824571018279,1.2055991863416646,1.4636985578331425
1.811207471647765,26.245651380935076,0.9371793473688297,1.2249915635575628,0.006966064427999899,1.2111853322927038,1.4685724331754315
1.8212141427618411,26.21573125248253,0.9204565887534802,1.2348998418136305,0.007087802571339514,1.2167911864386551,1.473428512719185
1.8312208138759172,26.185695722022746,0.9039659860927848,1.244850926671863,0.00721209565693927,1.2224167126352043,1.4782664017367195
1.8412274849899932,26.1555447049683,0.8877116753832741,1.254844971361406,0.00733900091418986,1.2280618735443807,1.4830857532265613
1.8512341561040693,26.125278119417732,0.8716974092108177,1.264882129171105,0.007468575992757651,1.2337266309217911,1.487886248181244
1.8612408272181453,26.094895886086707,0.8559266303862185,1.2749625534307298,0.007600878943969383,1.239410945647199,1.4926676032540738
1.8712474983322214,26.064397928178046,0.8404025345745978,1.2850863974892324,0.007735968191918427,1.2451147777763727,1.497429578694697
1.8812541694462974,26.033784171015792,0.8251280117504803,1.2952538146636614,0.00787390245669162,1.2508380866828288,1.502171975956512
1.8912608405603735,26.003054541719326,0.8101055831521632,1.3054649581839595,0.00801474068158781,1.2565808311881763,1.5068946335733076
1.9012675116744495,25.972208968877045,0.7953374475738388,1.3157199811616616,0.008158541971141095,1.2623429696824409,1.5115974327531325
1.9112741827885256,25.941247382256964,0.780825459252254,1.3260190365446618,0.008305365528202886,1.2681244602382236,1.5162802963913076
1.9212808539026018,25.910169712484542,0.7665711090993671,1.3363622770723058,0.00845527058638944,1.2739252607354419,1.5209431876762622
1.9312875250166779,25.8789758907389,0.7525755201096567,1.3467498552321844,0.008608316345986265,1.279745328979334,1.5255861095047314
1.941294196130754,25.847665848490493,0.7388394628055261,1.3571819232205882,0.008764561917584986,1.2855846228033048,1.530209105716362
1.95130086724483,25.81623951717793,0.7253633502896156,1.367658632903115,0.008924066256883205,1.2914431001916693,1.5348122597401306
1.961307538358906,25.78469682791142,0.7121472272453764,1.3781801357714518,0.009086888101645136,1.2973207193952792,1.5393956918105483
1.971314209472982,25.753037711198445,0.6991907778633003,1.3887465829049737,0.009253085914100652,1.3032174390378255,1.5439595578081133
1.9813208805870581,25.721262096700773,0.6864933482183745,1.399358124935092,0.009422717829183495,1.3091332182106845,1.5485040496604574
1.9913275517011342,25.689369912968232,0.6740539474091864,1.410014912013312,0.009595841601051513,1.3150680165738122,1.5530293927087109
2.0013342228152102,25.65736108718882,0.6618712484972811,1.420717093776289,0.009772514550635755,1.3210217944525555,1.5575358423983159
2.0113408939292863,25.625235544955466,0.6499436055321793,1.4314648193102117,0.009952793515319547,1.3269945129292906,1.5620236827371312
2.0213475650433623,25.592993210088547,0.6382690825855052,1.442258237130787,0.010136734813867667,1.332986133910141,1.5664932264218359
2.0313542361574384,25.56063400440473,0.6268454512731872,1.4530974951503484,0.010324394197650114,1.3389966202147698,1.5709448100275305
2.0413609072715144,25.528157847559402,0.6156702103833365,1.463982740660335,0.010515826819617113,1.3450259356355139,1.5753787920967541
2.0513675783855905,25.495564656874116,0.6047406118609521,1.4749141203045242,0.010711087196881441,1.3510740450053533,1.579795552279002
2.0613742494996665,25.462854347215025,0.5940536766823207,1.4858917800685978,0.010910229188188167,1.3571409142422124,1.5841954887875287
2.0713809206137426,25.43002683082565,0.5836062053868715,1.4969158652547274,0.01111330595788352,1.3632265104146277,1.5885790147422993
2.0813875917278186,25.397082017217226,0.5733948039797988,1.507986520468141,0.011320369953773926,1.3693308017833947,1.5929465571682946
2.0913942628418947,25.364019813110293,0.5634159047804442,1.5191038896160043,0.011531472898056729,1.3754537578212307,1.5972985552625305
2.1014009339559707,25.330840122260533,0.5536657810395466,1.5302681158759674,0.011746665747544726,1.3815953492832487,1.6016354576041743
2.1114076050700468,25.297542845584548,0.5441405778829027,1.5414793417363368,0.011965998730325023,1.38775554814864,1.6059577227022668
2.121414276184123,25.264127880888964,0.5348363013634423,1.5527377089409908,0.012189521281083002,1.393934327732932,1.6102658111473618
2.131420947298199,25.230595122907616,0.5257488541773502,1.5640433585043212,0.01241728205333593,1.4001316626694376,1.6145601873056703
2.141427618412275,25.196944463255296,0.516874070856433,1.575396430704438,0.012649328909569935,1.4063475289273262,1.618841321961587
2.151434289526351,25.163175790542027,0.5082077267270175,1.58679706511661,0.012885708953164706,1.4125819037599239,1.6231096895830206
2.161440960640427,25.129288990173627,0.49974552249117676,1.5982454005737363,0.01312646848124124,1.4188347657869258,1.6273657596074043
2.171447631754503,25.095283944391078,0.49148310852563654,1.609741575178316,0.013371652995861037,1.4251060949764043,1.6316099968461446
2.181454302868579,25.061160532375187,0.48341612155564223,1.621285726327195,0.013621307230592287,1.4313958725999536,1.6358428659639237
2.191460973982655,25.026918629963586,0.47554020526133534,1.6328779906488171,0.013875475080575923,1.4377040813521862,1.6400648331883374
2.201467645096731,24.992558110257917,0.4678510054854009,1.6445185041465653,0.014134199756521647,1.4440307050906707,1.6442763611189315
2.2114743162108073,24.95807884338946,0.46034416973732367,1.6562074021455282,0.014397523726218173,1.4503757289354258,1.6484779047868432
2.2214809873248833,24.923480696529086,0.45301534861365245,1.6679448192947774,0.014665488717024487,1.4567391392646865,1.652669907950249
2.2314876584389594,24.888763533014693,0.4458602144913915,1.679730889372524,0.014938135499637158,1.463120924083884,1.6568528051112084
2.2414943295530354,24.853927214615414,0.43887445671105074,1.691565745799668,0.01521550445280678,1.4695210720648046,1.6610270152679623
2.2515010006671115,24.81897159863371,0.43205383324753527,1.7034495209789287,0.015497634838936514,1.4759395737768768,1.6651929565495605
2.2615076717811875,24.78389653849572,0.42539451712722026,1.7153823509692476,0.015784567014037246,1.4823764195080467,1.6693511599376165
2.2715143428952635,24.74870188929217,0.4188925055856839,1.7273643639378764,0.016076337992642777,1.4888316023522663,1.6735020817921027
2.2815210140093396,24.713387498295177,0.41254322511993907,1.7393956916909288,0.016372985297967244,1.4953051164225353,1.677645945503124
2.2915276851234156,24.677953214223393,0.4063429137177197,1.751476463412498,0.01667454547379647,1.5017969564710716,1.6817832202480945
2.3015343562374917,24.642398883133822,0.40028746742333576,1.7636068068870094,0.016981054038472804,1.5083071187176775,1.68591421822398
2.3115410273515677,24.606724347897146,0.39437301977419553,1.7757868503404444,0.017292546244543988,1.5148356002397905,1.6900392981376442
2.321547698465644,24.570929445433148,0.3885960047376979,1.7880167248763674,0.01760905778077397,1.5213823988446076,1.6941588975017694
2.33155436957972,24.53501401433435,0.38295287421642815,1.8002965574158407,0.017930622680698036,1.5279475135671594,1.6982734282337058
2.341561040693796,24.498977891195533,0.37743990741136146,1.812626473571156,0.018257274090877632,1.534530944653683,1.7023831919426444
2.351567711807872,24.462820908339992,0.3720531245068382,1.8250065993417905,0.018589044708545437,1.541132693587094,1.7064883279152343
2.361574382921948,24.426542895920424,0.3667895417668391,1.8374370621373473,0.018925967553826382,1.5477527619633578,1.7105893524388356
2.371581054036024,24.39014368189861,0.3616460721673377,1.8499179884412704,0.019268074905415756,1.5543911524904923,1.7146867082466755
2.3815877251501,24.353623090892956,0.3566191730893325,1.8624495040222768,0.019615398227936048,1.5610478692768044,1.7187805893004096
2.391594396264176,24.316980948639134,0.35170581452825533,1.8750317327241637,0.019967968275079306,1.5677229168817197,1.7228713748369016
2.401601067378252,24.28021707598679,0.34690262766701896,1.8876647991949074,0.02032581545069133,1.5744163011258119,1.7269592355363488
2.4116077384923282,24.243331294826724,0.3422064712896668,1.9003488257783359,0.020688969264262252,1.5811280284668288,1.7310443946067593
2.4216144096064043,24.20632342297457,0.3376148187715882,1.913083937077527,0.02105745965515095,1.5878581057396361,1.7351273368255442
2.4316210807204803,24.169193276594743,0.3331246416867583,1.9258702559525498,0.021431315529194347,1.594606541061082,1.7392082513298932
2.4416277518345564,24.131940670102765,0.32873310108440235,1.93870790505332,0.02181056544077204,1.601373343210952,1.7432873709884769
2.4516344229486324,24.09456541637197,0.3244375363153299,1.9515970067020327,0.02219523756965135,1.608158521614107,1.7473649738786847
2.4616410940627085,24.057067328060974,0.3202353423875405,1.9645376818321838,0.02258535943330033,1.6149620863556924,1.7514413209859399
2.4716477651767845,24.01944621538254,0.31612383992939996,1.9775300512915337,0.022980958152239436,1.6217840483595567,1.7555165803235313
2.4816544362908606,23.981701886190848,0.3121005997778185,1.99057423642236,0.023382060726410647,1.6286244191131798,1.7595910110986532
2.4916611074049366,23.943834147523663,0.3081633311428358,2.0036703578843227,0.023788693726156714,1.635483210661775,1.7636649085332257
2.5016677785190127,23.905842804414434,0.30430961383032756,2.016818535951518,0.024200883253286093,1.6423604358717934,1.7677384431903347
2.5116744496330887,23.867727661254598,0.3005371932923711,2.03001889025501,0.02461865502351699,1.6492561080934007,1.7718118360772754
2.5216811207471648,23.829488521082805,0.296843792318385,2.043271539920431,0.025042034324944663,1.6561702413351997,1.7758852442503406
2.531687791861241,23.791125185233266,0.2932273675418222,2.0565766043131486,0.025471046305096133,1.6631028500630542,1.7799589260085997
2.541694462975317,23.75263745404099,0.28968581659355264,2.0699342020809226,0.02590571563924344,1.6700539493753934,1.7840330555985695
2.551701134089393,23.714025126665163,0.28621709912190424,2.0833444515323056,0.026346066676457204,1.677023554900422,1.788107799629483
2.561707805203469,23.675288000742487,0.2828193176304011,2.0968074710305538,0.026792123567810924,1.68401168274252,1.7921833755301941
2.571714476317545,23.63642587389771,0.279490534928488,2.110323377787882,0.027243909939725666,1.6910183494988964,1.7962599271858997
2.581721147431621,23.59743854161825,0.27622887670722857,2.1238922893552967,0.0277014492596901,1.6980435723239486,1.8003375947001068
2.591727818545697,23.558325798235483,0.273032668708751,2.1375143233186042,0.02816476484179516,1.7050873687364982,1.8044166191804114
2.601734489659773,23.519087437837143,0.26990012757537857,2.1511895962300605,0.028633879494940416,1.7121497567742903,1.8084971180353426
2.611741160773849,23.47972325269219,0.2668295833104001,2.16491822496423,0.029108815908229387,1.7192307549347758,1.8125792480484915
2.6217478318879253,23.440233034817943,0.26381940512226804,2.178700325704322,0.02958959641986513,1.726330382091593,1.8166631522213958
2.6317545030020013,23.400616575796782,0.2608680179315908,2.1925360141158703,0.03007624306921234,1.7334486574809445,1.8207489736982971
2.6417611741160774,23.360873665349935,0.2579739041536807,2.20642540618316,0.03056877776802707,1.7405856008141358,1.8248368592079294
2.6517678452301534,23.32100409268725,0.25513557710813284,2.2203686174198074,0.03106722213939651,1.7477412321701367,1.8289269387024545
2.6617745163442295,23.281007647004042,0.252351606779346,2.2343657626702846,0.03157159750029667,1.75491557191691,1.833019347650005
2.6717811874583055,23.240884115256573,0.2496205943806212,2.2484169573227275,0.032081925086958674,1.7621086409259474,1.8371142071756166
2.6817878585723816,23.200633285407967,0.24694119220910707,2.2625223155734324,0.03259822574154703,1.7693204602447155,1.8412116419688416
2.6917945296864576,23.160254943085324,0.24431208942477928,2.276681952263228,0.03312052025711175,1.776551051413173,1.8453117696183918
2.7018012008005337,23.1197488747719,0.24173201975449213,2.2908959811678336,0.033648829068152676,1.783800436142855,1.849414708559104
2.7118078719146097,23.079114864828775,0.2391997452993386,2.3051645166087558,0.03418317254649267,1.7910686366095934,1.853520564727703
2.7218145430286858,23.038352698464763,0.23671407322282878,2.3194876718981345,0.034723570729497825,1.798355675139877,1.857629447855618
2.731821214142762,22.997462159350277,0.23427384159631565,2.3338655606198695,0.03527004355281697,1.8056615744493967,1.861741459754521
2.741827885256838,22.956443030694373,0.2318779250394621,2.348298296075964,0.035822610756514606,1.8129863575249077,1.8658567006941753
2.751834556370914,22.91529509579541,0.22952523591037502,2.362785991019863,0.03638129184452036,1.8203300475568864,1.8699752719647535
2.76184122748499,22.874018136873197,0.22721471279392977,2.3773287582719282,0.03694610619330077,1.8276926680611725,1.8740972657081965
2.771847898599066,22.832611935842284,0.2249453204209673,2.391926710326105,0.03751707298636211,1.8350742427923747,1.878222765444214
2.781854569713142,22.79107627418917,0.2227160705361506,2.40657995946906,0.0380942112503896,1.8424747957335708,1.8823518689724688
2.791861240827218,22.749410932889763,0.22052599440006493,2.4212886177908723,0.038677539848031774,1.8498943511188184,1.886484661290482
2.801867911941294,22.707615693092578,0.21837413756480842,2.4360527968388443,0.03926707742062749,1.8573329333561064,1.890621209076942
2.81187458305537,22.66569033480339,0.21625960711169112,2.4508726083939703,0.039862842548421366,1.8647905671290057,1.8947616133676146
2.8218812541694462,22.623634637854916,0.21418150729999122,2.465748163871245,0.04046485362006028,1.872267277333316,1.898905940643219
2.8318879252835223,22.581448381949343,0.21213897813476337,2.480679574380674,0.04107312886653764,1.8797630890372001,1.9030542657010656
2.8418945963975983,22.539131346516275,0.2101311814329876,2.49566695079003,0.041687686368907816,1.8872780275011278,1.907206657312154
2.8519012675116744,22.49668331061416,0.20815730833428217,2.5107104038008505,0.04230854407838482,1.8948121181779243,1.911363187912916
2.8619079386257504,22.45410405308686,0.20621656885200151,2.5258100438633315,0.04293571980059657,1.9023653866975656,1.9155239224706244
2.8719146097398265,22.411393352511197,0.20430819883761533,2.540965981227161,0.04356923121100127,1.9099378588627867,1.919688927613634
2.8819212808539025,22.36855098717193,0.20243145344215802,2.55617832595422,0.04420909585699154,1.9175295606519054,1.9238582647730758
2.8919279519679786,22.325576735199878,0.20058560949996695,2.571447187864614,0.04485533115359829,1.9251405181964285,1.9280319939042518
2.9019346230820546,22.282470374608828,0.19876996351929332,2.586772676526119,0.0455079543840973,1.9327707577734297,1.9322101718937217
2.9119412941961307,22.2392316832509,0.19698383397358535,2.6021549012912857,0.046166982710329645,1.940420305804438,1.9363928563894965
2.9219479653102067,22.195860438895647,0.19522655780701612,2.6175939712625618,0.046832433168436695,1.9480891888442995,1.94058010228292
2.931954636424283,22.152356419001727,0.1934974872574804,2.6330899954095024,0.04750432268868889,1.9557774336062874,1.9447719582821696
2.941961307538359,22.108719400928027,0.19179599734723862,2.6486430824863643,0.048182668088951414,1.963485066927852,1.948968477629238
2.951967978652435,22.064949162255974,0.19012147780961217,2.664253340869489,0.048867486047984354,1.9712121157339706,1.9531697082462285
2.961974649766511,22.021045480255015,0.18847333190510915,2.6799208788274136,0.04955879314991314,1.978958607097751,1.9573756916870695
2.971981320880587,21.977008132217815,0.18685098758026997,2.6956458043837204,0.05025660587098743,1.9867245681887327,1.9615864794253133
2.981987991994663,21.9328368952969,0.18525388261211248,2.7114282253798927,0.0509609405842283,1.994510026299765,1.9658021131096681
2.991994663108739,21.888531546857237,0.18368146717364137,2.727268249316176,0.051671813538732014,2.002315008798968,1.9700226284604783
3.002001334222815,21.84409186401983,0.1821332149928105,2.7431659836006137,0.05238924090600808,2.010139543173648,1.9742480722751772
3.012008005336891,21.799517624221533,0.18060860650093338,2.7591215352562246,0.053113238728889726,2.017983656971047,1.978478478735678
3.022014676450967,21.754808604598573,0.17910713828219593,2.7751350112431257,0.053843822977639566,2.0258473778637396,1.9827138837706604
3.0320213475650433,21.709964582761277,0.17762832302856146,2.791206518091201,0.05458100949646721,2.033730733551537,1.9869543258536466
3.0420280186791193,21.664985336252585,0.17617167765643577,2.807336162148717,0.05532481403722187,2.04163375183349,1.9911998284702648
3.0520346897931954,21.619870642419922,0.1747367478851303,2.823524049691805,0.056075252290369,2.049556460603434,1.9954504387498129
3.0620413609072714,21.57462027905055,0.17332307367510705,2.8397702865668384,0.05683233981552639,2.0574988877934683,1.9997061743901223
3.0720480320213475,21.529234023962175,0.17193022082594817,2.856074978447405,0.05759609209828057,2.065461061399097,2.0039670737311948
3.0820547031354235,21.483711654980187,0.17055775827581549,2.8724382308124374,0.058366524536917694,2.0734430094959966,2.0082331605414288
3.0920613742494996,21.43805295044938,0.1692052663831523,2.8888601487220105,0.05914365241547598,2.081444760167371,2.0125044574980118
3.1020680453635756,21.392257688661374,0.1678723420859424,2.905340837105382,0.059927490950787435,2.0894663415694414,2.0167809955551816
3.1120747164776517,21.34632564812323,0.1665585866473927,2.921880400617453,0.06071805526658813,2.0975077819042958,2.0210627942119603
3.1220813875917277,21.300256607734187,0.16526361258608843,2.938478943572401,0.06151536038923873,2.105569109390103,2.0253498733902098
3.1320880587058038,21.254050346453763,0.16398704970114467,2.9551365701166348,0.06231942127771411,2.1136503522965246,2.0296422646713355
3.14209472981988,21.207706639713315,0.16272852815032057,2.971853385898985,0.06313025305711543,2.121751539412383,2.0339399830041995
3.152101400933956,21.16122523236899,0.16148766547151808,2.9886295108127836,0.06394787284839654,2.129872703505452,2.0382430053672547
3.162108072048032,21.11460592547486,0.16026415044021902,3.005465038170112,0.06477229392260803,2.138013870199818,2.0425514133698406
3.172114743162108,21.06784852214805,0.15905764772684394,3.0223600601429808,0.06560352933485661,2.1461750649270828,2.046865230321479
3.182121414276184,21.020952838058992,0.15786784260530157,3.0393146628991787,0.06644159125002103,2.1543563115514113,2.0511845002645446
3.19212808539026,20.97391864067685,0.156694382236528,3.0563289551369137,0.06728649501312074,2.162557640178184,2.055509184810007
3.202134756504336,20.92674568160163,0.15553690832452507,3.0734030529056553,0.06813825698602066,2.1707790829957485,2.0598392177528098
3.212141427618412,20.87943374147861,0.15439514992675948,3.090537058530521,0.0689968915471133,2.179020668494431,2.064174678510064
3.222148098732488,20.831982600290793,0.15326878428841242,3.1077310744299536,0.06986241302025988,2.1872824253421608,2.068515533415059
3.2321547698465642,20.784392041130072,0.15215753299801626,3.124985201509109,0.07073483549690956,2.195564381829857,2.0728618182973637
3.2421614409606403,20.736661849858464,0.15106114734270795,3.1422995392683366,0.07161417283579499,2.2038665659364782,2.0772136139422783
3.2521681120747163,20.68879180843229,0.14997933298353144,3.1596741890442352,0.0725004391581567,2.212189006142186,2.081570898121877
3.2621747831887924,20.640781702114957,0.14891181159125522,3.1771092502229172,0.07339364818324251,2.2205317306708294,2.0859336650451863
3.2721814543028684,20.59263131453151,0.14785830965451383,3.194604823267551,0.07429381387976328,2.228894767826189,2.090301903888403
3.2821881254169445,20.544340431188502,0.14681858023400482,3.2121610072093025,0.07520094984133491,2.237278145903134,2.094675644297392
3.2921947965310205,20.49590883644924,0.1457923528018471,3.2297779020095394,0.07611506991677848,2.245681893176425,2.0990548535201348
3.3022014676450966,20.447336317052315,0.14477939866220885,3.2474556059148627,0.0770361875236501,2.254106037870053,2.1034395724778445
3.3122081387591726,20.39862265798819,0.14377945812957588,3.2651942184208744,0.07796431639099309,2.2625506082508995,2.1078297638208476
3.3222148098732487,20.34976765045721,0.14279233062315858,3.2829938351923524,0.07889946941660307,2.2710156321760753,2.1122255034191926
3.3322214809873247,20.300771078356867,0.14181775292740847,3.300854556317448,0.07984166043872067,2.279501138019285,2.116626720320829
3.342228152101401,20.251632728889014,0.1408554940991847,3.3187764798361092,0.08079090284883048,2.2880071539403395,2.121033399242909
3.352234823215477,20.20235238978542,0.13990533114593834,3.3367597034268224,0.08174720995178729,2.2965337080787593,2.1254455296304413
3.362241494329553,20.152929849459934,0.13896704936145643,3.354804324342257,0.08271059495884589,2.305080828531212,2.129863107044184
3.372248165443629,20.103364902537116,0.1380404545289533,3.3729104370701934,0.08368107073432106,2.3136485425315216,2.1342861611350967
3.382254836557705,20.053657336631872,0.13712534374066665,3.3910781389267837,0.08465865040138194,2.322236878411459,2.1387146918620474
3.392261507671781,20.003806942832043,0.1362215285352784,3.4093075256216046,0.08564334686171195,2.330845864046011,2.1431487210383975
3.402268178785857,19.953813512892374,0.1353288287043897,3.4275986924448194,0.08663517292408822,2.339475527269558,2.1475882795008383
3.412274849899933,19.903676839325357,0.13444706818367397,3.4459517342577044,0.0876341413133762,2.3481258958500932,2.152033398062749
3.422281521014009,19.8533967181737,0.13357594968950687,3.46436674520353,0.08864026494495837,2.3567969967025975,2.156483806319238
3.4322881921280852,19.8029729423296,0.13271535680658378,3.4828438194042497,0.08965355626344441,2.365488857784564,2.1609396517493895
3.4422948632421613,19.752405306845258,0.1318651138572154,3.5013830504066963,0.09067402776833322,2.3742015065892375,2.1654009319663445
3.4523015343562373,19.701693607509515,0.13102505026336225,3.5199845313310227,0.0917016918731202,2.38293497054947,2.169867646879171
3.4623082054703134,19.650837640945582,0.13019499866494494,3.538648354865144,0.09273656091707987,2.3916892770080214,2.1743397943760137
3.4723148765843894,19.59983720716781,0.1293747456939382,3.5573746131195034,0.093778647473506,2.4004644524405667,2.178817245920916
3.4823215476984655,19.54869210337176,0.1285641515350997,3.576163397979826,0.09482796360105274,2.409260524342866,2.1833000463490193
3.4923282188125415,19.49740212888313,0.12776305464357934,3.5950148008259966,0.09588452144036866,2.4180775197268094,2.1877881767127834
3.5023348899266176,19.445967083829583,0.1269712973166932,3.6139289126075056,0.09694833305397287,2.4269154655240452,2.192281618069341
3.5123415610406936,19.39438676928563,0.12618872693443572,3.6329058238081884,0.09801941043145015,2.4357743885534204,2.196780354974309
3.5223482321547697,19.342660990576142,0.12541522423417367,3.6519456236424688,0.09909776560786039,2.444654314778781,2.201284449849648
3.5323549032688457,19.29078954918739,0.12465063407638444,3.6710484020234544,0.10018341037379733,2.453555271126338,2.2057938641223434
3.5423615743829218,19.23877224923019,0.12389482076350841,3.6902142479904105,0.10127635650705456,2.4624772840325724,2.2103086010644177
3.552368245496998,19.186608895703028,0.12314765317393052,3.709443250131349,0.10237661571036918,2.471420379834467,2.214828668026119
3.562374916611074,19.13429929472816,0.12240899804964761,3.7287354964774813,0.10348419959803051,2.4803845847368926,2.219354058472164
3.57238158772515,19.08184325829799,0.12167858505065642,3.748091072381217,0.10459911942666279,2.4893699241570433,2.2238843791511367
3.582388258839226,19.02924059255329,0.12095634002016653,3.767510065756707,0.10572138676009149,2.498376424343439,2.2284197611570846
3.592394929953302,18.976491107175104,0.12024211796076142,3.786992562880936,0.1068510129366291,2.5074041110787264,2.232960133650493
3.602401601067378,18.923594612857162,0.11953577489688741,3.8065386495237505,0.10798800921244103,2.5164530100287816,2.2375054186855095
3.612408272181454,18.870550921530484,0.11883717972994691,3.826148410885112,0.10913238676591971,2.5255231466956913,2.242055564983998
3.62241494329553,18.817359850594617,0.11814643756927919,3.845821930413113,0.1102841567800812,2.534614545531882,2.246611191506447
3.632421614409606,18.76402121241845,0.11746333556971311,3.865559292736899,0.11144333023810998,2.543727232138267,2.251172009288451
3.6424282855236823,18.710534822765048,0.11678778760558871,3.885360581313218,0.1126099180874191,2.552861231500399,2.255738082773584
3.6524349566377583,18.6569004985226,0.11611971450872978,3.905225879060262,0.11378393119546447,2.5620165684635174,2.2603094920491964
3.6624416277518343,18.603118057909768,0.1154590276221558,3.925155268244889,0.114965380328565,2.571193267713109,2.2648862846269107
3.6724482988659104,18.549187324467173,0.11480530907512941,3.9451488282901,0.11615427574015018,2.580391353396901,2.269467514441041
3.6824549699799864,18.495108117906728,0.11415854476497841,3.96520664080148,0.11735062811471816,2.5896108499914465,2.2740534194017514
3.6924616410940625,18.44088026102021,0.1135185709693462,3.9853287857723276,0.1185544478551648,2.5988517816478693,2.2786437826107906
3.7024683122081385,18.38650357797962,0.11288522433154886,4.005515342542278,0.11976574526947205,2.6081141723422117,2.283238375076152
3.7124749833222146,18.331977897452344,0.11225870070721689,4.025766389184946,0.12098453074851283,2.6173980451136902,2.2878380675130163
3.7224816544362906,18.277303045732662,0.11163876396469784,4.046082003858077,0.12221081437401976,2.626703423744215,2.292442403649485
3.7324883255503667,18.222478851860302,0.11102533560509036,4.06646226379738,0.12344460621073577,2.636030331506774,2.297051402738283
3.7424949966644427,18.167505146317616,0.11041834468425649,4.086907245572638,0.12468591623205212,2.645378791484014,2.3016651028230775
3.752501667778519,18.11238176351107,0.10981767714386187,4.107417024034991,0.12593475420501773,2.6547488262013976,2.3062833992123006
3.762508338892595,18.05710853648084,0.10922328383422326,4.127991674561242,0.12719112993549145,2.6641404584092827,2.3109063878639953
3.772515010006671,18.001685300787596,0.10863510115153596,4.148631271405008,0.12845505308803232,2.6735537105083385,2.3155341151083384
3.782521681120747,17.94611189353786,0.10805307093881199,4.169335888110172,0.12972653323106367,2.6829886046936284,2.3201666410203905
3.792528352234823,17.89038815577334,0.107476909444664,4.190105596180462,0.13100557958222978,2.6924451627359747,2.324803277461744
3.802535023348899,17.834513927502737,0.10690658719735305,4.210940467844917,0.1322922015374589,2.7019234064369666,2.3294441555283867
3.812541694462975,17.77848905116024,0.10634199495064474,4.231840574132753,0.1335864083026671,2.7114233573122193,2.3340891380409463
3.822548365577051,17.72231337088231,0.10578301353984253,4.252805985275947,0.13488820897077503,2.720945036657603,2.3387380452511994
3.832555036691127,17.665986735761624,0.10522970506051732,4.273836769699281,0.1361976125392013,2.73048846491088,2.3433913032121008
3.8425617078052037,17.609508993165615,0.10468193873351539,4.294932996123317,0.1375146278872065,2.740053662950086,2.348048685668098
3.8525683789192797,17.552879993096454,0.1041396350449788,4.316094732192104,0.13883926379067693,2.7496406512462737,2.3527101316387724
3.8625750500333558,17.496099587510177,0.10360272762213474,4.337322044687481,0.14017152891981635,2.759249449995822,2.3573756193558815
3.872581721147432,17.439167634653806,0.10307116101735105,4.358614997621903,0.1415114316076146,2.7688800785078667,2.3620451597103167
3.882588392261508,17.38208399027556,0.1025448771529121,4.379973656063679,0.14285898030094782,2.7785325564627104,2.3667187505169998
3.892595063375584,17.324848512923904,0.10202382349292466,4.401398083830889,0.14421418328862814,2.788206903153176,2.37139640466881
3.90260173448966,17.267461063489165,0.10150795233652296,4.4228883436908415,0.1455770487249248,2.797903137550229,2.376078148275495
3.912608405603736,17.20992150760062,0.10099706751943356,4.444444496145226,0.14694758442855546,2.8076212780327077,2.380763468564685
3.922615076717812,17.152229710466187,0.10049111226870862,4.466066601999305,0.1483257982944686,2.8173613429887254,2.385452339978613
3.932621747831888,17.09438553968823,0.09999001212924824,4.487754720959983,0.14971169806914641,2.827123350487503,2.3901446675643094
3.942628418945964,17.036388865289908,0.09949367349515517,4.509508911622697,0.15110529134850412,2.836907318276303,2.394840279228502
3.95263509006004,16.978239561203345,0.09900211570338195,4.531329231199715,0.1525065856722864,2.846713263407677,2.3995394125082568
3.9626417611741163,16.91993750205852,0.0985152608316127,4.553215736269622,0.15391558839452513,2.8565412029744404,2.4042419450386334
3.9726484322881923,16.86148256472167,0.09803303440613648,4.575168482418238,0.1553323067456031,2.8663911537575473,2.40894776017984
3.9826551034022684,16.80287462852559,0.09755538047308308,4.597187524184885,0.15675674784154212,2.8762631321733916,2.413656804361457
3.9926617745163444,16.74411358087911,0.09708224024700343,4.619272912456356,0.1581889183212546,2.886157153540715,2.418369007645672
4.0026684456304205,16.68519930715139,0.09661356188984704,4.6414246990705355,0.15962882495714623,2.8960732334433255,2.423084321573136
4.0126751167444965,16.62613169472429,0.09614929659349533,4.663642934972183,0.16107647441050807,2.9060113871841886,2.4278027045447934
4.0226817878585726,16.566910634511665,0.09568939711102624,4.685927669521499,0.162531873139808,2.915971629580757,2.432524116315441
4.032688458972649,16.507536022785047,0.09523376987809377,4.708278949713578,0.16399502731332874,2.9259539746976695,2.4372483306476846
4.042695130086725,16.448007756559353,0.09478235518372519,4.730696822195767,0.16546594305019874,2.9359584365034284,2.4419752453681975
4.052701801200801,16.388325735007598,0.09433510259000215,4.753181332649145,0.16694462634649218,2.9459850286690608,2.446704789107694
4.062708472314877,16.328489860587506,0.09389195135863469,4.775732525295997,0.168431083016382,2.9560337644077945,2.4514368442361687
4.072715143428953,16.26850004112017,0.09345287535896618,4.798350442147418,0.16992531865462096,2.9661046561127757,2.4561714255640013
4.082721814543029,16.20835618568776,0.09301782906325474,4.821035124554991,0.17142733874095015,2.9761977160436355,2.4609084669227954
4.092728485657105,16.148058205420917,0.09258675791225221,4.843786612912941,0.17293714862005882,2.9863129561947104,2.4656478606582786
4.102735156771181,16.08760601497026,0.09215961768678002,4.866604946101575,0.1744547534641329,2.99645038804877,2.470389535530342
4.112741827885257,16.0269995386057,0.09173631422050989,4.889490158655614,0.17598015787930685,3.006610021779093,2.475133209179689
4.122748498999333,15.966238699048517,0.09131678912111019,4.912442285856942,0.17751336658444264,3.0167918677495784,2.4798787377746754
4.132755170113409,15.905323419602098,0.09090100341512954,4.935461362762941,0.17905438428162274,3.026995936228537,2.4846260521959844
4.142761841227485,15.844253628788882,0.09048890195681195,4.958547422091992,0.18060321537432267,3.0372222367658432,2.4893750107368104
4.152768512341561,15.783029258250314,0.09008042954713798,4.981700495181122,0.18215986409504886,3.047470778475021,2.4941254651650024
4.162775183455637,15.721650250021828,0.08967563141385697,5.0049206091012195,0.1837243342597237,3.0577415688722387,2.4988776870063796
4.172781854569713,15.660116544416661,0.08927448586614428,5.0282077914615195,0.18529662967674726,3.0680346158099123,2.503631666140801
4.182788525683789,15.598428082490047,0.0888769383290946,5.051562069432477,0.18687675406380289,3.0783499270834493,2.5083872481789724
4.192795196797865,15.536584810909275,0.08848296860787412,5.074983467814607,0.1884647108834355,3.088687509654045,2.5131444207891565
4.202801867911941,15.474586679723771,0.08809256008865103,5.0984720099227285,0.19006050341833736,3.09904737000455,2.5179031842114297
4.2128085390260175,15.412433653357859,0.08770550693565615,5.122027712472998,0.191664134057729,3.109429512705413,2.52266270615926
4.2228152101400935,15.350125692194977,0.08732173708711768,5.145650594148484,0.19327560549285983,3.119833942817106,2.527422721816935
4.23282188125417,15.287662756549949,0.08694124258547432,5.169340673751579,0.1948949204591406,3.1302606653719254,2.5321832421216395
4.242828552368246,15.225044813832284,0.08656395393929911,5.193097966872191,0.19652208127112059,3.1407096844395004,2.5369440012430813
4.252835223482322,15.162271835228898,0.08618979830563955,5.216922487430691,0.19815709003783694,3.151181003559555,2.5417047096758334
4.262841894596398,15.099343806955009,0.08581889933006302,5.240814243188588,0.1997999482702836,3.161674623958261,2.5464659545408654
4.272848565710474,15.036260711296608,0.0854512404204656,5.264773243312939,0.20145065754281813,3.1721905475536425,2.5512276986760334
4.28285523682455,14.973022530928267,0.08508674144060091,5.28879949665346,0.20310921934251822,3.1827287762710488,2.555989611821346
4.292861907938626,14.909629256046399,0.08472538541201875,5.312893008896224,0.2047756348203101,3.1932893109123075,2.560751643325385
4.302868579052702,14.846080881027003,0.08436715914825305,5.337053783897291,0.20644990490757667,3.203872151685577,2.5655137565272015
4.312875250166778,14.782377416565923,0.08401192820110838,5.361281818240777,0.20813202962106805,3.2144772965346124,2.570275347384088
4.322881921280854,14.718518869105917,0.08365964877692302,5.385577110460754,0.20982200924080127,3.2251047439700002,2.575036219852971
4.33288859239493,14.654505245765485,0.08331031696616605,5.409939658831893,0.211519844027862,3.2357544923908566,2.579796358905513
4.342895263509006,14.590336561824017,0.08296389164075864,5.4343694580141975,0.21322553379584244,3.246426539054724,2.5845555708877295
4.352901934623082,14.526012837171924,0.08262033102047489,5.458866500644268,0.21493907811408952,3.257120880566105,2.589313652493735
4.362908605737158,14.461534109352746,0.08227965795016642,5.483430771844162,0.21666047572225644,3.267837510930795,2.594070701411005
4.372915276851234,14.396900411337612,0.08194184865849699,5.508062258579031,0.2183897255279862,3.278576424871563,2.598826592192587
4.38292194796531,14.332111777107245,0.08160686069645136,5.5327609473069215,0.2201268263563412,3.2893376169954074,2.6035811044734114
4.392928619079386,14.267168249467526,0.08127467205515174,5.557526820688193,0.2218717765989693,3.3001210806276062,2.60833410977814
4.402935290193462,14.202069876296152,0.0809452623799117,5.582359859165777,0.2236245743825881,3.3109268083716548,2.613085482695581
4.4129419613075385,14.136816727262076,0.08061850971948879,5.607260033500373,0.22538521662524946,3.3217547897957225,2.617834592688778
4.4229486324216145,14.07140886517537,0.08029436745469629,5.632227317562018,0.22715370065350787,3.3326050153970956,2.622581166184109
4.432955303535691,14.005846353507701,0.07997281785574495,5.657261684972378,0.22893002377792382,3.3434774755615346,2.627325065394554
4.442961974649767,13.940129266124991,0.07965381197840984,5.682363104759365,0.23071418274370095,3.3543721592165316,2.632065991355357
4.452968645763843,13.874257682552269,0.0793372989057584,5.707531543471256,0.23250617399796208,3.365289054486525,2.636803626723903
4.462975316877919,13.80823170366981,0.07902342254582964,5.732766958800023,0.2343059930904833,3.376228146252798,2.6415386270456382
4.472981987991995,13.742051424669636,0.0787121825608447,5.758069310567952,0.2361136357061938,3.387189420357634,2.64627092919781
4.482988659106071,13.67571694245485,0.07840352713997277,5.7834385577216105,0.23792909738267484,3.3981728624540195,2.6510002043435126
4.492995330220147,13.60922836450999,0.07809746421556261,5.80887465472821,0.23975237317149675,3.4091784566266714,2.655726420281192
4.503002001334223,13.54258580452689,0.07779400662035837,5.834377553352608,0.24158345780521984,3.420206186072037,2.6604495671212045
4.513008672448299,13.475789398720703,0.07749290612375848,5.859947194992088,0.24342234460360998,3.43125603100224,2.6651682790058207
4.523015343562375,13.408839282166113,0.0771940391697541,5.885583521793555,0.2452690270599984,3.4423279716850694,2.6698818088968364
4.533022014676451,13.341735591557262,0.0768973618883045,5.911286475356945,0.24712349865626437,3.4534219880894224,2.674589809580905
4.543028685790527,13.27447847501638,0.076602750206628,5.937055992127127,0.2489857522052879,3.464538058625233,2.67929150240051
4.553035356904603,13.207068089558556,0.07631053657896632,5.962892005869546,0.25085578060423924,3.475676159923421,2.683988504717097
4.563042028018679,13.139504598180919,0.07602057450713938,5.988794446488973,0.2527335758723233,3.4868362682926333,2.688679919674116
4.573048699132755,13.071788171766949,0.07573285054867385,6.014763240802303,0.25461912978030504,3.498018358766215,2.6933655404918135
4.583055370246831,13.003918991492034,0.07544738534112694,6.04079831117325,0.2565124335824814,3.5092224048931047,2.698045336800506
4.593062041360907,12.935897263964915,0.07516425510511418,6.06689956864909,0.2584134771153921,3.5204483766864554,2.7027195742768377
4.603068712474983,12.867723181703996,0.07488348986358502,6.093066930753237,0.26032225109479246,3.5316962460304127,2.7073882724551193
4.613075383589059,12.799396953711966,0.07460515217707489,6.119300307721308,0.2622387453387677,3.542965982497555,2.7120516256294227
4.6230820547031355,12.730918798107508,0.07432913791538723,6.145599605529864,0.2641629490649822,3.5542575544793156,2.716708915870766
4.6330887258172115,12.662288945389815,0.07405479316748839,6.171964723906368,0.2660948504644739,3.565570928960432,2.7213563798692593
4.643095396931288,12.593507634916376,0.0737825905094408,6.198395560662564,0.26803443815461614,3.576906070833647,2.7259964114516584
4.653102068045364,12.524575187932145,0.0735124715418211,6.224891977319029,0.2699816962537845,3.588262933546404,2.7306284915783707
4.66310873915944,12.455491831574282,0.07324441949710135,6.251453875955808,0.27193661352923537,3.5996414841868036,2.735252328506966
4.673115410273516,12.386257806228514,0.07297841212963055,6.2780811528863545,0.27389917806792385,3.6110416879465914,2.739867591004212
4.683122081387592,12.316873359688545,0.07271443036885028,6.304773701197289,0.2758693775752689,3.6224635089581754,2.7444739566572625
4.693128752501668,12.247338762698355,0.07245245208949909,6.33153140400876,0.27784719858861906,3.6339069080592163,2.749071075698426
4.703135423615744,12.177654308427385,0.07219245604713845,6.358354134796503,0.2798326265469433,3.64537184282807,2.753658592834532
4.71314209472982,12.10782034692946,0.07193442463192534,6.38524174235733,0.28182564400490695,3.656858262666611,2.7582361606573023
4.723148765843896,12.03783723145275,0.07167833407035537,6.412194074177135,0.28382623338945046,3.668366116485823,2.7628033871749604
4.733155436957972,11.967705297798222,0.07142417057443794,6.439210985088595,0.28583437791048255,3.6798953557988163,2.7673599296502105
4.743162108072048,11.89742490305973,0.07117191286953191,6.466292320821654,0.2878500597599701,3.691445929000883,2.7719053914168508
4.753168779186124,11.826996412426396,0.07092154253113911,6.4934379234211566,0.28987326064039043,3.7030177833970206,2.776439381990808
4.7631754503002,11.756420228033315,0.07067304138368435,6.5206476189299245,0.29190396039310545,3.7146108609703266,2.780961499967619
4.773182121414276,11.685696784250474,0.0704263920033516,6.547921219310686,0.29394213718154644,3.7262250991108377,2.785471336168481
4.783188792528352,11.614826410878482,0.07018157495456626,6.57525858210706,0.2959877745690887,3.7378604501485104,2.789968465954114
4.793195463642428,11.543809482719826,0.06993857166752257,6.602659545246741,0.2980408537952189,3.7495168599838418,2.7944524560062893
4.803202134756504,11.47264647219965,0.06969736566525483,6.630123904158986,0.30010135108306907,3.7611942605468203,2.798922868188984
4.81320880587058,11.40133789087495,0.06945794130970835,6.657651437237642,0.3021692406449756,3.7728925781673825,2.803379255891324
4.8232154769846565,11.329884097597997,0.06922027968913562,6.6852419893540675,0.3042445045400293,3.7846117610286187,2.807821151194957
4.8332221480987325,11.258285570151807,0.06898436400743223,6.712895353612004,0.3063271187192181,3.796351740290819,2.812248079410893
4.843228819212809,11.186542931618183,0.06875017946690319,6.740611259879618,0.3084170516754895,3.808112426313392,2.8166595568856168
4.853235490326885,11.114656569324614,0.0685177080273373,6.768389540627863,0.31051428400282305,3.8198937632061885,2.8210550828024363
4.863242161440961,11.042626970659748,0.06828693306903573,6.796229984781168,0.31261879115968805,3.831695680753873,2.82543414584075
4.873248832555037,10.970454863496997,0.06805784193840322,6.824132276619643,0.314730536268566,3.843518074306164,2.8297962312972285
4.883255503669113,10.898140671080803,0.06783041695786703,6.852096232979371,0.3168494980782889,3.8553608828325174,2.834140799165981
4.893262174783189,10.825684917038853,0.06760464210538696,6.880121627015755,0.3189756501883958,3.8672240309285413,2.838467299528663
4.903268845897265,10.753088370054106,0.06738050406272957,6.908208125261233,0.32110895363262276,3.8791074080961407,2.84277517041719
4.913275517011341,10.680351558204352,0.06715798685695466,6.936355498934979,0.32324938178231916,3.8910109382936358,2.8470638335848553
4.923282188125417,10.607475039868264,0.06693707484944557,6.964563506072332,0.3253969064550831,3.902934541140039,2.851332695986984
4.933288859239493,10.534459535658037,0.0667177539915009,6.992831834128312,0.32755149115284604,3.9148781130183283,2.855581149611014
4.943295530353569,10.46130573250108,0.06650000991790833,7.021160185212156,0.3297131011039121,3.926841555136216,2.859808570871041
4.953302201467645,10.388014272994798,0.06628382785894132,7.04954828071797,0.3318817038083398,3.938824775051069,2.86401432004152
4.963308872581721,10.31458587074651,0.06606919376514814,7.077995811146962,0.3340572631265113,3.9508276701497027,2.8681977411682347
4.973315543695797,10.241021277172406,0.06585609436043652,7.106502450570034,0.3362397409893284,3.9628501323958503,2.87235816402834
4.983322214809873,10.167321265345178,0.06564451618935535,7.135067863615028,0.3384290982078868,3.9748920506605003,2.876494898498141
4.993328885923949,10.093486641684734,0.06543444630664987,7.163691700409522,0.34062529388745316,3.9869533090352527,2.8806072378336602
5.003335557038025,10.01951821448906,0.06522587125871533,7.19237361027243,0.3428282870408747,3.9990337913391643,2.8846944532860723
5.013342228152101,9.945416788046197,0.06501877690894926,7.221113244277261,0.3450380368911398,4.011133381961366,2.888755792573603
5.0233488992661774,9.871183254180437,0.0648131511531458,7.249910215398935,0.3472544981672122,4.023251952760137,2.892790492103586
5.0333555703802535,9.796818506720527,0.06460898138249715,7.278764135748689,0.349477625499143,4.035389375303124,2.8967977645614766
5.0433622414943295,9.722323439352392,0.06440625436700363,7.307674617519759,0.35170737353340226,4.047545521170041,2.9007767974675644
5.053368912608406,9.64769898711303,0.06420495757092613,7.336641254906225,0.35394369479269344,4.059720256021942,2.9047267589897836
5.063375583722482,9.572946112695146,0.0640050787186113,7.36566363007084,0.35618654038233727,4.071913441558706,2.908646795183738
5.073382254836558,9.498065802305272,0.0638066056946992,7.394741314955305,0.35843586020640156,4.0841249361087355,2.9125360288520414
5.083388925950634,9.423059096370078,0.06360952772564823,7.423873857935818,0.36069160140041057,4.096354590224913,2.916393565272285
5.09339559706471,9.347927024416961,0.06341383280120151,7.453060812110307,0.36295371164935014,4.108602256029642,2.9202184773902693
5.103402268178786,9.272670654348998,0.06321950962552718,7.482301713893879,0.36522213667697945,4.120867780143588,2.924009815627417
5.113408939292862,9.197291128273722,0.06302654632433217,7.511596067437024,0.3674968184119869,4.133150998551688,2.9277665964289694
5.123415610406938,9.121789615868977,0.0628349312136441,7.540943364900521,0.36977769737210314,4.145451743288058,2.931487809087148
5.133422281521014,9.046167254835023,0.06264465378148006,7.570343112344747,0.3720647157084115,4.157769850972029,2.935172424641203
5.14342895263509,8.970425241393533,0.06245570319593686,7.599794790383909,0.37435781257870054,4.170105149835328,2.9388193800667066
5.153435623749166,8.894564800301593,0.06226806879952182,7.629297867222898,0.37665692568046116,4.182457464020516,2.942427582237507
5.163442294863242,8.818587292480332,0.06208174019700395,7.658851751874292,0.37896198575316586,4.194826598148382,2.9459959024307425
5.173448965977318,8.742494042831972,0.06189670711487068,7.688455869001221,0.38127292537345336,4.207212362006822,2.949523182678455
5.183455637091394,8.666286363871027,0.06171295942061652,7.718109648645571,0.3835896777480371,4.219614567162415,2.953008233504518
5.19346230820547,8.589965635498933,0.06153048718785886,7.747812491552308,0.38591217263877886,4.232033015521746,2.95644982947139
5.203468979319546,8.513533270493388,0.061349280668168756,7.777563784170246,0.3882403381255102,4.244467504279804,2.9598467094484926
5.213475650433622,8.43699088026534,0.06116932713565974,7.807362826602374,0.39057409213924144,4.256917802152568,2.9631975451627572
5.223482321547698,8.360339943591361,0.0609906171931204,7.837208976598117,0.3929133593831594,4.269383696876507,2.96650100027553
5.2334889926617745,8.283581994352645,0.06081314119814551,7.86710156794873,0.39525806174300593,4.2818649682892325,2.9697556948019064
5.2434956637758505,8.206718626234023,0.06063688917368411,7.897039908444778,0.39760811804705437,4.294361387655716,2.9729602028331406
5.253502334889927,8.129751470940484,0.06046185122271779,7.927023289344782,0.39996344517880017,4.30687272079177,2.9761130550167993
5.263509006004003,8.05268243201887,0.060288028135396514,7.957050883773668,0.402323946149002,4.319398694522721,2.97921280633311
5.273515677118079,7.975513153407925,0.06011540728023383,7.987121977651431,0.4046895372065655,4.331939072918984,2.982257878411661
5.283522348232155,7.898245431587685,0.05994398130093616,8.01723579060364,0.4070601268135455,4.344493598173954,2.98524667846895
5.293529019346231,7.820881106909192,0.05977374318666201,8.047391523181467,0.4094356211887487,4.357062006192559,2.9881775658947305
5.303535690460307,7.743422095430827,0.059604682339092975,8.077588343016146,0.4118159226783226,4.3696440220294495,2.9910488194799294
5.313542361574383,7.665870559666048,0.059436763530112506,8.107825310561315,0.41420092101678746,4.382239335422527,2.993858468506466
5.323549032688459,7.588228410640948,0.05926998826639449,8.138101595646624,0.4165905188120181,4.394847672143178,2.996604774170774
5.333555703802535,7.510497723815943,0.05910434353274929,8.168416296594694,0.41898461025813144,4.407468734398804,2.9992858245243657
5.343562374916611,7.432680625175317,0.05893981583002854,8.198768489760418,0.42138308696549004,4.420102217155067,3.001899642334932
5.353569046030687,7.354779348004592,0.058776411624575975,8.22915720489755,0.4237858350815309,4.43274779997523,3.0044443396438254
5.363575717144763,7.276796305218198,0.05861418339840115,8.25958139377865,0.42619273162304344,4.445405136624442,3.006918320603566
5.373582388258839,7.198733769541277,0.05845311446060138,8.290040068951296,0.42860366069409195,4.4580739010374675,3.0093193947917327
5.383589059372915,7.120594149978229,0.05829321852274428,8.320532183789538,0.43101849946634535,4.470753747581642,3.0116455370749455
5.393595730486991,7.0423799754773535,0.058134440761032094,8.35105663936933,0.4334371189115663,4.483444313494871,3.013894107495219
5.403602401601067,6.9640938938585135,0.0579766591260745,8.38161228493766,0.4358593838577371,4.49614521903813,3.0160618451650163
5.413609072715143,6.885738500979769,0.057819892997992575,8.412197992645211,0.4382851619303592,4.508856091787817,3.0181465274216617
5.423615743829219,6.807316509910083,0.05766409655962034,8.442812583540169,0.4407143146980712,4.52157654257954,3.02014532701794
5.4336224149432955,6.728830795935331,0.05750938846698948,8.473454808560744,0.4431466956253493,4.534306158818655,3.022056653577777
5.4436290860573715,6.650284324186409,0.057355919745126695,8.504123379667547,0.44558215362158765,4.547044514995855,3.0238791125285887
5.4536357571714476,6.571680028021152,0.05720365179223443,8.534817022160228,0.4480205390051865,4.559791190358232,3.0256096955168816
5.463642428285524,6.493020968095265,0.05705264674015683,8.565534406249663,0.4504616957027957,4.572545745796333,3.0272461203871925
5.4736490993996,6.414310359687863,0.05690265308364395,8.596274134218909,0.4529054594185325,4.585307720335192,3.0287834218288348
5.483655770513676,6.335551501571865,0.0567534067564031,8.627034772027665,0.45535166157765294,4.5980766410411436,3.0302163823552055
5.493662441627752,6.256747732610318,0.05660481484920214,8.657814868597463,0.45780013173300044,4.610852029067031,3.031541060881569
5.503669112741828,6.1779025592568635,0.05645702220076552,8.688612900442267,0.46025069107668776,4.623633381348954,3.032755384380595
5.513675783855904,6.099019611770653,0.056310363044600735,8.719427290629081,0.46270315464384515,4.636420176914731,3.033858791165743
5.52368245496998,6.020102591549011,0.05616494027451381,8.75025643082663,0.465157333619929,4.649211884794564,3.034848694606385
5.533689126084056,5.941155353988897,0.056020920209963555,8.781098645884885,0.4676130313794328,4.662007951886269,3.035722944414242
5.543695797198132,5.862181841071579,0.05587861521983758,8.81195222329504,0.47007004699960814,4.67480781255484,3.0364805497113463
5.553702468312208,5.783186132314519,0.05573645371423324,8.842815387556604,0.4725281710753654,4.687610882807571,3.037104141699249
5.563709139426284,5.704172457516041,0.05559534402407192,8.87368630200125,0.4749871884134108,4.700416555338906,3.0375974808069124
5.57371581054036,5.625145167301712,0.055455171071466615,8.904563075719508,0.47744687686718196,4.713224206249468,3.037955400485907
5.583722481654436,5.546108747702255,0.05531600171991871,8.935443759251763,0.4799070075133541,4.726033192094542,3.0381741581168735
5.593729152768512,5.467067867116548,0.055177819174778105,8.9663263237219,0.48236734204752074,4.738842843342711,3.038249121880655
5.603735823882588,5.388027316003202,0.05504061626036008,8.997208687211339,0.4848276359370628,4.751652472955344,3.038175573892554
5.613742494996664,5.308992058792327,0.054904388976351866,9.028088692182434,0.4872876357643402,4.764461368948391,3.037948647646097
5.62374916611074,5.229967107702777,0.05476913329413389,9.058964160324056,0.48974708567039493,4.777268812486099,3.037563291976448
5.633755837224816,5.150957849769913,0.054634845689103255,9.089832750396017,0.4922057106493196,4.790074030992829,3.0370142692087208
5.6437625083388925,5.071969608000941,0.05450152220585373,9.120692148990436,0.4946632389660455,4.802876261073173,3.036296136617154
5.6537691794529685,4.993008050347711,0.054369159321870295,9.151539892755855,0.49711938126483435,4.815674689874612,3.035403247831772
5.663775850567045,4.914079013519907,0.0542377536255276,9.182373444984902,0.4995738395702709,4.828468480348271,3.03432974038543
5.673782521681121,4.835188401999978,0.05410730176420947,9.213190239509892,0.502026312444756,4.841256785728313,3.033069524083618
5.683789192795197,4.75634240644657,0.053977800762579346,9.243987585768211,0.5044764838339293,4.854038718216983,3.031616276797647
5.693795863909273,4.677547525616996,0.05384924792092681,9.27476265927106,0.5069240219455918,4.86681334584203,3.0299634349046514
5.703802535023349,4.598810434937897,0.053721640484015225,9.305512558735394,0.5093685859643491,4.879579711300357,3.028104177764184
5.713809206137425,4.520138017493633,0.0535949757705611,9.336234292614481,0.5118098244691842,4.892336827514707,3.0260314182394854
5.723815877251501,4.441537443236394,0.05346925170413478,9.366924744665866,0.5142473713868476,4.905083666276778,3.023737798475581
5.733822548365577,4.363016041095344,0.05334446671642705,9.397580729547487,0.5166808525273178,4.917819176582778,3.021215673861751
5.743829219479653,4.284581432712664,0.05322061878050202,9.428198934678651,0.5191098787487336,4.930542265460669,3.018457094879177
5.753835890593729,4.206241503072907,0.05309770487777978,9.458775933012257,0.5215340474619136,4.943251802179844,3.015453788297923
5.763842561707805,4.128004368895037,0.05297572348308559,9.489308196773125,0.523952944242601,4.9559466227827675,3.012197166900096
5.773849232821881,4.049878553372033,0.052854675511232706,9.51979202151187,0.5263661339137011,4.968625505028023,3.0086783329885516
5.783855903935957,3.971872694264671,0.0527345595644668,9.550223652971594,0.5287731754420352,4.9812872102500565,3.0048880049772344
5.793862575050033,3.8939958583084877,0.05261537437049275,9.580599150438173,0.5311736058919522,4.993930438274609,3.0008165400349394
5.803869246164109,3.8162574751562746,0.052497118141673356,9.610914415450445,0.5335669437966474,5.006553836891163,2.9964539109940804
5.813875917278185,3.7386671271090317,0.05237979035173008,9.641165283193423,0.5359526998912078,5.0191560320023685,2.9917896972379125
5.823882588392261,3.661234986838991,0.05226339186026894,9.671347332253204,0.5383303547760078,5.031735564857347,2.9868130954693286
5.833889259506337,3.5839714194705072,0.05214792286088328,9.701456057556861,0.5406993792187691,5.044290949112674,2.981512860306344
5.8438959306204135,3.506887130659127,0.05203338372690219,9.731486806016582,0.5430592266002126,5.056820649597839,2.9758773040319384
5.8539026017344895,3.4299934099809866,0.051919774862011644,9.761434670751838,0.5454093204989091,5.06932304741366,2.969894296862556
5.863909272848566,3.3533017556309215,0.05180709720931782,9.791294654196745,0.5477490738349327,5.0817964937497955,2.963551229302701
5.873915943962642,3.2768242511506944,0.0516953516331653,9.821061504376397,0.5500778696569786,5.094239255862015,2.956835017745473
5.883922615076718,3.2005732916747,0.05158453930859872,9.850729833876406,0.5523950751014604,5.106649556328978,2.949732070945532
5.893929286190794,3.1245618019512356,0.05147466216767641,9.880294025098383,0.5547000302787667,5.119025541786498,2.942228297482798
5.90393595730487,3.0488031462629817,0.051365722480519606,9.90974826940427,0.5569920528642455,5.131365295845874,2.934309078580549
5.913942628418946,2.9733111588952292,0.05125772267504431,9.93908655387727,0.5592704365466068,5.143666834724369,2.925959253956977
5.923949299533022,2.898100237865122,0.051150665692281085,9.968302620592231,0.561534446251684,5.155928093803347,2.9171631225466976
5.933955970647098,2.8231852024908775,0.05104455457262328,9.997390028508244,0.5637833254002191,5.168146948054437,2.9079044094852486
5.943962641761174,2.74858155348302,0.050939391825314026,10.026342040451027,0.5660162826592413,5.180321174739283,2.8981662784517717
5.95396931287525,2.674305180399896,0.05083518086268255,10.055151750231314,0.568232506842088,5.192448495363961,2.8879313032082323
5.963975983989326,2.600372732688189,0.05073192570281384,10.08381192143045,0.5704311480210358,5.204526522464086,2.877181505745027
5.973982655103402,2.5268013016752824,0.050629630271393875,10.112315125565821,0.5726113337096794,5.216552805215416,2.865898301949999
5.983989326217478,2.4536086499206466,0.05052829939057484,10.14065364245317,0.5747721572002217,5.228524796536837,2.854062543987904
5.993995997331554,2.3808132092612517,0.05042793876992085,10.16881946105778,0.5769126776648674,5.240439853370286,2.841654525921531
6.00400266844563,2.3084340755706676,0.05032855417955719,10.196804281756927,0.5790319204092699,5.252295237435739,2.8286539827721455
6.014009339559706,2.2364909372069044,0.05023015052274035,10.224599547475446,0.5811288805600169,5.264088125484002,2.8150400796291515
6.024016010673782,2.165004287326078,0.05013273389114082,10.25219635138969,0.5832025122102803,5.275815578855492,2.800791496156557
6.034022681787858,2.0939952836233116,0.05003631036655543,10.279585497917207,0.5852517356062246,5.287474563586787,2.785886416185683
6.044029352901934,2.023485747315022,0.049940886504306795,10.306757503173534,0.5872754372121811,5.299061950553337,2.7703025684047957
6.0540360240160105,1.9534983177408107,0.0498464685875991,10.333702527757607,0.5892724618024893,5.3105744933052375,2.7540172966858902
6.0640426951300865,1.8840563076029895,0.04975306538669881,10.360410439757564,0.5912416199310011,5.322008848805413,2.7370076238139798
6.074049366244163,1.8151838168742327,0.049660685261404554,10.386870765174798,0.5931816820553306,5.333361561111256,2.7192503109327637
6.084056037358239,1.746905700518048,0.04956933679627144,10.413072702025447,0.5950913802520273,5.344629065988235,2.7007219449234126
6.094062708472315,1.6792475635428719,0.04947902723353806,10.439005122550455,0.5969694085277834,5.355807691607227,2.6813990174814175
6.104069379586391,1.6122358133649675,0.049389765708088285,10.464656550369611,0.5988144200611014,5.366893651052859,2.661258104682592
6.114076050700467,1.5458975699930904,0.04930156040541142,10.49001519972319,0.6006250319828624,5.377883055160824,2.6402759438536125
6.124082721814543,1.4802607538916248,0.04921441945934006,10.515068937172332,0.6023998207859506,5.388771899941934,2.6184296352106853
6.134089392928619,1.415354040950395,0.0491283514913436,10.539805301265924,0.6041373247133551,5.399556073019116,2.595696826490118
6.144096064042695,1.351206732252572,0.04904336812288134,10.56421155934466,0.605836050593472,5.410231372259162,2.572055919552756
6.154102735156771,1.287848962752577,0.04895947903848483,10.58827461660401,0.6074944629671246,5.42079347590115,2.5474863178518077
6.164109406270847,1.2253113874078831,0.04887669542151544,10.611981152960055,0.6091110005299369,5.431237987468883,2.5219686373862844
6.174116077384923,1.1636253297573849,0.048795025254567116,10.635317558290286,0.6106840683796223,5.441560414505041,2.4954849958185994
6.184122748498999,1.1028226340716019,0.04871447206468001,10.658269996945874,0.612212045802247,5.4517561897201166,2.4680192706671367
6.194129419613075,1.0429355919634502,0.048635048450121204,10.680824439893561,0.6136932902388986,5.461820681460423,2.439557646375327
6.204136090727151,0.9839970101386935,0.04855676302270791,10.702966635068934,0.6151261336486784,5.471749184039362,2.410088854431579
6.214142761841227,0.9260399163256041,0.04847962142453897,10.724682235896191,0.6165088981883448,5.481536959758394,2.3796044847155007
6.224149432955303,0.8690975570678336,0.04840362624089693,10.745956802283416,0.6178398963593021,5.491179239216185,2.3480994376053035
6.234156104069379,0.8132032556512517,0.048328781844790634,10.766775862800172,0.6191174386614696,5.500671241590726,2.3155724120045598
6.244162775183455,0.7583903140285635,0.048255092251895206,10.787124957644595,0.6203398389242385,5.510008188633228,2.2820263143072084
6.2541694462975315,0.7046918844716944,0.04818255740709725,10.80698969487272,0.6215054212835212,5.5191853229817625,2.247468619381388
6.2641761174116075,0.652140668314775,0.04811116646591333,10.826355882647718,0.6226125368117125,5.528197951091094,2.2119115336384114
6.274182788525684,0.6007688487515491,0.04804091064170422,10.84520955905292,0.6236595675121743,5.537041452739856,2.175372583817198
6.28418945963976,0.5506079196654059,0.047971771784526634,10.86353706772623,0.6246449362432785,5.5457113053243114,2.1378746292415753
6.294196130753836,0.5016884926843208,0.047903722151664614,10.88132514348435,0.6255671182447512,5.55420311116222,2.09944588386059
6.304202801867912,0.4540400143902911,0.04783671993103332,10.898561038589177,0.6264246587683948,5.562512637353677,2.06011951439717
6.314209472981988,0.4076906443793008,0.04777070378571031,10.915232578921668,0.627216182328489,5.57063583261547,2.019932889874845
6.324216144096064,0.3626670965464677,0.047705581581623954,10.931328238855702,0.6279404064197771,5.578568848832084,1.9789259458452508
6.33422281521014,0.3189945116941342,0.04764121956039477,10.94683720500136,0.6285961560005351,5.586308057604327,1.9371382616005444
6.344229486324216,0.27669641159140734,0.047577393979935385,10.961749410518355,0.6291823795356952,5.593850053904584,1.8946030083314656
6.354236157438292,0.2357948303812939,0.047513794827233155,10.976055501181214,0.6296981643539937,5.601191632466241,1.8513371634485767
6.364242828552368,0.1963107343672866,0.04744980065442158,10.98974669255653,0.6301427531430938,5.608329719524344,1.8073165616861588
6.374249499666444,0.15826534264463737,0.04738436789001091,11.002814289546304,0.6305155656890942,5.6152611642559,1.7624274248505676
6.38425617078052,0.12374839119887472,0.04149067068360716,11.014463491086833,0.6308171205702345,5.621686121154417,0.5220399254665009
6.394262841894596,0.11385690427832952,0.04059211691032433,11.016768770782559,0.6310879671573864,5.6245296939701905,0.4529883069019911
6.404269513008672,0.10441592044544917,0.04056808798700205,11.018881721295113,0.6313383579183468,5.627307773929168,0.44080340101558246
6.414276184122748,0.09536805373799213,0.04054435148862508,11.020823913937509,0.6315688487335603,5.630029254471593,0.4289720981250617
6.424282855236824,0.08670173633080253,0.04052089954506623,11.022600398846878,0.6317800598471669,5.63269575825235,0.41749012503083355
6.4342895263509,0.07840553214137952,0.04049772599465341,11.024216173040724,0.6319726104087426,5.635308882053702,0.4063513910569142
6.444296197464976,0.07046823269055635,0.04047482523239861,11.025676141166016,0.6321471168607079,5.637870178980467,0.3955476646651774
6.454302868579052,0.06287891726454303,0.040452192707339046,11.026985091062437,0.6323041921934247,5.640381146949985,0.38506796713456776
6.4643095396931285,0.055627053890121916,0.040429825648685885,11.028147653204584,0.6324444453152364,5.642843208607052,0.3748976079361581
6.4743162108072045,0.04870261455878015,0.040407723760792366,11.02916825484074,0.6325684809036269,5.645257687699273,0.36501650651935064
6.484322881921281,0.04209630823994669,0.0403858906119597,11.03005102735392,0.6326768992464954,5.647625761126038,0.3553963248709168
6.494329553035357,0.035799873501000425,0.040364335980691196,11.03079969085502,0.6327702973044884,5.64994839715945,0.34599502364751755
6.504336224149433,0.02980661069219326,0.040343080580405866,11.031417344330698,0.63284927069303,5.652226243025407,0.33674614520297186
6.514342895263509,0.024112413630940695,0.040322165502625296,11.031906058694592,0.6329144173439449,5.654459407193892,0.3275358673160013
6.524349566377585,0.018717842831531332,0.04030167454599092,11.03226605920255,0.6329663451346986,5.6566470215414615,0.3181480496069091
6.534356237491661,0.013632983839321475,0.0402817937910017,11.032493807874424,0.63300568747925,5.658786218164753,0.3081121635761382
6.544362908605737,0.00889094007142819,0.04026300760397377,11.032576672796894,0.6330331396808024,5.660869296309548,0.2961852221179645
6.554369579719813,0.004596576994491815,0.04024697524952803,11.032473649490218,0.6330495615757405,5.662873523035357,0.27794482905616624
6.564376250833889,0.0011850659547774816,0.04024220712702763,11.032013003178411,0.6330563822646765,5.6647072072732305,0.22983942465237867
6.574382921947965,3.559551659104369e-05,0.040253621663873654,11.030649866459077,0.6330573587430309,5.6660807204058745,0.1496028795279673
6.584389593062041,3.5824129761953827e-07,0.04024114176072292,11.028843567317304,0.6330573777994648,5.667225204107413,0.1442895852916673
6.594396264176117,4.0494183188530275e-09,0.04022669249615203,11.027023397850137,0.6330573779877183,5.668362506699523,0.14423457029645276
6.604402935290193,2.2896751327528552e-10,0.040212231070016716,11.025203085581666,0.6330573779897454,5.669499739338188,0.14423425267769927
6.614409606404269,-2.7460401819826538e-11,0.040197778106687995,11.023382768376816,0.633057377989883,5.67063697344194,0.14423449143964004
6.624416277518345,4.599285815048072e-11,0.04018333381131766,11.021562447522847,0.6330573779898443,5.671774209675556,0.14423478155920194
6.634422948632421,4.1871902651452165e-11,0.040168898203093474,11.019742123184152,0.6330573779898465,5.672911448121452,0.14423505941003095
6.644429619746497,-5.4530823962513004e-11,0.040154471263236936,11.017921795368558,0.6330573779898978,5.674048688781448,0.1442353226645666
6.654436290860573,-6.031046885962588e-11,0.040140055893800534,11.016101460979696,0.6330573779899009,5.675185933506893,0.1442356074390777
6.6644429619746495,-6.031046885962588e-11,0.04012564374533427,11.014281124231351,0.6330573779899009,5.676323179703786,0.14423587899645982
6.6744496330887255,-6.031046885962588e-11,0.04011124546727891,11.012460781818064,0.6330573779899009,5.677460429439824,0.14423616383287652
6.684456304202802,-6.031046885962588e-11,0.040096856231548274,11.010640433996938,0.6330573779899009,5.678597682554381,0.14423644958486279
6.694462975316878,-6.031046885962588e-11,0.0400824871759214,11.008820073901942,0.6330573779899009,5.679734943336976,0.14423676502541813
6.704469646430954,-6.031046885962588e-11,0.04006811812029453,11.006999713806946,0.6330573779899009,5.680872204119572,0.14423705810126453
6.71447631754503,-6.031046885962588e-11,0.04005374906466767,11.00517935371195,0.6330573779899009,5.682009464902167,0.14423732880162016
6.724482988659106,-6.031046885962588e-11,0.040039380009040795,11.003358993616954,0.6330573779899009,5.683146725684763,0.14423757711569782
6.734489659773182,-6.031046885962588e-11,0.04002502391825747,11.001538628263216,0.6330573779899009,5.684283989752732,0.144237836506549
6.744496330887258,-6.031046885962588e-11,0.04001069783149739,10.999718250739372,0.6330573779899009,5.685421261423913,0.14423815102329127
6.754503002001334,-6.031046885962588e-11,0.03999637174473731,10.997897873215527,0.6330573779899009,5.686558533095093,0.14423844322369164
6.76450967311541,-6.031046885962588e-11,0.039982045657977236,10.996077495691683,0.6330573779899009,5.687695804766273,0.14423871309700745
6.774516344229486,-6.031046885962588e-11,0.039967719571217156,10.99425711816784,0.6330573779899009,5.6888330764374535,0.1442389606324907
6.784523015343562,-6.031046885962588e-11,0.03995340652690503,10.992436735342997,0.6330573779899009,5.6899703514204045,0.14423921957144015
6.794529686457638,-6.031046885962588e-11,0.03993912319388949,10.990616340442239,0.6330573779899009,5.691107633947723,0.14423953310623328
6.804536357571714,-6.031046885962588e-11,0.039924839860873945,10.988795945541483,0.6330573779899009,5.692244916475043,0.1442398243728192
6.81454302868579,-6.031046885962588e-11,0.0399105565278584,10.986975550640725,0.6330573779899009,5.693382199002362,0.1442400933604942
6.824549699799866,-6.031046885962588e-11,0.03989627319484286,10.98515515573997,0.6330573779899009,5.694519481529681,0.14424034005854935
6.834556370913942,-6.031046885962588e-11,0.03988200298831789,10.983334755496244,0.6330573779899009,5.695656767394992,0.14424059850415843
6.844563042028018,-6.031046885962588e-11,0.03986776221945169,10.981514343270302,0.6330573779899009,5.696794060746132,0.14424091106139203
6.854569713142094,-6.031046885962588e-11,0.03985352145058549,10.97969393104436,0.6330573779899009,5.697931354097274,0.1442412013983797
6.8645763842561704,-6.031046885962588e-11,0.03983928068171929,10.977873518818418,0.6330573779899009,5.6990686474484145,0.14424146950445654
6.8745830553702465,-6.031046885962588e-11,0.03982503991285309,10.976053106592476,0.6330573779899009,5.700205940799555,0.14424171536895236
6.8845897264843225,-6.031046885962588e-11,0.03981080297007131,10.974232694206759,0.6330573779899009,5.701343234250517,0.1442419488997181
6.894596397598399,-6.031046885962588e-11,0.039796582766869405,10.972412279201041,0.6330573779899009,5.702480529338309,0.14424220363059165
6.904603068712475,-6.031046885962588e-11,0.03978237520626062,10.970591860738477,0.6330573779899009,5.703617826585749,0.14424246900083418
6.914609739826551,-6.031046885962588e-11,0.039768180288244935,10.968771438819063,0.6330573779899009,5.704755125992834,0.1442427450450734
6.924616410940627,-6.031046885962588e-11,0.03975399801282236,10.966951013442806,0.6330573779899009,5.7058924275595695,0.14424303179795278
6.934623082054703,-6.031046885962588e-11,0.039739824944377965,10.96513058461434,0.6330573779899009,5.707029731283055,0.1442433203701505
6.944629753168779,-6.031046885962588e-11,0.03972565434976101,10.963310152342741,0.6330573779899009,5.708167037157618,0.14424359328668057
6.954636424282855,-6.031046885962588e-11,0.03971149229186136,10.961489716619836,0.6330573779899009,5.709304345188368,0.14424386630857497
6.964643095396931,-6.031046885962588e-11,0.03969733877067902,10.959669277445624,0.6330573779899009,5.710441655375305,0.14424413945581577
6.974649766511007,-6.031046885962588e-11,0.03968319378621398,10.957848834820103,0.6330573779899009,5.71157896771843,0.14424441274839786
6.984656437625083,-6.031046885962588e-11,0.03966905723453252,10.956028388751568,0.6330573779899009,5.71271628221256,0.14424468593557443
6.994663108739159,-6.031046885962588e-11,0.03965492891609896,10.954207939255934,0.6330573779899009,5.713853598847753,0.14424495851695107
7.004669779853235,-6.031046885962588e-11,0.039640809011549795,10.952387486318793,0.6330573779899009,5.71499091763301,0.14424523098247372
7.014676450967311,-6.031046885962588e-11,0.039626697520885025,10.950567029940142,0.6330573779899009,5.7161282385683325,0.14424550335174716
7.024683122081387,-6.031046885962588e-11,0.03961259444410467,10.948746570119985,0.6330573779899009,5.717265561653719,0.14424577564438862
7.034689793195463,-6.031046885962588e-11,0.03959849973539258,10.94692610686692,0.6330573779899009,5.718402886883798,0.1442460477602993
7.044696464309539,-6.031046885962588e-11,0.03958441330858291,10.945105640197115,0.6330573779899009,5.719540214248467,0.14424631949368216
7.054703135423615,-6.031046885962588e-11,0.03957033524210495,10.943285170095853,0.6330573779899009,5.720677543756922,0.14424659106886062
7.064709806537691,-6.031046885962588e-11,0.039556265535958715,10.941464696563134,0.6330573779899009,5.721814875409162,0.1442468625053098
7.0747164776517675,-6.031046885962588e-11,0.03954220419014419,10.939644219598959,0.6330573779899009,5.7229522092051885,0.1442471338225174
7.0847231487658435,-6.031046885962588e-11,0.03952815118012735,10.937823739212073,0.6330573779899009,5.724089545139535,0.14424740497563918
7.09472981987992,-6.031046885962588e-11,0.03951410646070812,10.936003255418592,0.6330573779899009,5.725226883202134,0.14424767586550127
7.104736490993996,-6.031046885962588e-11,0.03950007007325556,10.93418276820377,0.6330573779899009,5.7263642234022,0.14424794661997423
7.114743162108072,-6.031046885962588e-11,0.039486042017769694,10.932362277567602,0.6330573779899009,5.7275015657397335,0.14424821725849382
7.124749833222148,-6.031046885962588e-11,0.039472022294250515,10.930541783510092,0.6330573779899009,5.728638910214734,0.14424848780050822
7.134756504336224,-6.031046885962588e-11,0.03945801087062585,10.92872128604006,0.6330573779899009,5.7297762568216895,0.1442487581812244
7.1447631754503,-6.031046885962588e-11,0.039444007689012774,10.926900785173427,0.6330573779899009,5.730913605550654,0.1442490282678732
7.154769846564376,-6.031046885962588e-11,0.039430012802685495,10.92508028089554,0.6330573779899009,5.7320509564107835,0.14424929821969484
7.164776517678452,-6.031046885962588e-11,0.039416026211644015,10.923259773206397,0.6330573779899009,5.733188309402077,0.1442495680560553
7.174783188792528,-6.031046885962588e-11,0.03940204791588835,10.921439262106,0.6330573779899009,5.734325664524534,0.14424983779633269
7.184789859906604,-6.031046885962588e-11,0.03938807788351243,10.919618747603238,0.6330573779899009,5.735463021772603,0.14425010737590743
7.19479653102068,-6.031046885962588e-11,0.039374116058107846,10.917798229713817,0.6330573779899009,5.736600381136467,0.14425037666547372
7.204803202134756,-6.031046885962588e-11,0.03936016249188746,10.915977708423199,0.6330573779899009,5.737737742625216,0.14425064582173358
7.214809873248832,-6.031046885962588e-11,0.039346217184851276,10.91415718373138,0.6330573779899009,5.738875106238845,0.14425091486398464
7.224816544362908,-6.031046885962588e-11,0.03933228013699928,10.912336655638365,0.6330573779899009,5.740012471977355,0.14425118381153693
7.234823215476984,-6.031046885962588e-11,0.039318351315906906,10.910516124153094,0.6330573779899009,5.74114983983516,0.14425145259814456
7.24482988659106,-6.031046885962588e-11,0.03930443066541905,10.90869558929106,0.6330573779899009,5.74228720980258,0.14425172109476483
7.254836557705136,-6.031046885962588e-11,0.039290518237814764,10.906875051037842,0.6330573779899009,5.743424581888626,0.14425198945851558
7.264843228819212,-6.031046885962588e-11,0.039276614033094036,10.905054509393437,0.6330573779899009,5.744561956093299,0.14425225770862515
7.2748498999332885,-6.031046885962588e-11,0.03926271805125689,10.903233964357849,0.6330573779899009,5.745699332416596,0.14425252586433407
7.2848565710473645,-6.031046885962588e-11,0.03924883025982042,10.901413415940075,0.6330573779899009,5.746836710852897,0.1442527938589776
7.2948632421614406,-6.031046885962588e-11,0.03923495060367767,10.899592864155387,0.6330573779899009,5.74797409139266,0.14425306156587825
7.304869913275517,-6.031046885962588e-11,0.03922107913443328,10.897772308989486,0.6330573779899009,5.749111474044819,0.1442533291406173
7.314876584389593,-6.031046885962588e-11,0.03920721585208727,10.89595175044237,0.6330573779899009,5.750248858809375,0.1442535966023547
7.324883255503669,-6.031046885962588e-11,0.03919336075663964,10.894131188514041,0.6330573779899009,5.751386245686326,0.14425386397026244
7.334889926617745,-6.031046885962588e-11,0.03917951383278856,10.892310623207909,0.6330573779899009,5.752523634673543,0.1442541312229761
7.344896597731821,-6.031046885962588e-11,0.03916567504554889,10.890490054531908,0.6330573779899009,5.7536610257660685,0.14425439828688366
7.354903268845897,-6.031046885962588e-11,0.03915184440477592,10.88866948248422,0.6330573779899009,5.754798418965039,0.14425466520714436
7.364909939959973,-6.031046885962588e-11,0.039138021898413464,10.886848907067922,0.6330573779899009,5.755935814268532,0.14425493197083372
7.374916611074049,-6.031046885962588e-11,0.03912420751440534,10.885028328286088,0.6330573779899009,5.757073211674625,0.1442551985649811
7.384923282188125,-6.031046885962588e-11,0.039110401242246594,10.883207746140508,0.6330573779899009,5.758210611182203,0.14425546498070946
7.394929953302201,-6.031046885962588e-11,0.03909660307310045,10.881387160631581,0.6330573779899009,5.759348012791014,0.1442557312135561
7.404936624416277,-6.031046885962588e-11,0.03908281299323752,10.879566571763775,0.6330573779899009,5.760485416498268,0.14425599724596147
7.414943295530353,-6.031046885962588e-11,0.03906903099109005,10.877745979539757,0.6330573779899009,5.761622822302297,0.14425626306608758
7.424949966644429,-6.031046885962588e-11,0.039055257055090255,10.875925383962201,0.6330573779899009,5.762760230201435,0.14425652866205266
7.434956637758505,-6.031046885962588e-11,0.039041491194500316,10.874104785032317,0.6330573779899009,5.763897640194921,0.14425679407731548
7.444963308872581,-6.031046885962588e-11,0.03902773344021787,10.872284182749798,0.6330573779899009,5.765035052282949,0.14425705941294326
7.454969979986657,-6.031046885962588e-11,0.03901398375855727,10.870463577118864,0.6330573779899009,5.766172466462882,0.14425732459829013
7.464976651100733,-6.031046885962588e-11,0.039000242144440436,10.868642968141735,0.6330573779899009,5.7673098827333344,0.1442575896387271
7.474983322214809,-6.031046885962588e-11,0.03898650859278929,10.866822355820622,0.6330573779899009,5.768447301092925,0.14425785453961262
7.4849899933288855,-6.031046885962588e-11,0.03897278310007647,10.865001740157014,0.6330573779899009,5.769584721540719,0.14425811931043767
7.4949966644429615,-6.031046885962588e-11,0.03895906566432938,10.863181121151676,0.6330573779899009,5.7707221440762435,0.14425838396484603
7.505003335557038,-6.031046885962588e-11,0.03894535627884894,10.861360498807583,0.6330573779899009,5.771859568697639,0.14425864850383874
7.515010006671114,-6.031046885962588e-11,0.03893165493903515,10.859539873126725,0.6330573779899009,5.772996995403662,0.14425891293401497
7.52501667778519,-6.031046885962588e-11,0.03891796164028805,10.857719244111095,0.6330573779899009,5.774134424193067,0.14425917726196358
7.535023348899266,-6.031046885962588e-11,0.03890427636216971,10.85589861176246,0.6330573779899009,5.775271855064748,0.1442594414519884
7.545030020013342,-6.031046885962588e-11,0.038890599068922914,10.854077976082378,0.6330573779899009,5.776409288017735,0.14425970542739727
7.555036691127418,-6.031046885962588e-11,0.03887692977224745,10.852257337073071,0.6330573779899009,5.777546723050638,0.14425996923812504
7.565043362241494,-6.031046885962588e-11,0.03886326846271076,10.850436694736462,0.6330573779899009,5.778684160162259,0.144260232877692
7.57505003335557,-6.031046885962588e-11,0.038849615130880234,10.848616049074472,0.6330573779899009,5.779821599351392,0.1442604963395842
7.585056704469646,-6.031046885962588e-11,0.038835969769293245,10.84679540008902,0.6330573779899009,5.7809590406168425,0.1442607596225251
7.595063375583722,-6.031046885962588e-11,0.03882233237232428,10.844974747782002,0.6330573779899009,5.7820964839574245,0.14426102273013194
7.605070046697798,-6.031046885962588e-11,0.03880870292854462,10.843154092155357,0.6330573779899009,5.783233929371925,0.14426128565046478
7.615076717811874,-6.031046885962588e-11,0.03879508142911661,10.841333433211005,0.6330573779899009,5.784371376859148,0.14426154837848285
7.62508338892595,-6.031046885962588e-11,0.03878146786520261,10.839512770950867,0.6330573779899009,5.7855088264178915,0.1442618109091144
7.635090060040026,-6.031046885962588e-11,0.03876786224217448,10.83769210537689,0.6330573779899009,5.786646278046937,0.14426207327536
7.645096731154102,-6.031046885962588e-11,0.03875426457817069,10.835871436491049,0.6330573779899009,5.787783731745057,0.1442623355445081
7.655103402268178,-6.031046885962588e-11,0.038740674850177056,10.834050764295231,0.6330573779899009,5.788921187511065,0.14426259767349411
7.665110073382254,-6.031046885962588e-11,0.03872709305360373,10.83223008879137,0.6330573779899009,5.790058645343757,0.14426285966862648
7.67511674449633,-6.031046885962588e-11,0.03871351918386086,10.830409409981394,0.6330573779899009,5.791196105241929,0.1442631215362034
7.685123415610407,-6.031046885962588e-11,0.038699953232999386,10.82858872786722,0.6330573779899009,5.79233356720438,0.14426338327348423
7.695130086724483,-6.031046885962588e-11,0.03868639519016454,10.826768042450766,0.6330573779899009,5.793471031229914,0.14426364486988916
7.7051367578385594,-6.031046885962588e-11,0.03867284505406644,10.82494735373397,0.6330573779899009,5.794608497317322,0.14426390634052677
7.7151434289526355,-6.031046885962588e-11,0.03865930281912114,10.823126661718755,0.6330573779899009,5.795745965465398,0.14426416768895511
7.7251501000667115,-6.031046885962588e-11,0.03864576847974467,10.821305966407046,0.6330573779899009,5.796883435672943,0.14426442891871694
7.735156771180788,-6.031046885962588e-11,0.03863224200521617,10.819485267803879,0.6330573779899009,5.798020907936811,0.14426468996556616
7.745163442294864,-6.031046885962588e-11,0.038618723356767665,10.817664565914795,0.6330573779899009,5.799158382253539,0.1442649507434235
7.75517011340894,-6.031046885962588e-11,0.03860521256929368,10.815843860735516,0.6330573779899009,5.800295858625797,0.14426521136483283
7.765176784523016,-6.031046885962588e-11,0.038591709642794216,10.814023152266051,0.6330573779899009,5.801433337053585,0.14426547184831096
7.775183455637092,-6.031046885962588e-11,0.03857821457726929,10.812202440506391,0.6330573779899009,5.802570817536903,0.1442657322123866
7.785190126751168,-6.031046885962588e-11,0.03856472735183124,10.810381725463941,0.6330573779899009,5.803708300071131,0.14426599241905994
7.795196797865244,-6.031046885962588e-11,0.038551247937706576,10.808561007148885,0.6330573779899009,5.804845784649901,0.14426625240888608
7.80520346897932,-6.031046885962588e-11,0.038537776363622475,10.806740285551053,0.6330573779899009,5.805983271279569,0.14426651227807824
7.815210140093396,-6.031046885962588e-11,0.038524312629578915,10.804919560670442,0.6330573779899009,5.807120759960136,0.1442667720451354
7.825216811207472,-6.031046885962588e-11,0.038510856735575895,10.803098832507056,0.6330573779899009,5.808258250691601,0.14426703172856817
7.835223482321548,-6.031046885962588e-11,0.03849740864489985,10.801278101069741,0.6330573779899009,5.809395743468435,0.14426729124738125
7.845230153435624,-6.031046885962588e-11,0.03848396830803339,10.799457366370445,0.6330573779899009,5.810533238283177,0.14426755048569076
7.8552368245497,-6.031046885962588e-11,0.03847053577476211,10.797636628397159,0.6330573779899009,5.811670735143327,0.1442678095968003
7.865243495663776,-6.031046885962588e-11,0.03845711104508601,10.795815887149883,0.6330573779899009,5.812808234048886,0.14426806859913427
7.875250166777852,-6.031046885962588e-11,0.03844369411900509,10.793995142628617,0.6330573779899009,5.813945734999853,0.1442683275111284
7.885256837891928,-6.031046885962588e-11,0.03843028496536517,10.792174394842752,0.6330573779899009,5.815083237990364,0.14426858626655567
7.895263509006004,-6.031046885962588e-11,0.038416883543028135,10.790353643804679,0.6330573779899009,5.816220743012673,0.14426884477190166
7.90527018012008,-6.031046885962588e-11,0.03840348989365113,10.788532889501845,0.6330573779899009,5.8173582500746255,0.14426910315869554
7.9152768512341565,-6.031046885962588e-11,0.038390104017234174,10.786712131934255,0.6330573779899009,5.818495759176218,0.1442693614453078
7.9252835223482325,-6.031046885962588e-11,0.038376725913777256,10.784891371101907,0.6330573779899009,5.819633270317453,0.14426961965012022
7.935290193462309,-6.031046885962588e-11,0.0383633555451395,10.783070607014388,0.6330573779899009,5.820770783492339,0.14426987768766936
7.945296864576385,-6.031046885962588e-11,0.03834999286201691,10.781249839684095,0.6330573779899009,5.821908298693131,0.14427013544190748
7.955303535690461,-6.031046885962588e-11,0.03833663791469946,10.779429069098384,0.6330573779899009,5.823045815927729,0.14427039306799314
7.965310206804537,-6.031046885962588e-11,0.03832329070318717,10.777608295257256,0.6330573779899009,5.824183335196133,0.1442706505842186
7.975316877918613,-6.031046885962588e-11,0.03830995122748002,10.77578751816071,0.6330573779899009,5.825320856498342,0.14427090800888778
7.985323549032689,-6.031046885962588e-11,0.038296619454802276,10.773966737818444,0.6330573779899009,5.826458379828299,0.1442711652708398
7.995330220146765,-6.031046885962588e-11,0.03828329534368037,10.772145954242726,0.6330573779899009,5.827595905178338,0.14427142227501114
8.005336891260841,-6.031046885962588e-11,0.03826997893673117,10.770325167420951,0.6330573779899009,5.828733432556336,0.1442716791559142
8.015343562374916,-6.031046885962588e-11,0.03825667023395464,10.768504377353116,0.6330573779899009,5.829870961962293,0.144271935931783
8.025350233488993,-6.031046885962588e-11,0.03824336923535081,10.766683584039223,0.6330573779899009,5.831008493396208,0.144272192620863
8.035356904603068,-6.031046885962588e-11,0.038230075906372236,10.764862787489031,0.6330573779899009,5.832146026851984,0.14427244914689774
8.045363575717145,-6.031046885962588e-11,0.03821679020423087,10.763041987714635,0.6330573779899009,5.833283562322066,0.1442727054109199
8.05537024683122,-6.031046885962588e-11,0.03820351217322648,10.761221184703514,0.6330573779899009,5.834421099814275,0.14427296155222769
8.065376917945297,-6.031046885962588e-11,0.03819024181335907,10.75940037845567,0.6330573779899009,5.835558639328611,0.1442732175889914
8.075383589059372,-6.031046885962588e-11,0.038176979124628634,10.7575795689711,0.6330573779899009,5.836696180865075,0.14427347353939263
8.08539026017345,-6.031046885962588e-11,0.038163724072415604,10.755758756259622,0.6330573779899009,5.837833724417534,0.14427372932670246
8.095396931287524,-6.031046885962588e-11,0.03815047661475601,10.753937940333138,0.6330573779899009,5.838971269978551,0.14427398485388854
8.105403602401601,-6.031046885962588e-11,0.0381372367954307,10.752117121179227,0.6330573779899009,5.840108817555887,0.1442742402590341
8.115410273515677,-6.031046885962588e-11,0.038124004614439676,10.750296298797895,0.6330573779899009,5.841246367149538,0.144274495560246
8.125416944629754,-6.031046885962588e-11,0.03811078007178292,10.748475473189139,0.6330573779899009,5.842383918759506,0.1442747507756422
8.135423615743829,-6.031046885962588e-11,0.03809756313268819,10.746654644362827,0.6330573779899009,5.843521472379626,0.14427500582780034
8.145430286857906,-6.031046885962588e-11,0.038084353755908504,10.744833812330658,0.6330573779899009,5.844659028002588,0.1442752606213394
8.15543695797198,-6.031046885962588e-11,0.038071151984813915,10.74301297708033,0.6330573779899009,5.845796585636079,0.14427551529341764
8.165443629086058,-6.031046885962588e-11,0.03805795781940443,10.74119213861184,0.6330573779899009,5.846934145280101,0.14427576986207882
8.175450300200133,-6.031046885962588e-11,0.03804477125968005,10.739371296925192,0.6330573779899009,5.84807170693465,0.14427602434537784
8.18545697131421,-6.031046885962588e-11,0.03803159228916806,10.73755045202414,0.6330573779899009,5.849209270597383,0.14427627871603305
8.195463642428285,-6.031046885962588e-11,0.038018420879489284,10.735729603915306,0.6330573779899009,5.850346836264159,0.14427653291389844
8.205470313542362,-6.031046885962588e-11,0.03800525703817793,10.733908752597328,0.6330573779899009,5.851484403935835,0.1442767869776509
8.215476984656437,-6.031046885962588e-11,0.037992100754293205,10.73208789807306,0.6330573779899009,5.852621973610624,0.14427704089508725
8.225483655770514,-6.031046885962588e-11,0.03797895201689435,10.730267040345362,0.6330573779899009,5.853759545286739,0.14427729465396227
8.23549032688459,-6.031046885962588e-11,0.0379658108166346,10.728446179415675,0.6330573779899009,5.85489711896328,0.14427754824640748
8.245496997998666,-6.031046885962588e-11,0.037952677145017544,10.726625315284686,0.6330573779899009,5.856034694639819,0.14427780166687804
8.255503669112741,-6.031046885962588e-11,0.037939550989778546,10.724804447956426,0.6330573779899009,5.857172272313835,0.1442780548993434
8.265510340226818,-6.031046885962588e-11,0.037926432340401106,10.722983577433386,0.6330573779899009,5.858309851983776,0.14427830793257673
8.275517011340893,-6.031046885962588e-11,0.037913321186368684,10.721162703718036,0.6330573779899009,5.8594474336480955,0.1442785607553109
8.28552368245497,-6.031046885962588e-11,0.03790021753962489,10.71934182681126,0.6330573779899009,5.860585017306242,0.144278813418273
8.295530353569045,-6.031046885962588e-11,0.03788712142348432,10.717520946713126,0.6330573779899009,5.861722602958171,0.14427906600367954
8.305537024683122,-6.031046885962588e-11,0.03787403280905696,10.71570006342743,0.6330573779899009,5.862860190601517,0.14427931844955677
8.315543695797198,-6.031046885962588e-11,0.03786095169174935,10.713879176956226,0.6330573779899009,5.863997780234993,0.14427957076099635
8.325550366911274,-6.031046885962588e-11,0.037847878066968016,10.712058287301572,0.6330573779899009,5.8651353718573125,0.14427982294307842
8.33555703802535,-6.031046885962588e-11,0.03783481193215545,10.710237394464734,0.6330573779899009,5.866272965467683,0.14428007500652032
8.345563709139427,-6.031046885962588e-11,0.03782175328573047,10.7084164984466,0.6330573779899009,5.867410561065555,0.14428032696474816
8.355570380253502,-6.031046885962588e-11,0.03780870212145902,10.706595599249862,0.6330573779899009,5.868548158649243,0.14428057881827067
8.365577051367579,-6.031046885962588e-11,0.0377956584352797,10.704774696876378,0.6330573779899009,5.869685758217588,0.1442808305736127
8.375583722481654,-6.031046885962588e-11,0.03778262222313104,10.702953791327994,0.6330573779899009,5.870823359769434,0.14428108223729064
8.38559039359573,-6.031046885962588e-11,0.037769593446309535,10.701132882609551,0.6330573779899009,5.87196096330176,0.14428133371969723
8.395597064709806,-6.031046885962588e-11,0.037756572065649585,10.699311970725299,0.6330573779899009,5.873098568811909,0.14428158492977713
8.405603735823883,-6.031046885962588e-11,0.037743558121413105,10.697491055671792,0.6330573779899009,5.874236176302034,0.14428183599687672
8.415610406937958,-6.031046885962588e-11,0.03773055161360012,10.69567013744903,0.6330573779899009,5.875373785772134,0.1442820869386965
8.425617078052035,-6.031046885962588e-11,0.0377175525422106,10.693849216057014,0.6330573779899009,5.87651139722221,0.14428233777294783
8.43562374916611,-6.031046885962588e-11,0.03770456088196084,10.692028291503512,0.6330573779899009,5.877649010647407,0.14428258844693742
8.445630420280187,-6.031046885962588e-11,0.037691576606574115,10.690207363796599,0.6330573779899009,5.878786626042684,0.1442828389050922
8.455637091394262,-6.031046885962588e-11,0.03767859974509832,10.688386432927349,0.6330573779899009,5.879924243413614,0.1442830892459372
8.46564376250834,-6.031046885962588e-11,0.03766563029753347,10.68656549889576,0.6330573779899009,5.881061862760198,0.14428333948714486
8.475650433622414,-6.031046885962588e-11,0.03765266826387956,10.684744561701837,0.6330573779899009,5.882199484082436,0.14428358964639845
8.485657104736491,-6.031046885962588e-11,0.0376397136078783,10.682923621354961,0.6330573779899009,5.883337107374467,0.144283839640225
8.495663775850566,-6.031046885962588e-11,0.037626766292686034,10.681102677864667,0.6330573779899009,5.88447473263033,0.14428408938335086
8.505670446964643,-6.031046885962588e-11,0.03761382635939739,10.67928173122032,0.6330573779899009,5.885612359856672,0.14428433900798524
8.515677118078719,-6.031046885962588e-11,0.03760089380801236,10.67746078142192,0.6330573779899009,5.8867499890534924,0.14428458853173703
8.525683789192795,-6.031046885962588e-11,0.03758796863853097,10.67563982846947,0.6330573779899009,5.887887620220792,0.14428483797222633
8.53569046030687,-6.031046885962588e-11,0.03757505081607454,10.673818872372927,0.6330573779899009,5.889025253352346,0.14428508724953368
8.545697131420948,-6.031046885962588e-11,0.0375621403059952,10.671997913142189,0.6330573779899009,5.890162888441973,0.1442853362842256
8.555703802535023,-6.031046885962588e-11,0.0375492371472922,10.670176950766116,0.6330573779899009,5.891300525496631,0.1442855852028688
8.5657104736491,-6.031046885962588e-11,0.037536341339965515,10.668355985244709,0.6330573779899009,5.892438164516321,0.14428583402301395
8.575717144763175,-6.031046885962588e-11,0.037523452884015165,10.66653501657797,0.6330573779899009,5.893575805501041,0.14428608276222266
8.585723815877252,-6.031046885962588e-11,0.03751057174332634,10.664714044776082,0.6330573779899009,5.894713448444431,0.14428633133684127
8.595730486991327,-6.031046885962588e-11,0.037497697882832456,10.662893069848929,0.6330573779899009,5.8958510933403145,0.14428657966598915
8.605737158105404,-6.031046885962588e-11,0.037484831342372835,10.66107209178528,0.6330573779899009,5.896988740195708,0.14428682787876126
8.615743829219479,-6.031046885962588e-11,0.037471972121947486,10.659251110585135,0.6330573779899009,5.89812638901061,0.14428707599264684
8.625750500333556,-6.031046885962588e-11,0.0374591202215564,10.657430126248494,0.6330573779899009,5.899264039785024,0.1442873240251456
8.635757171447631,-6.031046885962588e-11,0.037446275605470696,10.655609138785643,0.6330573779899009,5.90040169251252,0.14428757189340072
8.645763842561708,-6.031046885962588e-11,0.03743343823978664,10.653788148206345,0.6330573779899009,5.9015393471870015,0.1442878195195197
8.655770513675783,-6.031046885962588e-11,0.03742060816338988,10.651967154499403,0.6330573779899009,5.902677003815462,0.144288067030109
8.66577718478986,-6.031046885962588e-11,0.037407785376280395,10.65014615766482,0.6330573779899009,5.903814662397902,0.14428831444259807
8.675783855903935,-6.031046885962588e-11,0.0373949698784582,10.64832515770259,0.6330573779899009,5.904952322934323,0.14428856177442695
8.685790527018012,-6.031046885962588e-11,0.03738216165290696,10.646504154616661,0.6330573779899009,5.906089985422259,0.14428880899515967
8.695797198132087,-6.031046885962588e-11,0.03736936067478436,10.644683148412938,0.6330573779899009,5.907227649858022,0.14428905605225087
8.705803869246164,-6.031046885962588e-11,0.037356566950405797,10.64286213909029,0.6330573779899009,5.908365316242316,0.14428930298079995
8.71581054036024,-6.031046885962588e-11,0.037343780469459194,10.64104112665146,0.6330573779899009,5.90950298457343,0.1442895497690935
8.725817211474316,-6.031046885962588e-11,0.03733100122163242,10.639220111099176,0.6330573779899009,5.910640654849659,0.14428979640537834
8.735823882588392,-6.031046885962588e-11,0.03731822919845194,10.637399092434705,0.6330573779899009,5.91177832707021,0.14429004288306702
8.745830553702469,-6.031046885962588e-11,0.037305464391959524,10.635578070658894,0.6330573779899009,5.912916001234554,0.14429028919700107
8.755837224816544,-6.031046885962588e-11,0.03729270679052966,10.633757045775534,0.6330573779899009,5.914053677340327,0.14429053533159988
8.76584389593062,-6.031046885962588e-11,0.03727995638429787,10.631936017786993,0.6330573779899009,5.915191355386044,0.1442907812762295
8.775850567044696,-6.031046885962588e-11,0.03726721316339966,10.630114986695652,0.6330573779899009,5.916329035370219,0.1442910270202176
8.785857238158773,-6.031046885962588e-11,0.037254477140694096,10.628293952502215,0.6330573779899009,5.917466717292413,0.14429127261700989
8.795863909272848,-6.031046885962588e-11,0.03724174833488323,10.626472915206962,0.6330573779899009,5.918604401152451,0.14429151813662966
8.805870580386925,-6.031046885962588e-11,0.03722902672011089,10.624651874813443,0.6330573779899009,5.919742086948117,0.1442917635232912
8.815877251501,-6.031046885962588e-11,0.037216312291997934,10.622830831323629,0.6330573779899009,5.920879774678175,0.14429200878180756
8.825883922615077,-6.031046885962588e-11,0.037203605046165225,10.621009784739494,0.6330573779899009,5.922017464341396,0.14429225391698103
8.835890593729152,-6.031046885962588e-11,0.037190904979169846,10.619188735062181,0.6330573779899009,5.923155155937064,0.14429249893626678
8.845897264843229,-6.031046885962588e-11,0.03717821208778825,10.61736768229264,0.6330573779899009,5.924292849464585,0.14429274384773813
8.855903935957304,-6.031046885962588e-11,0.03716552636699223,10.615546626433416,0.6330573779899009,5.92543054492237,0.14429298865432313
8.865910607071381,-6.031046885962588e-11,0.03715284781262671,10.613725567486288,0.6330573779899009,5.926568242309309,0.14429323336142336
8.875917278185456,-6.031046885962588e-11,0.03714017642053663,10.61190450545303,0.6330573779899009,5.927705941624293,0.1442934779744305
8.885923949299533,-6.031046885962588e-11,0.037127512167608435,10.610083440335158,0.6330573779899009,5.92884364286637,0.1442937224449994
8.895930620413608,-6.031046885962588e-11,0.03711485502671373,10.608262372134147,0.6330573779899009,5.929981346034626,0.1442939667132989
8.905937291527685,-6.031046885962588e-11,0.037102205006644566,10.606441300851943,0.6330573779899009,5.93111905112784,0.14429421082125815
8.91594396264176,-6.031046885962588e-11,0.037089562098746365,10.604620226490258,0.6330573779899009,5.932256758144946,0.1442944547613536
8.925950633755837,-6.031046885962588e-11,0.03707692629436452,10.602799149050806,0.6330573779899009,5.933394467084869,0.14429469852602922
8.935957304869913,-6.031046885962588e-11,0.037064297599622244,10.600978068535305,0.6330573779899009,5.934532177946541,0.14429494214967073
8.94596397598399,-6.031046885962588e-11,0.037051676023444384,10.599156984945463,0.6330573779899009,5.9356698907288905,0.1442951856746656
8.955970647098065,-6.031046885962588e-11,0.03703906154723489,10.597335898282994,0.6330573779899009,5.936807605430847,0.14429542906521883
8.965977318212142,-6.031046885962588e-11,0.037026454165817145,10.595514808549616,0.6330573779899009,5.937945322051339,0.14429567232361984
8.975983989326217,-6.031046885962588e-11,0.037013853874014555,10.59369371574704,0.6330573779899009,5.9390830405892965,0.1442959154521425
8.985990660440294,-6.031046885962588e-11,0.03700126066359874,10.591872619877002,0.6330573779899009,5.940220761043639,0.14429615844435842
8.995997331554369,-6.031046885962588e-11,0.0369886745258294,10.590051520941223,0.6330573779899009,5.941358483413285,0.14429640129235116
9.006004002668446,-6.031046885962588e-11,0.03697609545755234,10.588230418941409,0.6330573779899009,5.942496207697171,0.1442966440040865
9.016010673782521,-6.031046885962588e-11,0.03696352345287864,10.586409313879281,0.6330573779899009,5.943633933894222,0.14429688657973025
9.026017344896598,-6.031046885962588e-11,0.03695095850591944,10.584588205756557,0.6330573779899009,5.944771662003366,0.14429712901942957
9.036024016010673,-6.031046885962588e-11,0.03693840061081696,10.58276709457495,0.6330573779899009,5.945909392023532,0.14429737132340154
9.04603068712475,-6.031046885962588e-11,0.036925849761718005,10.58094598033617,0.6330573779899009,5.94704712395365,0.14429761349185766
9.056037358238825,-6.031046885962588e-11,0.036913305952713346,10.579124863041942,0.6330573779899009,5.948184857792644,0.14429785552483068
9.066044029352902,-6.031046885962588e-11,0.03690076917792131,10.577303742693978,0.6330573779899009,5.949322593539444,0.1442980974224133
9.076050700466977,-6.031046885962588e-11,0.03688823943146021,10.575482619293998,0.6330573779899009,5.950460331192976,0.1442983391846792
9.086057371581054,-6.031046885962588e-11,0.036875716707428126,10.573661492843698,0.6330573779899009,5.951598070752182,0.14429858081162583
9.09606404269513,-6.031046885962588e-11,0.03686320099992058,10.571840363344766,0.6330573779899009,5.9527358122160035,0.14429882230322452
9.106070713809206,-6.031046885962588e-11,0.03685069230306892,10.570019230798932,0.6330573779899009,5.953873555583361,0.14429906365952933
9.116077384923281,-6.031046885962588e-11,0.03683819061098682,10.56819809520791,0.6330573779899009,5.955011300853185,0.14429930488052525
9.126084056037358,-6.031046885962588e-11,0.03682569591778793,10.566376956573412,0.6330573779899009,5.956149048024406,0.14429954596617825
9.136090727151434,-6.031046885962588e-11,0.03681320821781174,10.564555814897117,0.6330573779899009,5.957286797095974,0.14429978691708323
9.14609739826551,-6.031046885962588e-11,0.03680072750542124,10.562734670180703,0.6330573779899009,5.95842454806684,0.14430002773388442
9.156104069379586,-6.031046885962588e-11,0.03678825377458703,10.560913522425905,0.6330573779899009,5.959562300935922,0.14430026841608223
9.166110740493663,-6.031046885962588e-11,0.03677578701947423,10.559092371634422,0.6330573779899009,5.9607000557021586,0.1443005089637159
9.176117411607738,-6.031046885962588e-11,0.03676332723424791,10.557271217807964,0.6330573779899009,5.961837812364481,0.14430074937680581
9.186124082721815,-6.031046885962588e-11,0.03675087441319476,10.555450060948196,0.6330573779899009,5.962975570921845,0.14430098965570343
9.19613075383589,-6.031046885962588e-11,0.036738428550611595,10.553628901056793,0.6330573779899009,5.96411333137321,0.14430122980077126
9.206137424949967,-6.031046885962588e-11,0.036725989640587646,10.551807738135476,0.6330573779899009,5.965251093717496,0.1443014698117559
9.216144096064042,-6.031046885962588e-11,0.03671355767731546,10.549986572185949,0.6330573779899009,5.966388857953644,0.14430170968868253
9.226150767178119,-6.031046885962588e-11,0.03670113265498758,10.548165403209902,0.6330573779899009,5.967526624080595,0.14430194943155758
9.236157438292194,-6.031046885962588e-11,0.036688714567949816,10.546344231209003,0.6330573779899009,5.968664392097306,0.14430218904081038
9.246164109406271,-6.031046885962588e-11,0.03667630341055763,10.544523056184914,0.6330573779899009,5.969802162002739,0.14430242851688027
9.256170780520346,-6.031046885962588e-11,0.03666389917690939,10.542701878139352,0.6330573779899009,5.970939933795822,0.14430266785944712
9.266177451634423,-6.031046885962588e-11,0.03665150186123196,10.54088069707401,0.6330573779899009,5.972077707475499,0.1443029070685424
9.276184122748498,-6.031046885962588e-11,0.03663911145775226,10.539059512990576,0.6330573779899009,5.973215483040713,0.1443031461441792
9.286190793862575,-6.031046885962588e-11,0.03662672796083327,10.537238325890705,0.6330573779899009,5.97435326049043,0.1443033850867449
9.29619746497665,-6.031046885962588e-11,0.03661435136484385,10.535417135776056,0.6330573779899009,5.975491039823614,0.14430362389662613
9.306204136090727,-6.031046885962588e-11,0.036601981663928494,10.53359594264834,0.6330573779899009,5.976628821039197,0.1443038625735428
9.316210807204802,-6.031046885962588e-11,0.03658961885234433,10.531774746509239,0.6330573779899009,5.977766604136129,0.14430410111752176
9.32621747831888,-6.031046885962588e-11,0.03657726292434851,10.529953547360437,0.6330573779899009,5.978904389113355,0.14430433952857125
9.336224149432955,-6.031046885962588e-11,0.03656491387434465,10.528132345203582,0.6330573779899009,5.980042175969847,0.14430457780710498
9.346230820547031,-6.031046885962588e-11,0.03655257169673981,10.52631114004033,0.6330573779899009,5.981179964704572,0.14430481595352887
9.356237491661107,-6.031046885962588e-11,0.036540236385703785,10.524489931872377,0.6330573779899009,5.982317755316466,0.1443050539675437
9.366244162775184,-6.031046885962588e-11,0.036527907935525995,10.522668720701402,0.6330573779899009,5.9834555478044855,0.14430529184917806
9.376250833889259,-6.031046885962588e-11,0.0365155863404959,10.52084750652908,0.6330573779899009,5.98459334216758,0.14430552959844203
9.386257505003336,-6.031046885962588e-11,0.036503271595044524,10.519026289357054,0.6330573779899009,5.985731138404724,0.1443057672157382
9.39626417611741,-6.031046885962588e-11,0.03649096369360347,10.517205069186973,0.6330573779899009,5.986868936514888,0.14430600470145283
9.406270847231488,-6.031046885962588e-11,0.036478662630378994,10.515383846020526,0.6330573779899009,5.9880067364970175,0.14430624205530054
9.416277518345563,-6.031046885962588e-11,0.03646636839969152,10.513562619859387,0.6330573779899009,5.989144538350066,0.14430647927730836
9.42628418945964,-6.031046885962588e-11,0.036454080995861476,10.51174139070522,0.6330573779899009,5.990282342072992,0.14430671636748515
9.436290860573715,-6.031046885962588e-11,0.03644180041335393,10.509920158559666,0.6330573779899009,5.991420147664772,0.144306953326242
9.446297531687792,-6.031046885962588e-11,0.03642952664663174,10.508098923424361,0.6330573779899009,5.992557955124384,0.14430719015396573
9.456304202801867,-6.031046885962588e-11,0.03641725968993163,10.506277685300994,0.6330573779899009,5.993695764450774,0.1443074268503678
9.466310873915944,-6.031046885962588e-11,0.03640499953760542,10.504456444191227,0.6330573779899009,5.994833575642902,0.1443076634154758
9.47631754503002,-6.031046885962588e-11,0.03639274618400495,10.502635200096721,0.6330573779899009,5.995971388699729,0.14430789984929906
9.486324216144096,-6.031046885962588e-11,0.03638049962357514,10.500813953019119,0.6330573779899009,5.997109203620233,0.14430813615210014
9.496330887258171,-6.031046885962588e-11,0.03636825985078291,10.49899270296006,0.6330573779899009,5.998247020403386,0.14430837232418753
9.506337558372248,-6.031046885962588e-11,0.036356026859961796,10.49717144992121,0.6330573779899009,5.999384839048148,0.14430860836546322
9.516344229486323,-6.031046885962588e-11,0.03634380064552528,10.495350193904214,0.6330573779899009,6.000522659553491,0.1443088442760443
9.5263509006004,-6.031046885962588e-11,0.03633158120189826,10.493528934910723,0.6330573779899009,6.001660481918385,0.14430908005606283
9.536357571714476,-6.031046885962588e-11,0.03631936852352562,10.491707672942384,0.6330573779899009,6.002798306141801,0.14430931570569133
9.546364242828552,-6.031046885962588e-11,0.03630716260486547,10.48988640800084,0.6330573779899009,6.00393613222271,0.1443095512251231
9.556370913942628,-6.031046885962588e-11,0.03629496344037492,10.488065140087736,0.6330573779899009,6.005073960160089,0.1443097866145308
9.566377585056705,-6.031046885962588e-11,0.036282771024529224,10.486243869204705,0.6330573779899009,6.0062117899529115,0.14431002187412215
9.57638425617078,-6.031046885962588e-11,0.036270585351815564,10.484422595353383,0.6330573779899009,6.00734962160016,0.14431025700412212
9.586390927284857,-6.031046885962588e-11,0.03625840641658225,10.48260131853542,0.6330573779899009,6.008487455100802,0.14431049200433205
9.596397598398932,-6.031046885962588e-11,0.03624623421316202,10.480780038752458,0.6330573779899009,6.009625290453813,0.1443107268744894
9.606404269513009,-6.031046885962588e-11,0.03623406873611566,10.47895875600613,0.6330573779899009,6.010763127658174,0.1443109616149803
9.616410940627084,-6.031046885962588e-11,0.0362219099798997,10.47713747029806,0.6330573779899009,6.011900966712864,0.1443111962258683
9.62641761174116,-6.031046885962588e-11,0.03620975793897438,10.475316181629887,0.6330573779899009,6.013038807616866,0.14431143070721006
9.636424282855236,-6.031046885962588e-11,0.03619761260782021,10.473494890003247,0.6330573779899009,6.014176650369154,0.14431166505910342
9.646430953969313,-6.031046885962588e-11,0.03618547398092404,10.471673595419775,0.6330573779899009,6.015314494968709,0.1443118992816472
9.656437625083388,-6.031046885962588e-11,0.036173342052753084,10.469852297881097,0.6330573779899009,6.016452341414515,0.14431213337486481
9.666444296197465,-6.031046885962588e-11,0.036161216817790845,10.468030997388844,0.6330573779899009,6.017590189705551,0.14431236733880973
9.67645096731154,-6.031046885962588e-11,0.03614909827052539,10.46620969394464,0.6330573779899009,6.018728039840804,0.14431260117353084
9.686457638425617,-6.031046885962588e-11,0.036136986405559866,10.464388387550112,0.6330573779899009,6.019865891819255,0.1443128348793968
9.696464309539692,-6.031046885962588e-11,0.036124881217517904,10.46256707820689,0.6330573779899009,6.021003745639889,0.14431306845681913
9.70647098065377,-6.031046885962588e-11,0.03611278270087491,10.460745765916595,0.6330573779899009,6.022141601301692,0.14431330190575714
9.716477651767844,-6.031046885962588e-11,0.03610069085019385,10.45892445068085,0.6330573779899009,6.023279458803652,0.14431353522640927
9.726484322881921,-6.031046885962588e-11,0.03608860566004823,10.457103132501276,0.6330573779899009,6.02441731814475,0.1443137684189874
9.736490993995996,-6.031046885962588e-11,0.03607652712488039,10.455281811379493,0.6330573779899009,6.025555179323983,0.14431400148330076
9.746497665110073,-6.031046885962588e-11,0.03606445523915887,10.453460487317109,0.6330573779899009,6.026693042340338,0.14431423441921723
9.756504336224149,-6.031046885962588e-11,0.03605238999755298,10.451639160315752,0.6330573779899009,6.027830907192803,0.14431446722717728
9.766511007338226,-6.031046885962588e-11,0.036040331394627916,10.449817830377038,0.6330573779899009,6.028968773880369,0.14431469990729798
9.7765176784523,-6.031046885962588e-11,0.036028279424948864,10.447996497502583,0.6330573779899009,6.03010664240202,0.1443149324596789
9.786524349566378,-6.031046885962588e-11,0.0360162340830593,10.44617516169399,0.6330573779899009,6.031244512756761,0.14431516488433835
9.796531020680453,-6.031046885962588e-11,0.03600419536350574,10.444353822952863,0.6330573779899009,6.032382384943589,0.14431539718128583
9.80653769179453,-6.031046885962588e-11,0.03599216326086474,10.442532481280827,0.6330573779899009,6.033520258961486,0.14431562935060127
9.816544362908605,-6.031046885962588e-11,0.035980137769696996,10.440711136679496,0.6330573779899009,6.034658134809446,0.14431586139230046
9.826551034022682,-6.031046885962588e-11,0.03596811888456323,10.438889789150487,0.6330573779899009,6.035796012486458,0.14431609330638173
9.836557705136757,-6.031046885962588e-11,0.03595610660019195,10.437068438695386,0.6330573779899009,6.0369338919915325,0.1443163250933215
9.846564376250834,-6.031046885962588e-11,0.035944100911284756,10.43524708531578,0.6330573779899009,6.038071773323674,0.14431655675349994
9.856571047364909,-6.031046885962588e-11,0.03593210181231653,10.433425729013305,0.6330573779899009,6.039209656481867,0.14431678828660935
9.866577718478986,-6.031046885962588e-11,0.03592010929788222,10.43160436978956,0.6330573779899009,6.0403475414651036,0.14431701969267938
9.876584389593061,-6.031046885962588e-11,0.035908123362576816,10.429783007646163,0.6330573779899009,6.04148542827238,0.14431725097172235
9.886591060707138,-6.031046885962588e-11,0.0358961440011156,10.427961642584687,0.6330573779899009,6.042623316902713,0.14431748212408932
9.896597731821213,-6.031046885962588e-11,0.03588417120819256,10.426140274606716,0.6330573779899009,6.043761207355112,0.14431771315005135
9.90660440293529,-6.031046885962588e-11,0.035872204978342,10.42431890371387,0.6330573779899009,6.044899099628562,0.14431794404938875
9.916611074049365,-6.031046885962588e-11,0.03586024530618332,10.422497529907757,0.6330573779899009,6.046036993722063,0.1443181748221164
9.926617745163442,-6.031046885962588e-11,0.035848292186335826,10.420676153189975,0.6330573779899009,6.047174889634613,0.14431840546823155
9.936624416277517,-6.031046885962588e-11,0.035836345613601536,10.418854773562094,0.6330573779899009,6.048312787365233,0.144318635988256
9.946631087391594,-6.031046885962588e-11,0.03582440558274696,10.41703339102569,0.6330573779899009,6.049450686912938,0.14431886638258987
9.95663775850567,-6.031046885962588e-11,0.03581247208830082,10.415212005582383,0.6330573779899009,6.050588588276716,0.14431909665090978
9.966644429619747,-6.031046885962588e-11,0.035800545124919224,10.413390617233768,0.6330573779899009,6.051726491455571,0.1443193267932531
9.976651100733822,-6.031046885962588e-11,0.03578862468725825,10.411569225981438,0.6330573779899009,6.0528643964485065,0.14431955680963962
9.986657771847899,-6.031046885962588e-11,0.0357767107700907,10.409747831826959,0.6330573779899009,6.054002303254545,0.14431978670041934
9.996664442961974,-6.031046885962588e-11,0.03576480336816481,10.407926434771902,0.6330573779899009,6.055140211872707,0.14432001646585216
10.00667111407605,-6.031046885962588e-11,0.035752902476079616,10.406105034817873,0.6330573779899009,6.056278122301985,0.1443202461057366
10.016677785190126,-6.031046885962588e-11,0.03574100808851451,10.404283631966463,0.6330573779899009,6.057416034541387,0.14432047562009312
10.026684456304203,-6.031046885962588e-11,0.035729120200148894,10.402462226219264,0.6330573779899009,6.05855394858992,0.14432070500892452
10.036691127418278,-6.031046885962588e-11,0.035717238805814414,10.400640817577829,0.6330573779899009,6.059691864446612,0.14432093427267043
10.046697798532355,-6.031046885962588e-11,0.03570536390030817,10.398819406043721,0.6330573779899009,6.060829782110486,0.144321163411651
10.05670446964643,-6.031046885962588e-11,0.0356934954782363,10.396997991618548,0.6330573779899009,6.061967701580537,0.14432139242559933
10.066711140760507,-6.031046885962588e-11,0.03568163353430838,10.395176574303893,0.6330573779899009,6.0631056228557805,0.14432162131454007
10.076717811874582,-6.031046885962588e-11,0.03566977806323397,10.393355154101334,0.6330573779899009,6.064243545935225,0.14432185007848033
10.086724482988659,-6.031046885962588e-11,0.03565792905986676,10.391533731012425,0.6330573779899009,6.065381470817904,0.1443220787178406
10.096731154102734,-6.031046885962588e-11,0.0356460865190254,10.389712305038723,0.6330573779899009,6.066519397502843,0.14432230723292025
10.106737825216811,-6.031046885962588e-11,0.0356342504353512,10.387890876181823,0.6330573779899009,6.067657325989043,0.14432253562347144
10.116744496330886,-6.031046885962588e-11,0.03562242080358208,10.386069444443306,0.6330573779899009,6.0687952562755205,0.14432276388951779
10.126751167444963,-6.031046885962588e-11,0.035610597618455954,10.384248009824743,0.6330573779899009,6.06993318836129,0.14432299203106583
10.136757838559038,-6.031046885962588e-11,0.03559878087485662,10.382426572327683,0.6330573779899009,6.07107112224539,0.14432322004854173
10.146764509673115,-6.031046885962588e-11,0.03558697056762995,10.380605131953674,0.6330573779899009,6.072209057926846,0.1443234479422414
10.15677118078719,-6.031046885962588e-11,0.035575166691445934,10.378783688704306,0.6330573779899009,6.07334699540467,0.1443236757119172
10.166777851901267,-6.031046885962588e-11,0.035563369241070966,10.376962242581152,0.6330573779899009,6.0744849346778755,0.1443239033575931
10.176784523015343,-6.031046885962588e-11,0.035551578211271466,10.375140793585784,0.6330573779899009,6.075622875745485,0.14432413087927573
10.18679119412942,-6.031046885962588e-11,0.035539793596958594,10.37331934171973,0.6330573779899009,6.0767608186065365,0.1443243582773892
10.196797865243495,-6.031046885962588e-11,0.035528015393003744,10.371497886984546,0.6330573779899009,6.077898763260066,0.14432458555222183
10.206804536357572,-6.031046885962588e-11,0.03551624359410686,10.36967642938181,0.6330573779899009,6.0790367097050835,0.14432481270353037
10.216811207471647,-6.031046885962588e-11,0.03550447819506246,10.367854968913091,0.6330573779899009,6.080174657940609,0.14432503973133842
10.226817878585724,-6.031046885962588e-11,0.03549271919066499,10.366033505579948,0.6330573779899009,6.08131260796567,0.1443252666356522
10.236824549699799,-6.031046885962588e-11,0.035480966575854284,10.364212039383911,0.6330573779899009,6.082450559779308,0.14432549341689824
10.246831220813876,-6.031046885962588e-11,0.035469220345527915,10.362390570326523,0.6330573779899009,6.083588513380562,0.1443257200753595
10.256837891927953,-6.031046885962588e-11,0.03545748049441471,10.360569098409362,0.6330573779899009,6.084726468768444,0.14432594661079468
10.266844563042028,-6.031046885962588e-11,0.03544574701733715,10.358747623633986,0.6330573779899009,6.085864425941982,0.1443261730232271
10.276851234156105,-6.031046885962588e-11,0.035434019909117695,10.356926146001948,0.6330573779899009,6.087002384900204,0.144326399312663
10.28685790527018,-6.031046885962588e-11,0.03542229916472402,10.355104665514776,0.6330573779899009,6.088140345642157,0.14432662547952943
10.296864576384257,-6.031046885962588e-11,0.035410584779079324,10.353283182174003,0.6330573779899009,6.089278308166883,0.14432685152410293
10.306871247498332,-6.031046885962588e-11,0.03539887674694154,10.3514616959812,0.6330573779899009,6.090416272473401,0.14432707744614545
10.316877918612409,-6.031046885962588e-11,0.03538717506316088,10.34964020693792,0.6330573779899009,6.0915542385607395,0.14432730324567977
10.326884589726484,-6.031046885962588e-11,0.035375479722587574,10.347818715045712,0.6330573779899009,6.092692206427931,0.14432752892271203
10.336891260840561,-6.031046885962588e-11,0.035363790720167,10.345997220306106,0.6330573779899009,6.093830176074022,0.14432775447751897
10.346897931954636,-6.031046885962588e-11,0.03535210805083771,10.344175722720635,0.6330573779899009,6.09496814749805,0.14432797991034002
10.356904603068713,-6.031046885962588e-11,0.03534043170943958,10.34235422229085,0.6330573779899009,6.096106120699049,0.14432820522110013
10.366911274182788,-6.031046885962588e-11,0.03532876169087854,10.340532719018293,0.6330573779899009,6.097244095676057,0.14432843040990706
10.376917945296865,-6.031046885962588e-11,0.03531709799007071,10.3387112129045,0.6330573779899009,6.098382072428113,0.14432865547688267
10.38692461641094,-6.031046885962588e-11,0.03530544060195145,10.336889703951005,0.6330573779899009,6.099520050954257,0.1443288804221904
10.396931287525017,-6.031046885962588e-11,0.03529378952146543,10.335068192159348,0.6330573779899009,6.100658031253529,0.1443291052460054
10.406937958639093,-6.031046885962588e-11,0.03528214474355791,10.333246677531058,0.6330573779899009,6.1017960133249725,0.1443293299484881
10.41694462975317,-6.031046885962588e-11,0.03527050626319002,10.331425160067662,0.6330573779899009,6.102933997167636,0.14432955452983082
10.426951300867245,-6.031046885962588e-11,0.03525887407533353,10.329603639770687,0.6330573779899009,6.104071982780561,0.14432977899024127
10.436957971981322,-6.031046885962588e-11,0.03524724817481725,10.327782116641671,0.6330573779899009,6.105209970162791,0.1443300033294783
10.446964643095397,-6.031046885962588e-11,0.035235628556498554,10.32596059068215,0.6330573779899009,6.106347959313365,0.1443302275473696
10.456971314209474,-6.031046885962588e-11,0.03522401521540571,10.324139061893643,0.6330573779899009,6.107485950231335,0.14433045164424457
10.466977985323549,-6.031046885962588e-11,0.03521240814648243,10.32231753027767,0.6330573779899009,6.108623942915747,0.1443306756201598
10.476984656437626,-6.031046885962588e-11,0.035200807344675705,10.320495995835756,0.6330573779899009,6.109761937365652,0.1443308994751655
10.486991327551701,-6.031046885962588e-11,0.03518921280495018,10.318674458569436,0.6330573779899009,6.110899933580093,0.1443311232093485
10.496997998665778,-6.031046885962588e-11,0.03517762452227181,10.316852918480228,0.6330573779899009,6.112037931558118,0.14433134682278345
10.507004669779853,-6.031046885962588e-11,0.03516604249159507,10.315031375569653,0.6330573779899009,6.113175931298776,0.14433157031549365
10.51701134089393,-6.031046885962588e-11,0.03515446670788649,10.31320982983923,0.6330573779899009,6.114313932801121,0.14433179368752258
10.527018012008005,-6.031046885962588e-11,0.03514289716611654,10.31138828129048,0.6330573779899009,6.1154519360642015,0.14433201693890904
10.537024683122082,-6.031046885962588e-11,0.03513133386137963,10.309566729924926,0.6330573779899009,6.116589941087068,0.14433224007005233
10.547031354236157,-6.031046885962588e-11,0.03511977678875642,10.307745175744074,0.6330573779899009,6.117727947868775,0.14433246308129402
10.557038025350234,-6.031046885962588e-11,0.0351082259432111,10.30592361874945,0.6330573779899009,6.118865956408373,0.14433268597260526
10.56704469646431,-6.031046885962588e-11,0.03509668131978432,10.304102058942565,0.6330573779899009,6.120003966704917,0.14433290874417357
10.577051367578386,-6.031046885962588e-11,0.03508514291352635,10.302280496324933,0.6330573779899009,6.12114197875746,0.1443331313961996
10.587058038692462,-6.031046885962588e-11,0.03507361071935235,10.300458930898062,0.6330573779899009,6.122279992565061,0.14433335392845612
10.597064709806538,-6.031046885962588e-11,0.035062084732241997,10.29863736266346,0.6330573779899009,6.123418008126778,0.14433357634089608
10.607071380920614,-6.031046885962588e-11,0.03505056494732269,10.296815791622642,0.6330573779899009,6.124556025441664,0.14433379863390575
10.61707805203469,-6.031046885962588e-11,0.03503905135963687,10.294994217777118,0.6330573779899009,6.125694044508776,0.14433402080759689
10.627084723148766,-6.031046885962588e-11,0.03502754396422701,10.2931726411284,0.6330573779899009,6.126832065327171,0.14433424286206506
10.637091394262843,-6.031046885962588e-11,0.035016042756093865,10.291351061677979,0.6330573779899009,6.127970087895914,0.14433446479726234
10.647098065376918,-6.031046885962588e-11,0.03500454773025528,10.289529479427355,0.6330573779899009,6.129108112214071,0.14433468661317664
10.657104736490995,-6.031046885962588e-11,0.03499305888177022,10.287707894378045,0.6330573779899009,6.130246138280692,0.1443349083099048
10.66711140760507,-6.031046885962588e-11,0.0349815762056736,10.285886306531557,0.6330573779899009,6.131384166094837,0.14433512988745392
10.677118078719147,-6.031046885962588e-11,0.03497009969700025,10.284064715889398,0.6330573779899009,6.132522195655562,0.1443353513458146
10.687124749833222,-6.031046885962588e-11,0.03495862935096952,10.28224312245305,0.6330573779899009,6.133660226961943,0.14433557268552624
10.697131420947299,-6.031046885962588e-11,0.03494716516272275,10.280421526223998,0.6330573779899009,6.134798260013052,0.1443357939068738
10.707138092061374,-6.031046885962588e-11,0.034935707127222736,10.278599927203764,0.6330573779899009,6.135936294807937,0.144336015009579
10.717144763175451,-6.031046885962588e-11,0.034924255239537697,10.276778325393847,0.6330573779899009,6.137074331345662,0.1443362359936706
10.727151434289526,-6.031046885962588e-11,0.034912809494735866,10.274956720795755,0.6330573779899009,6.138212369625287,0.14433645685916055
10.737158105403603,-6.031046885962588e-11,0.03490136988800493,10.273135113410952,0.6330573779899009,6.139350409645894,0.1443366776064117
10.747164776517678,-6.031046885962588e-11,0.034889936414480426,10.271313503240924,0.6330573779899009,6.140488451406558,0.14433689823561108
10.757171447631755,-6.031046885962588e-11,0.03487850906918468,10.269491890287181,0.6330573779899009,6.1416264949063315,0.14433711874658178
10.76717811874583,-6.031046885962588e-11,0.03486708784720736,10.267670274551225,0.6330573779899009,6.142764540144281,0.1443373391393375
10.777184789859907,-6.031046885962588e-11,0.03485567274363815,10.26584865603455,0.6330573779899009,6.14390258711947,0.14433755941387574
10.787191460973983,-6.031046885962588e-11,0.034844263753738475,10.264027034738614,0.6330573779899009,6.145040635830986,0.14433777957070612
10.79719813208806,-6.031046885962588e-11,0.03483286087269245,10.262205410664901,0.6330573779899009,6.146178686277906,0.14433799961008506
10.807204803202135,-6.031046885962588e-11,0.03482146409552484,10.260383783814916,0.6330573779899009,6.1473167384592875,0.1443382195317626
10.817211474316212,-6.031046885962588e-11,0.034810073417355945,10.258562154190153,0.6330573779899009,6.148454792374199,0.1443384393357666
10.827218145430287,-6.031046885962588e-11,0.0347986888333061,10.256740521792096,0.6330573779899009,6.14959284802171,0.14433865902210893
10.837224816544364,-6.031046885962588e-11,0.03478731033862083,10.254918886622207,0.6330573779899009,6.150730905400913,0.1443388785911714
10.847231487658439,-6.031046885962588e-11,0.03477593792848759,10.253097248681952,0.6330573779899009,6.151868964510883,0.1443390980431411
10.857238158772516,-6.031046885962588e-11,0.034764571597980166,10.25127560797284,0.6330573779899009,6.1530070253506866,0.14433931737783864
10.867244829886591,-6.031046885962588e-11,0.034753211342241054,10.24945396449635,0.6330573779899009,6.154145087919393,0.1443395365952804
10.877251501000668,-6.031046885962588e-11,0.03474185715641277,10.247632318253967,0.6330573779899009,6.155283152216077,0.1443397556954669
10.887258172114743,-6.031046885962588e-11,0.03473050903579106,10.245810669247144,0.6330573779899009,6.156421218239832,0.14433997467885581
10.89726484322882,-6.031046885962588e-11,0.03471916697559853,10.243989017477345,0.6330573779899009,6.157559285989742,0.1443401935456636
10.907271514342895,-6.031046885962588e-11,0.03470783097092167,10.242167362946066,0.6330573779899009,6.158697355464873,0.14434041229567024
10.917278185456972,-6.031046885962588e-11,0.03469650101692997,10.240345705654788,0.6330573779899009,6.159835426664298,0.14434063092889612
10.927284856571047,-6.031046885962588e-11,0.0346851771087929,10.238524045604986,0.6330573779899009,6.160973499587098,0.14434084944534556
10.937291527685124,-6.031046885962588e-11,0.03467385924183415,10.236702382798107,0.6330573779899009,6.1621115742323695,0.14434106784548428
10.9472981987992,-6.031046885962588e-11,0.03466254741130178,10.23488071723561,0.6330573779899009,6.163249650599197,0.14434128612952865
10.957304869913276,-6.031046885962588e-11,0.034651241612309855,10.233059048918987,0.6330573779899009,6.164387728686652,0.14434150429726442
10.967311541027351,-6.031046885962588e-11,0.034639941840054804,10.231237377849709,0.6330573779899009,6.165525808493815,0.1443417223487162
10.977318212141428,-6.031046885962588e-11,0.03462864808973306,10.229415704029247,0.6330573779899009,6.1666638900197634,0.14434194028389297
10.987324883255503,-6.031046885962588e-11,0.03461736035662703,10.227594027459055,0.6330573779899009,6.167801973263592,0.14434215810305429
10.99733155436958,-6.031046885962588e-11,0.0346060786359965,10.225772348140591,0.6330573779899009,6.1689400582243925,0.14434237580637418
11.007338225483656,-6.031046885962588e-11,0.03459480292303424,10.223950666075325,0.6330573779899009,6.170078144901243,0.14434259339380312
11.017344896597733,-6.031046885962588e-11,0.034583533212984685,10.222128981264719,0.6330573779899009,6.171216233293231,0.14434281086543602
11.027351567711808,-6.031046885962588e-11,0.034572269501101476,10.220307293710233,0.6330573779899009,6.172354323399444,0.14434302822138065
11.037358238825885,-6.031046885962588e-11,0.034561011782662326,10.218485603413328,0.6330573779899009,6.173492415218969,0.14434324546180397
11.04736490993996,-6.031046885962588e-11,0.03454976005294985,10.216663910375457,0.6330573779899009,6.174630508750899,0.1443434625868726
11.057371581054037,-6.031046885962588e-11,0.0345385143072438,10.214842214598075,0.6330573779899009,6.175768603994324,0.144343679596729
11.067378252168112,-6.031046885962588e-11,0.034527274540841056,10.213020516082638,0.6330573779899009,6.1769067009483365,0.14434389649155308
11.077384923282189,-6.031046885962588e-11,0.034516040749048356,10.21119881483059,0.6330573779899009,6.178044799612032,0.14434411327154018
11.087391594396264,-6.031046885962588e-11,0.03450481292703416,10.209377110843393,0.6330573779899009,6.179182899984497,0.14434432993643986
11.097398265510341,-6.031046885962588e-11,0.03449359107002218,10.207555404122507,0.6330573779899009,6.180321002064822,0.14434454648615758
11.107404936624416,-6.031046885962588e-11,0.03448237517336399,10.20573369466937,0.6330573779899009,6.181459105852106,0.14434476292098106
11.117411607738493,-6.031046885962588e-11,0.03447116523234337,10.203911982485426,0.6330573779899009,6.1825972113454455,0.14434497924097184
11.127418278852568,-6.031046885962588e-11,0.03445996124224749,10.202090267572132,0.6330573779899009,6.1837353185439365,0.14434519544618618
11.137424949966645,-6.031046885962588e-11,0.034448763198361855,10.200268549930934,0.6330573779899009,6.184873427446671,0.14434541153665967
11.14743162108072,-6.031046885962588e-11,0.03443757109597696,10.19844682956328,0.6330573779899009,6.186011538052744,0.14434562751242777
11.157438292194797,-6.031046885962588e-11,0.034426384930390554,10.196625106470613,0.6330573779899009,6.187149650361257,0.1443458433735332
11.167444963308872,-6.031046885962588e-11,0.03441520469690114,10.194803380654376,0.6330573779899009,6.188287764371305,0.14434605912000545
11.17745163442295,-6.031046885962588e-11,0.034404030390810414,10.192981652116012,0.6330573779899009,6.189425880081988,0.14434627475186831
11.187458305537024,-6.031046885962588e-11,0.034392862007555834,10.191159920856967,0.6330573779899009,6.190563997492405,0.14434649026955426
11.197464976651101,-6.031046885962588e-11,0.03438169954253383,10.189338186878675,0.6330573779899009,6.191702116601656,0.1443467056733524
11.207471647765177,-6.031046885962588e-11,0.03437054299104305,10.18751645018258,0.6330573779899009,6.192840237408841,0.14434692096323132
11.217478318879254,-6.031046885962588e-11,0.034359392348452984,10.185694710770122,0.6330573779899009,6.193978359913061,0.14434713613936553
11.227484989993329,-6.031046885962588e-11,0.03434824761014208,10.183872968642731,0.6330573779899009,6.195116484113417,0.14434735120194236
11.237491661107406,-6.031046885962588e-11,0.03433710877137807,10.18205122380185,0.6330573779899009,6.196254610009017,0.14434756615078737
11.24749833222148,-6.031046885962588e-11,0.03432597582750304,10.180229476248906,0.6330573779899009,6.197392737598964,0.14434778098594328
11.257505003335558,-6.031046885962588e-11,0.03431484877395108,10.178407725985338,0.6330573779899009,6.198530866882361,0.14434799570772539
11.267511674449633,-6.031046885962588e-11,0.034303727606097435,10.176585973012578,0.6330573779899009,6.199668997858311,0.14434821031624956
11.27751834556371,-6.031046885962588e-11,0.03429261231931733,10.174764217332063,0.6330573779899009,6.200807130525915,0.14434842481161644
11.287525016677785,-6.031046885962588e-11,0.03428150290889774,10.172942458945208,0.6330573779899009,6.201945264884292,0.14434863919363505
11.297531687791862,-6.031046885962588e-11,0.0342703993701767,10.171120697853443,0.6330573779899009,6.203083400932549,0.1443488534622585
11.307538358905937,-6.031046885962588e-11,0.03425930169855758,10.169298934058205,0.6330573779899009,6.204221538669785,0.14434906761762917
11.317545030020014,-6.031046885962588e-11,0.034248209889400846,10.167477167560929,0.6330573779899009,6.205359678095108,0.14434928165973984
11.32755170113409,-6.031046885962588e-11,0.03423712393806701,10.165655398363045,0.6330573779899009,6.206497819207622,0.14434949558856797
11.337558372248166,-6.031046885962588e-11,0.03422604384013453,10.163833626465953,0.6330573779899009,6.207635962006451,0.14434970940476088
11.347565043362241,-6.031046885962588e-11,0.0342149695910531,10.162011851871078,0.6330573779899009,6.208774106490709,0.14434992310854655
11.357571714476318,-6.031046885962588e-11,0.034203901186114966,10.160190074579855,0.6330573779899009,6.209912252659494,0.14435013669964253
11.367578385590393,-6.031046885962588e-11,0.03419283862071682,10.158368294593718,0.6330573779899009,6.211050400511916,0.14435035017807912
11.37758505670447,-6.031046885962588e-11,0.034181781890255294,10.156546511914083,0.6330573779899009,6.212188550047083,0.1443505635438716
11.387591727818545,-6.031046885962588e-11,0.0341707309902384,10.154724726542351,0.6330573779899009,6.213326701264126,0.14435077679737077
11.397598398932622,-6.031046885962588e-11,0.03415968591610697,10.152902938479937,0.6330573779899009,6.21446485416216,0.14435098993870107
11.407605070046698,-6.031046885962588e-11,0.034148646663223474,10.151081147728274,0.6330573779899009,6.215603008740288,0.14435120296772436
11.417611741160774,-6.031046885962588e-11,0.034137613227002934,10.149259354288784,0.6330573779899009,6.216741164997624,0.14435141588445288
11.42761841227485,-6.031046885962588e-11,0.03412658560286036,10.147437558162887,0.6330573779899009,6.217879322933277,0.14435162868888374
11.437625083388927,-6.031046885962588e-11,0.0341155637863777,10.145615759351973,0.6330573779899009,6.219017482546382,0.1443518413815259
11.447631754503002,-6.031046885962588e-11,0.03410454777303432,10.143793957857445,0.6330573779899009,6.22015564383606,0.14435205396255
11.457638425617079,-6.031046885962588e-11,0.03409353755819482,10.141972153680738,0.6330573779899009,6.221293806801417,0.14435226643174873
11.467645096731154,-6.031046885962588e-11,0.03408253313730158,10.140150346823269,0.6330573779899009,6.2224319714415675,0.14435247878914526
11.47765176784523,-6.031046885962588e-11,0.034071534505796974,10.138328537286448,0.6330573779899009,6.223570137755627,0.14435269103474765
11.487658438959306,-6.031046885962588e-11,0.034060541659254075,10.13650672507166,0.6330573779899009,6.224708305742732,0.14435290316896246
11.497665110073383,-6.031046885962588e-11,0.03404955459316409,10.13468491018031,0.6330573779899009,6.22584647540201,0.1443531151919226
11.507671781187458,-6.031046885962588e-11,0.03403857330293065,10.132863092613816,0.6330573779899009,6.226984646732566,0.14435332710346846
11.517678452301535,-6.031046885962588e-11,0.034027597784017385,10.131041272373597,0.6330573779899009,6.228122819733522,0.1443535389036152
11.52768512341561,-6.031046885962588e-11,0.034016628031887985,10.12921944946106,0.6330573779899009,6.229260994403996,0.14435375059236297
11.537691794529687,-6.031046885962588e-11,0.034005664042159885,10.127397623877576,0.6330573779899009,6.230399170743127,0.1443539621701847
11.547698465643762,-6.031046885962588e-11,0.03399470581035246,10.125575795624549,0.6330573779899009,6.231537348750044,0.14435417363722766
11.55770513675784,-6.031046885962588e-11,0.03398375333188456,10.123753964703392,0.6330573779899009,6.23267552842386,0.14435438499330527
11.567711807871914,-6.031046885962588e-11,0.033972806602244734,10.121932131115516,0.6330573779899009,6.233813709763696,0.1443545962384367
11.577718478985991,-6.031046885962588e-11,0.033961865616921535,10.120110294862322,0.6330573779899009,6.2349518927686765,0.14435480737262632
11.587725150100066,-6.031046885962588e-11,0.03395093037154352,10.11828845594518,0.6330573779899009,6.236090077437944,0.14435501839630846
11.597731821214143,-6.031046885962588e-11,0.033940000861648355,10.116466614365486,0.6330573779899009,6.237228263770628,0.1443552293096139
11.607738492328219,-6.031046885962588e-11,0.03392907708268454,10.114644770124652,0.6330573779899009,6.238366451765847,0.1443554401123752
11.617745163442295,-6.031046885962588e-11,0.03391815903016315,10.112822923224073,0.6330573779899009,6.239504641422725,0.14435565080460858
11.62775183455637,-6.031046885962588e-11,0.03390724669959524,10.111001073665156,0.6330573779899009,6.240642832740389,0.14435586138631534
11.637758505670448,-6.031046885962588e-11,0.03389634008664119,10.109179221449258,0.6330573779899009,6.241781025717987,0.14435607185795743
11.647765176784523,-6.031046885962588e-11,0.033885439186862744,10.107357366577773,0.6330573779899009,6.242919220354652,0.14435628221966815
11.6577718478986,-6.031046885962588e-11,0.033874543995729055,10.105535509052103,0.6330573779899009,6.244057416649503,0.144356492471271
11.667778519012675,-6.031046885962588e-11,0.03386365450877505,10.103713648873647,0.6330573779899009,6.24519561460167,0.14435670261278408
11.677785190126752,-6.031046885962588e-11,0.033852770721535655,10.101891786043794,0.6330573779899009,6.246333814210282,0.1443569126442104
11.687791861240827,-6.031046885962588e-11,0.033841892629688675,10.100069920563909,0.6330573779899009,6.247472015474491,0.14435712256599426
11.697798532354904,-6.031046885962588e-11,0.033831020228815935,10.09824805243537,0.6330573779899009,6.2486102183934324,0.14435733237825915
11.707805203468979,-6.031046885962588e-11,0.033820153514413,10.096426181659579,0.6330573779899009,6.249748422966229,0.14435754208083856
11.717811874583056,-6.031046885962588e-11,0.03380929248203748,10.09460430823793,0.6330573779899009,6.250886629192015,0.14435775167374884
11.727818545697131,-6.031046885962588e-11,0.033798437127247,10.092782432171804,0.6330573779899009,6.252024837069923,0.14435796115699168
11.737825216811208,-6.031046885962588e-11,0.03378758744574649,10.09096055346256,0.6330573779899009,6.2531630465991075,0.14435817053102504
11.747831887925283,-6.031046885962588e-11,0.03377674343314026,10.089138672111572,0.6330573779899009,6.254301257778707,0.1443583797959708
11.75783855903936,-6.031046885962588e-11,0.03376590508494613,10.087316788120239,0.6330573779899009,6.255439470607847,0.14435858895165943
11.767845230153435,-6.031046885962588e-11,0.033755072396744974,10.085494901489945,0.6330573779899009,6.256577685085667,0.14435879799810816
11.777851901267512,-6.031046885962588e-11,0.03374424536411763,10.08367301222207,0.6330573779899009,6.257715901211302,0.14435900693531936
11.787858572381587,-6.031046885962588e-11,0.033733423982789036,10.081851120317964,0.6330573779899009,6.258854118983908,0.14435921576374244
11.797865243495664,-6.031046885962588e-11,0.033722608248384134,10.080029225778997,0.6330573779899009,6.259992338402631,0.1443594244834922
11.80787191460974,-6.031046885962588e-11,0.03371179815644561,10.078207328606563,0.6330573779899009,6.261130559466597,0.1443596330944049
11.817878585723816,-6.031046885962588e-11,0.033700993702576905,10.076385428802041,0.6330573779899009,6.26226878217495,0.14435984159649692
11.827885256837892,-6.031046885962588e-11,0.033690194882381515,10.074563526366807,0.6330573779899009,6.263407006526825,0.1443600499897699
11.837891927951969,-6.031046885962588e-11,0.03367940169160927,10.072741621302203,0.6330573779899009,6.264545232521386,0.14436025827468088
11.847898599066044,-6.031046885962588e-11,0.03366861412590688,10.070919713609596,0.6330573779899009,6.2656834601577795,0.14436046645134154
11.85790527018012,-6.031046885962588e-11,0.0336578321808397,10.069097803290372,0.6330573779899009,6.266821689435137,0.14436067451958762
11.867911941294196,-6.031046885962588e-11,0.03364705585203404,10.067275890345908,0.6330573779899009,6.267959920352602,0.14436088247943582
11.877918612408273,-6.031046885962588e-11,0.033636285135116184,10.065453974777569,0.6330573779899009,6.269098152909318,0.1443610903308882
11.887925283522348,-6.031046885962588e-11,0.03362552002585128,10.063632056586696,0.6330573779899009,6.270236387104449,0.14436129807437909
11.897931954636425,-6.031046885962588e-11,0.03361476051990509,10.061810135774653,0.6330573779899009,6.2713746229371425,0.14436150571000864
11.9079386257505,-6.031046885962588e-11,0.0336040066128685,10.059988212342818,0.6330573779899009,6.27251286040654,0.14436171323762173
11.917945296864577,-6.031046885962588e-11,0.033593258300389305,10.05816628629256,0.6330573779899009,6.273651099511782,0.1443619206572316
11.927951967978652,-6.031046885962588e-11,0.033582515578115334,10.056344357625242,0.6330573779899009,6.274789340252019,0.144362127968837
11.937958639092729,-6.031046885962588e-11,0.03357177844185734,10.054522426342203,0.6330573779899009,6.275927582626416,0.1443623351729472
11.947965310206804,-6.031046885962588e-11,0.03356104688730777,10.052700492444794,0.6330573779899009,6.277065826634126,0.14436254226967624
11.957971981320881,-6.031046885962588e-11,0.03355032091007364,10.050878555934393,0.6330573779899009,6.278204072274291,0.14436274925884832
11.967978652434956,-6.031046885962588e-11,0.033539600505827875,10.049056616812361,0.6330573779899009,6.279342319546058,0.14436295614048533
11.977985323549033,-6.031046885962588e-11,0.03352888567024338,10.04723467508006,0.6330573779899009,6.280480568448579,0.14436316291459475
11.987991994663108,-6.031046885962588e-11,0.03351817639912072,10.045412730738814,0.6330573779899009,6.281618818981022,0.1443633695815819
11.997998665777185,-6.031046885962588e-11,0.03350747268816641,10.043590783789984,0.6330573779899009,6.282757071142544,0.1443635761415342
12.00800533689126,-6.031046885962588e-11,0.033496774533022064,10.04176883423493,0.6330573779899009,6.283895324932289,0.14436378259431507
12.018012008005337,-6.031046885962588e-11,0.0334860819293801,10.039946882075013,0.6330573779899009,6.285033580349409,0.14436398893993732
12.028018679119413,-6.031046885962588e-11,0.033475394872933,10.03812492731159,0.6330573779899009,6.286171837393058,0.14436419517839974
12.03802535023349,-6.031046885962588e-11,0.03346471335952446,10.036302969945979,0.6330573779899009,6.287310096062408,0.14436440131017578
12.048032021347565,-6.031046885962588e-11,0.03345403738488515,10.034481009979531,0.6330573779899009,6.2884483563566205,0.14436460733535952
12.058038692461642,-6.031046885962588e-11,0.033443366944671156,10.03265904741361,0.6330573779899009,6.289586618274839,0.14436481325378897
12.068045363575717,-6.031046885962588e-11,0.033432702034597944,10.030837082249565,0.6330573779899009,6.290724881816221,0.14436501906548013
12.078052034689794,-6.031046885962588e-11,0.03342204265038101,10.029015114488748,0.6330573779899009,6.291863146979925,0.1443652247704345
12.088058705803869,-6.031046885962588e-11,0.03341138878788041,10.027193144132477,0.6330573779899009,6.293001413765125,0.1443654303691079
12.098065376917946,-6.031046885962588e-11,0.03340074044284668,10.025371171182096,0.6330573779899009,6.294139682170984,0.14436563586158754
12.108072048032021,-6.031046885962588e-11,0.03339009761096124,10.023549195638958,0.6330573779899009,6.295277952196653,0.1443658412477217
12.118078719146098,-6.031046885962588e-11,0.03337946028796141,10.021727217504415,0.6330573779899009,6.296416223841289,0.14436604652752583
12.128085390260173,-6.031046885962588e-11,0.03336882846958454,10.019905236779811,0.6330573779899009,6.297554497104055,0.14436625170100104
12.13809206137425,-6.031046885962588e-11,0.03335820215171351,10.018083253466454,0.6330573779899009,6.298692771984127,0.1443664567686069
12.148098732488325,-6.031046885962588e-11,0.033347581330119454,10.016261267565689,0.6330573779899009,6.299831048480672,0.14436666173042637
12.158105403602402,-6.031046885962588e-11,0.03333696600050613,10.014439279078863,0.6330573779899009,6.300969326592846,0.14436686658630904
12.168112074716477,-6.031046885962588e-11,0.03332635615863275,10.01261728800732,0.6330573779899009,6.302107606319809,0.14436707133627025
12.178118745830554,-6.031046885962588e-11,0.033315751800258565,10.0107952943524,0.6330573779899009,6.303245887660723,0.1443672759803113
12.18812541694463,-6.031046885962588e-11,0.033305152921287516,10.008973298115407,0.6330573779899009,6.304384170614774,0.14436748051889045
12.198132088058706,-6.031046885962588e-11,0.033294559517511,10.007151299297677,0.6330573779899009,6.305522455181127,0.1443676849520856
12.208138759172781,-6.031046885962588e-11,0.0332839715846555,10.005329297900559,0.6330573779899009,6.306660741358941,0.14436788927974925
12.218145430286858,-6.031046885962588e-11,0.0332733891185019,10.003507293925386,0.6330573779899009,6.307799029147381,0.14436809350189653
12.228152101400934,-6.031046885962588e-11,0.03326281211483105,10.001685287373494,0.6330573779899009,6.308937318545612,0.14436829761852843
12.23815877251501,-6.031046885962588e-11,0.033252240569519545,9.999863278246197,0.6330573779899009,6.310075609552816,0.14436850162994405
12.248165443629086,-6.031046885962588e-11,0.03324167447838949,9.998041266544822,0.6330573779899009,6.311213902168161,0.14436870553625095
12.258172114743163,-6.031046885962588e-11,0.033231113837225094,9.996219252270706,0.6330573779899009,6.312352196390815,0.14436890933741894
12.268178785857238,-6.031046885962588e-11,0.03322055864185174,9.994397235425168,0.6330573779899009,6.31349049221995,0.14436911303353808
12.278185456971315,-6.031046885962588e-11,0.03321000888810276,9.992575216009536,0.6330573779899009,6.314628789654738,0.14436931662471034
12.28819212808539,-6.031046885962588e-11,0.03319946457182896,9.990753194025134,0.6330573779899009,6.3157670886943515,0.14436952011108092
12.298198799199467,-6.031046885962588e-11,0.03318892568888345,9.988931169473286,0.6330573779899009,6.316905389337966,0.14436972349278845
12.308205470313542,-6.031046885962588e-11,0.03317839223512333,9.98710914235531,0.6330573779899009,6.318043691584755,0.1443699267699709
12.318212141427619,-6.031046885962588e-11,0.03316786420641725,9.985287112672522,0.6330573779899009,6.3191819954339,0.14437012994279014
12.328218812541694,-6.031046885962588e-11,0.033157341598642164,9.983465080426233,0.6330573779899009,6.320320300884575,0.14437033301142135
12.338225483655771,-6.031046885962588e-11,0.03314682440752881,9.981643045617778,0.6330573779899009,6.321458607935953,0.14437053597554733
12.348232154769846,-6.031046885962588e-11,0.03313631262890953,9.979821008248473,0.6330573779899009,6.322596916587208,0.1443707388351691
12.358238825883923,-6.031046885962588e-11,0.03312580625868802,9.977998968319627,0.6330573779899009,6.323735226837524,0.14437094159050728
12.368245496997998,-6.031046885962588e-11,0.033115305292718465,9.976176925832554,0.6330573779899009,6.324873538686079,0.14437114424160657
12.378252168112075,-6.031046885962588e-11,0.03310480972685757,9.974354880788567,0.6330573779899009,6.326011852132054,0.14437134678850602
12.38825883922615,-6.031046885962588e-11,0.0330943195569769,9.972532833188984,0.6330573779899009,6.327150167174623,0.1443715492312794
12.398265510340227,-6.031046885962588e-11,0.0330838347789429,9.970710783035122,0.6330573779899009,6.328288483812967,0.1443717515699696
12.408272181454302,-6.031046885962588e-11,0.03307335538861983,9.968888730328283,0.6330573779899009,6.329426802046269,0.1443719538045988
12.41827885256838,-6.031046885962588e-11,0.03306288138187889,9.967066675069782,0.6330573779899009,6.330565121873709,0.14437215593519795
12.428285523682455,-6.031046885962588e-11,0.03305241275459433,9.965244617260929,0.6330573779899009,6.331703443294469,0.1443723579617939
12.438292194796531,-6.031046885962588e-11,0.03304194950276943,9.963422556903033,0.6330573779899009,6.332841766307731,0.14437255988482356
12.448298865910607,-6.031046885962588e-11,0.033031491622331745,9.961600493997398,0.6330573779899009,6.333980090912678,0.14437276170446173
12.458305537024684,-6.031046885962588e-11,0.033021039109163854,9.959778428545336,0.6330573779899009,6.335118417108496,0.14437296342072173
12.468312208138759,-6.031046885962588e-11,0.033010591959197096,9.95795636054815,0.6330573779899009,6.3362567448943645,0.1443731650337634
12.478318879252836,-6.031046885962588e-11,0.033000150168370504,9.956134290007148,0.6330573779899009,6.337395074269472,0.14437336654375807
12.48832555036691,-6.031046885962588e-11,0.03298971373248703,9.954312216923624,0.6330573779899009,6.3385334052330045,0.14437356795041592
12.498332221480988,-6.031046885962588e-11,0.03297928264747512,9.952490141298883,0.6330573779899009,6.33967173778415,0.1443737692538458
12.508338892595063,-6.031046885962588e-11,0.03296885690931629,9.95066806313423,0.6330573779899009,6.3408100719220934,0.1443739704543176
12.51834556370914,-6.031046885962588e-11,0.03295843651394271,9.948845982430967,0.6330573779899009,6.341948407646021,0.14437417155192528
12.528352234823215,-6.031046885962588e-11,0.032948021457286564,9.947023899190398,0.6330573779899009,6.343086744955118,0.14437437254674895
12.538358905937292,-6.031046885962588e-11,0.03293761173522351,9.945201813413805,0.6330573779899009,6.344225083848581,0.14437457343866916
12.548365577051367,-6.031046885962588e-11,0.032927207343677004,9.943379725102487,0.6330573779899009,6.345363424325602,0.14437477422770986
12.558372248165444,-6.031046885962588e-11,0.03291680827859022,9.941557634257753,0.6330573779899009,6.346501766385362,0.14437497491394602
12.56837891927952,-6.031046885962588e-11,0.03290641453588724,9.9397355408809,0.6330573779899009,6.347640110027051,0.14437517549737602
12.578385590393596,-6.031046885962588e-11,0.03289602611149211,9.937913444973226,0.6330573779899009,6.348778455249855,0.14437537597798444
12.588392261507671,-6.031046885962588e-11,0.03288564300152315,9.936091346536006,0.6330573779899009,6.349916802052983,0.14437557635638437
12.598398932621748,-6.031046885962588e-11,0.03287526520193252,9.934269245570535,0.6330573779899009,6.351055150435623,0.14437577663262646
12.608405603735823,-6.031046885962588e-11,0.03286489270860734,9.932447142078116,0.6330573779899009,6.352193500396961,0.1443759768065325
12.6184122748499,-6.031046885962588e-11,0.03285452551749941,9.930625036060041,0.6330573779899009,6.353331851936186,0.1443761768781243
12.628418945963976,-6.031046885962588e-11,0.032844163624560496,9.928802927517614,0.6330573779899009,6.3544702050524915,0.14437637684740995
12.638425617078052,-6.031046885962588e-11,0.032833807025857045,9.92698081645209,0.6330573779899009,6.355608559745088,0.14437657671476403
12.648432288192128,-6.031046885962588e-11,0.03282345571735637,9.925158702864762,0.6330573779899009,6.356746916013169,0.14437677648021924
12.658438959306205,-6.031046885962588e-11,0.03281310969498893,9.923336586756932,0.6330573779899009,6.357885273855921,0.14437697614367226
12.66844563042028,-6.031046885962588e-11,0.0328027689547228,9.921514468129887,0.6330573779899009,6.359023633272538,0.14437717570513073
12.678452301534357,-6.031046885962588e-11,0.032792433492526,9.919692346984924,0.6330573779899009,6.360161994262214,0.14437737516458876
12.688458972648432,-6.031046885962588e-11,0.03278210330453599,9.917870223323293,0.6330573779899009,6.361300356824164,0.14437757452258898
12.698465643762509,-6.031046885962588e-11,0.032771778386742174,9.916048097146282,0.6330573779899009,6.362438720957584,0.1443777737791699
12.708472314876584,-6.031046885962588e-11,0.032761458735081884,9.91422596845519,0.6330573779899009,6.3635770866616665,0.14437797293418303
12.71847898599066,-6.031046885962588e-11,0.032751144345547045,9.912403837251299,0.6330573779899009,6.364715453935606,0.14437817198764755
12.728485657104736,-6.031046885962588e-11,0.03274083521412961,9.910581703535897,0.6330573779899009,6.365853822778599,0.1443783709395693
12.738492328218813,-6.031046885962588e-11,0.032730531336946554,9.908759567310234,0.6330573779899009,6.366992193189865,0.14437856979035663
12.748498999332888,-6.031046885962588e-11,0.032720232710004495,9.906937428575592,0.6330573779899009,6.368130565168603,0.14437876854003748
12.758505670446965,-6.031046885962588e-11,0.032709939329273185,9.905115287333262,0.6330573779899009,6.369268938714008,0.14437896718850335
12.76851234156104,-6.031046885962588e-11,0.032699651190762125,9.903293143584524,0.6330573779899009,6.370407313825277,0.14437916573576462
12.778519012675117,-6.031046885962588e-11,0.03268936829048081,9.90147099733066,0.6330573779899009,6.371545690501611,0.14437936418181793
12.788525683789192,-6.031046885962588e-11,0.032679090624594814,9.899648848572916,0.6330573779899009,6.372684068742231,0.14437956252716694
12.79853235490327,-6.031046885962588e-11,0.0326688181891305,9.897826697312567,0.6330573779899009,6.373822448546342,0.14437976077183814
12.808539026017344,-6.031046885962588e-11,0.03265855098007035,9.896004543550902,0.6330573779899009,6.374960829913137,0.14437995891569813
12.818545697131421,-6.031046885962588e-11,0.0326482889934456,9.894182387289195,0.6330573779899009,6.37609921284182,0.1443801569587625
12.828552368245496,-6.031046885962588e-11,0.03263803222528753,9.892360228528725,0.6330573779899009,6.377237597331593,0.14438035490103363
12.838559039359573,-6.031046885962588e-11,0.03262778067176178,9.89053806727073,0.6330573779899009,6.378375983381683,0.14438055274294936
12.848565710473649,-6.031046885962588e-11,0.032617534328912935,9.888715903516484,0.6330573779899009,6.379514370991293,0.14438075048452997
12.858572381587726,-6.031046885962588e-11,0.032607293192749555,9.886893737267267,0.6330573779899009,6.380652760159623,0.1443809481256619
12.8685790527018,-6.031046885962588e-11,0.03259705725932155,9.885071568524351,0.6330573779899009,6.381791150885879,0.14438114566635638
12.878585723815878,-6.031046885962588e-11,0.032586826524678814,9.883249397289006,0.6330573779899009,6.382929543169267,0.14438134310661102
12.888592394929953,-6.031046885962588e-11,0.03257660098501662,9.881427223562472,0.6330573779899009,6.384067937009013,0.14438154044689677
12.89859906604403,-6.031046885962588e-11,0.032566380636398,9.879605047346013,0.6330573779899009,6.385206332404327,0.14438173768722906
12.908605737158105,-6.031046885962588e-11,0.03255616547484891,9.877782868640908,0.6330573779899009,6.386344729354411,0.14438193482748557
12.918612408272182,-6.031046885962588e-11,0.03254595549643927,9.87596068744842,0.6330573779899009,6.387483127858474,0.14438213186767807
12.928619079386257,-6.031046885962588e-11,0.03253575069723909,9.874138503769819,0.6330573779899009,6.388621527915722,0.14438232880780477
12.938625750500334,-6.031046885962588e-11,0.032525551073474344,9.872316317606336,0.6330573779899009,6.389759929525391,0.14438252564837414
12.948632421614409,-6.031046885962588e-11,0.032515356621227766,9.870494128959232,0.6330573779899009,6.390898332686686,0.14438272238940114
12.958639092728486,-6.031046885962588e-11,0.03250516733654418,9.868671937829783,0.6330573779899009,6.392036737398818,0.14438291903076025
12.968645763842561,-6.031046885962588e-11,0.032494983215514986,9.866849744219245,0.6330573779899009,6.393175143660993,0.1443831155724688
12.978652434956638,-6.031046885962588e-11,0.03248480425423152,9.865027548128882,0.6330573779899009,6.394313551472428,0.14438331201453075
12.988659106070713,-6.031046885962588e-11,0.0324746304489138,9.863205349559925,0.6330573779899009,6.395451960832354,0.14438350835736913
12.99866577718479,-6.031046885962588e-11,0.032464461795662564,9.861383148513628,0.6330573779899009,6.396590371739984,0.14438370460099315
13.008672448298865,-6.031046885962588e-11,0.032454298290549015,9.859560944991257,0.6330573779899009,6.397728784194529,0.14438390074529978
13.018679119412942,-6.031046885962588e-11,0.03244413992968208,9.85773873899407,0.6330573779899009,6.398867198195202,0.14438409679029907
13.028685790527017,-6.031046885962588e-11,0.03243398670917065,9.855916530523325,0.6330573779899009,6.400005613741217,0.14438429273598802
13.038692461641094,-6.031046885962588e-11,0.03242383862527263,9.854094319580245,0.6330573779899009,6.401144030831814,0.1443844885828519
13.04869913275517,-6.031046885962588e-11,0.032413695674106485,9.852272106166083,0.6330573779899009,6.402282449466205,0.14438468433089402
13.058705803869247,-6.031046885962588e-11,0.03240355785175839,9.8504498902821,0.6330573779899009,6.403420869643605,0.14438487997999538
13.068712474983322,-6.031046885962588e-11,0.032393425154357475,9.848627671929552,0.6330573779899009,6.4045592913632285,0.14438507553016852
13.078719146097399,-6.031046885962588e-11,0.03238329757803286,9.846805451109685,0.6330573779899009,6.405697714624297,0.14438527098141304
13.088725817211474,-6.031046885962588e-11,0.0323731751190567,9.844983227823722,0.6330573779899009,6.406836139426048,0.1443854663341973
13.09873248832555,-6.031046885962588e-11,0.03236305777356607,9.843161002072907,0.6330573779899009,6.4079745657677,0.14438566158852192
13.108739159439626,-6.031046885962588e-11,0.03235294553766884,9.841338773858503,0.6330573779899009,6.409112993648467,0.1443858567442753
13.118745830553703,-6.031046885962588e-11,0.03234283840751343,9.839516543181754,0.6330573779899009,6.410251423067573,0.14438605180146968
13.128752501667778,-6.031046885962588e-11,0.03233273637924827,9.837694310043911,0.6330573779899009,6.411389854024235,0.1443862467601042
13.138759172781855,-6.031046885962588e-11,0.03232263944916548,9.835872074446181,0.6330573779899009,6.4125282865176985,0.14438644162065045
13.14876584389593,-6.031046885962588e-11,0.0323125476134203,9.834049836389813,0.6330573779899009,6.413666720547183,0.14438663638310495
13.158772515010007,-6.031046885962588e-11,0.032302460868140336,9.832227595876057,0.6330573779899009,6.414805156111908,0.1443868310473575
13.168779186124082,-6.031046885962588e-11,0.03229237920949327,9.830405352906162,0.6330573779899009,6.415943593211095,0.14438702561342012
13.178785857238159,-6.031046885962588e-11,0.03228230263364684,9.828583107481366,0.6330573779899009,6.41708203184397,0.14438722008129218
13.188792528352234,-6.031046885962588e-11,0.03227223113691173,9.826760859602876,0.6330573779899009,6.418220472009777,0.14438741445144404
13.198799199466311,-6.031046885962588e-11,0.03226216471546124,9.824938609271934,0.6330573779899009,6.41935891370774,0.14438760872386808
13.208805870580386,-6.031046885962588e-11,0.03225210336544291,9.82311635648979,0.6330573779899009,6.42049735693708,0.1443878028984566
13.218812541694463,-6.031046885962588e-11,0.03224204708304352,9.821294101257678,0.6330573779899009,6.4216358016970245,0.14438799697522145
13.228819212808538,-6.031046885962588e-11,0.03223199586444989,9.819471843576839,0.6330573779899009,6.422774247986799,0.14438819095416164
13.238825883922615,-6.031046885962588e-11,0.03222194970599197,9.817649583448473,0.6330573779899009,6.423912695805651,0.14438838483574898
13.24883255503669,-6.031046885962588e-11,0.03221190860386092,9.815827320873822,0.6330573779899009,6.4250511451528105,0.14438857861997184
13.258839226150767,-6.031046885962588e-11,0.032201872554223916,9.814005055854125,0.6330573779899009,6.426189596027498,0.14438877230672406
13.268845897264843,-6.031046885962588e-11,0.03219184155328676,9.812182788390619,0.6330573779899009,6.4273280484289455,0.14438896589601746
13.27885256837892,-6.031046885962588e-11,0.03218181559725525,9.810360518484533,0.6330573779899009,6.428466502356382,0.14438915938785102
13.288859239492995,-6.031046885962588e-11,0.03217179468242996,9.808538246137081,0.6330573779899009,6.4296049578090475,0.14438935278253295
13.298865910607072,-6.031046885962588e-11,0.032161778805038344,9.806715971349494,0.6330573779899009,6.430743414786178,0.1443895460801102
13.308872581721147,-6.031046885962588e-11,0.03215176796129514,9.804893694122995,0.6330573779899009,6.431881873287003,0.1443897392805737
13.318879252835224,-6.031046885962588e-11,0.03214176214744562,9.803071414458817,0.6330573779899009,6.433020333310759,0.14438993238400527
13.328885923949299,-6.031046885962588e-11,0.03213176135974203,9.801249132358176,0.6330573779899009,6.43415879485668,0.14439012539049775
13.338892595063376,-6.031046885962588e-11,0.03212176559445296,9.799426847822303,0.6330573779899009,6.435297257924004,0.14439031830018664
13.348899266177451,-6.031046885962588e-11,0.03211177484784653,9.797604560852415,0.6330573779899009,6.436435722511964,0.14439051111319343
13.358905937291528,-6.031046885962588e-11,0.03210178911619641,9.795782271449728,0.6330573779899009,6.437574188619803,0.1443907038296457
13.368912608405603,-6.031046885962588e-11,0.03209180839578581,9.79395997961546,0.6330573779899009,6.438712656246759,0.14439089644969083
13.37891927951968,-6.031046885962588e-11,0.03208183268290526,9.792137685350829,0.6330573779899009,6.439851125392074,0.14439108897348873
13.388925950633755,-6.031046885962588e-11,0.03207186197369962,9.790315388657064,0.6330573779899009,6.440989596054978,0.14439128140068966
13.398932621747832,-6.031046885962588e-11,0.03206189626444384,9.78849308953537,0.6330573779899009,6.442128068234716,0.1443914737313745
13.408939292861907,-6.031046885962588e-11,0.032051935551442645,9.78667078798697,0.6330573779899009,6.443266541930527,0.14439166596571293
13.418945963975984,-6.031046885962588e-11,0.03204197983096628,9.784848484013075,0.6330573779899009,6.444405017141655,0.1443918581037446
13.42895263509006,-6.031046885962588e-11,0.03203202909928721,9.783026177614897,0.6330573779899009,6.4455434938673415,0.1443920501455038
13.438959306204136,-6.031046885962588e-11,0.03202208335269287,9.78120386879365,0.6330573779899009,6.446681972106827,0.14439224209106305
13.448965977318212,-6.031046885962588e-11,0.03201214258746257,9.779381557550556,0.6330573779899009,6.447820451859351,0.14439243394045465
13.458972648432288,-6.031046885962588e-11,0.03200220679987609,9.777559243886817,0.6330573779899009,6.4489589331241595,0.14439262569369976
13.468979319546364,-6.031046885962588e-11,0.03199227598621887,9.775736927803647,0.6330573779899009,6.450097415900495,0.14439281735082624
13.47898599066044,-6.031046885962588e-11,0.031982350142779,9.773914609302256,0.6330573779899009,6.451235900187601,0.14439300891185816
13.488992661774516,-6.031046885962588e-11,0.031972429265970256,9.772092288383854,0.6330573779899009,6.452374385984725,0.1443932003772372
13.498999332888593,-6.031046885962588e-11,0.03196251335210815,9.770269965049646,0.6330573779899009,6.453512873291109,0.14439339174705637
13.509006004002668,-6.031046885962588e-11,0.03195260239749553,9.768447639300845,0.6330573779899009,6.4546513621059995,0.1443935830213529
13.519012675116745,-6.031046885962588e-11,0.031942696398470416,9.766625311138654,0.6330573779899009,6.455789852428642,0.1443937742002717
13.52901934623082,-6.031046885962588e-11,0.03193279535137749,9.764802980564282,0.6330573779899009,6.4569283442582845,0.1443939652839683
13.539026017344897,-6.031046885962588e-11,0.031922899252426626,9.762980647578923,0.6330573779899009,6.458066837594176,0.14439415627212351
13.549032688458972,-6.031046885962588e-11,0.031913008097976016,9.761158312183792,0.6330573779899009,6.459205332435564,0.1443943471649136
13.559039359573049,-6.031046885962588e-11,0.03190312188439821,9.759335974380082,0.6330573779899009,6.460343828781698,0.14439453796255172
13.569046030687124,-6.031046885962588e-11,0.03189324060803137,9.757513634169003,0.6330573779899009,6.461482326631822,0.1443947286651207
13.579052701801201,-6.031046885962588e-11,0.031883364265213696,9.755691291551758,0.6330573779899009,6.462620825985187,0.144394919272691
13.589059372915276,-6.031046885962588e-11,0.03187349285223211,9.753868946529536,0.6330573779899009,6.463759326841052,0.14439510978514455
13.599066044029353,-6.031046885962588e-11,0.03186362636542607,9.752046599103533,0.6330573779899009,6.464897829198664,0.14439530020253094
13.609072715143428,-6.031046885962588e-11,0.03185376480113947,9.750224249274961,0.6330573779899009,6.46603633305727,0.14439549052490216
13.619079386257505,-6.031046885962588e-11,0.03184390815570392,9.748401897045015,0.6330573779899009,6.4671748384161205,0.14439568075225573
13.62908605737158,-6.031046885962588e-11,0.031834056425451035,9.746579542414905,0.6330573779899009,6.468313345274464,0.14439587088457648
13.639092728485657,-6.031046885962588e-11,0.031824209606900626,9.744757185385797,0.6330573779899009,6.469451853631568,0.14439606092248478
13.649099399599733,-6.031046885962588e-11,0.03181436769637809,9.742934825958894,0.6330573779899009,6.470590363486683,0.14439625086591973
13.65910607071381,-6.031046885962588e-11,0.03180453069019484,9.741112464135398,0.6330573779899009,6.471728874839056,0.14439644071475935
13.669112741827885,-6.031046885962588e-11,0.03179469858470646,9.73929009991651,0.6330573779899009,6.472867387687939,0.14439663046902126
13.679119412941962,-6.031046885962588e-11,0.03178487137626849,9.737467733303426,0.6330573779899009,6.474005902032585,0.1443968201287104
13.689126084056037,-6.031046885962588e-11,0.031775049061350355,9.735645364297307,0.6330573779899009,6.475144417872264,0.14439700969421262
13.699132755170114,-6.031046885962588e-11,0.03176523163630293,9.733822992899357,0.6330573779899009,6.47628293520623,0.1443971991654922
13.709139426284189,-6.031046885962588e-11,0.03175541909747001,9.732000619110773,0.6330573779899009,6.477421454033733,0.1443973885424763
13.719146097398266,-6.031046885962588e-11,0.03174561144122152,9.730178242932748,0.6330573779899009,6.4785599743540265,0.14439757782516982
13.729152768512341,-6.031046885962588e-11,0.031735808663927445,9.728355864366474,0.6330573779899009,6.479698496166367,0.14439776701356555
13.739159439626418,-6.031046885962588e-11,0.03172601076212453,9.72653348341311,0.6330573779899009,6.4808370194700275,0.14439795610822032
13.749166110740493,-6.031046885962588e-11,0.03171621773217465,9.724711100073852,0.6330573779899009,6.481975544264265,0.1443981451090745
13.75917278185457,-6.031046885962588e-11,0.03170642957043108,9.722888714349896,0.6330573779899009,6.483114070548331,0.144398334016026
13.769179452968645,-6.031046885962588e-11,0.03169664627328476,9.72106632624243,0.6330573779899009,6.484252598321482,0.14439852282909058
13.779186124082722,-6.031046885962588e-11,0.03168686783712664,9.719243935752644,0.6330573779899009,6.485391127582977,0.14439871154827172
13.789192795196797,-6.031046885962588e-11,0.03167709425847046,9.717421542881688,0.6330573779899009,6.486529658332095,0.14439890017398604
13.799199466310874,-6.031046885962588e-11,0.031667325533700316,9.715599147630751,0.6330573779899009,6.487668190568092,0.14439908870618878
13.80920613742495,-6.031046885962588e-11,0.031657561659195275,9.713776750001031,0.6330573779899009,6.488806724290224,0.1443992771448052
13.819212808539026,-6.031046885962588e-11,0.03164780263136166,9.711954349993709,0.6330573779899009,6.48994525949775,0.14439946548984284
13.829219479653101,-6.031046885962588e-11,0.031638048446605824,9.71013194760997,0.6330573779899009,6.491083796189932,0.14439965374129668
13.839226150767178,-6.031046885962588e-11,0.0316282991014879,9.708309542850962,0.6330573779899009,6.492222334366051,0.14439984189968372
13.849232821881253,-6.031046885962588e-11,0.031618554592404466,9.70648713571787,0.6330573779899009,6.493360874025366,0.14440002996494083
13.85923949299533,-6.031046885962588e-11,0.03160881491574752,9.704664726211883,0.6330573779899009,6.494499415167135,0.14440021793697655
13.869246164109406,-6.031046885962588e-11,0.031599080067942556,9.702842314334182,0.6330573779899009,6.495637957790621,0.14440040581580377
13.879252835223483,-6.031046885962588e-11,0.03158935004541506,9.701019900085944,0.6330573779899009,6.49677650189509,0.14440059360142257
13.889259506337558,-6.031046885962588e-11,0.03157962484471726,9.699197483468312,0.6330573779899009,6.497915047479821,0.14440078129426193
13.899266177451635,-6.031046885962588e-11,0.03156990446226568,9.697375064482475,0.6330573779899009,6.499053594544079,0.14440096889426682
13.90927284856571,-6.031046885962588e-11,0.03156018889447443,9.695552643129613,0.6330573779899009,6.500192143087125,0.14440115640136142
13.919279519679787,-6.031046885962588e-11,0.03155047813778469,9.693730219410899,0.6330573779899009,6.5013306931082235,0.14440134381555175
13.929286190793862,-6.031046885962588e-11,0.031540772188637656,9.691907793327507,0.6330573779899009,6.502469244606642,0.14440153113683155
13.939292861907939,-6.031046885962588e-11,0.03153107104363776,9.690085364880584,0.6330573779899009,6.503607797581667,0.14440171836575133
13.949299533022014,-6.031046885962588e-11,0.031521374699213414,9.688262934071304,0.6330573779899009,6.504746352032562,0.1444019055022364
13.959306204136091,-6.031046885962588e-11,0.03151168315179174,9.686440500900844,0.6330573779899009,6.505884907958592,0.1444020925461952
13.969312875250166,-6.031046885962588e-11,0.03150199639783405,9.684618065370376,0.6330573779899009,6.5070234653590235,0.14440227949764306
13.979319546364243,-6.031046885962588e-11,0.03149231443380165,9.682795627481072,0.6330573779899009,6.508162024233126,0.14440246635658316
13.989326217478318,-6.031046885962588e-11,0.03148263725627867,9.68097318723407,0.6330573779899009,6.509300584580189,0.14440265312343545
13.999332888592395,-6.031046885962588e-11,0.031472964861715906,9.679150744630542,0.6330573779899009,6.510439146399482,0.14440283979814247
14.00933955970647,-6.031046885962588e-11,0.0314632972465645,9.677328299671661,0.6330573779899009,6.511577709690268,0.14440302638063557
14.019346230820547,-6.031046885962588e-11,0.03145363440730085,9.675505852358592,0.6330573779899009,6.51271627445182,0.14440321287092203
14.029352901934622,-6.031046885962588e-11,0.03144397634040128,9.673683402692507,0.6330573779899009,6.5138548406834085,0.14440339926899703
14.0393595730487,-6.031046885962588e-11,0.03143432304248936,9.671860950674537,0.6330573779899009,6.514993408384326,0.14440358557535846
14.049366244162774,-6.031046885962588e-11,0.031424674510027804,9.670038496305846,0.6330573779899009,6.516131977553842,0.14440377178993
14.059372915276851,-6.031046885962588e-11,0.03141503073948129,9.668216039587609,0.6330573779899009,6.517270548191226,0.14440395791262972
14.069379586390927,-6.031046885962588e-11,0.031405391727344155,9.666393580520992,0.6330573779899009,6.51840912029575,0.14440414394346743
14.079386257505003,-6.031046885962588e-11,0.03139575747011071,9.664571119107148,0.6330573779899009,6.5195476938666905,0.14440432988244087
14.089392928619079,-6.031046885962588e-11,0.03138612796441575,9.662748655347212,0.6330573779899009,6.520686268903343,0.14440451573002802
14.099399599733156,-6.031046885962588e-11,0.03137650320673957,9.660926189242344,0.6330573779899009,6.521824845404976,0.1444047014861535
14.10940627084723,-6.031046885962588e-11,0.03136688319356581,9.659103720793716,0.6330573779899009,6.5229634233708635,0.14440488715074176
14.119412941961308,-6.031046885962588e-11,0.031357267921405835,9.657281250002482,0.6330573779899009,6.524102002800283,0.14440507272380215
14.129419613075383,-6.031046885962588e-11,0.03134765738677105,9.6554587768698,0.6330573779899009,6.525240583692507,0.14440525820533195
14.13942628418946,-6.031046885962588e-11,0.031338051586314086,9.653636301396796,0.6330573779899009,6.526379166046839,0.1444054435958129
14.149432955303535,-6.031046885962588e-11,0.03132845051653125,9.651813823584629,0.6330573779899009,6.527517749862549,0.14440562889516573
14.159439626417612,-6.031046885962588e-11,0.03131885417392362,9.649991343434461,0.6330573779899009,6.528656335138914,0.14440581410331588
14.169446297531687,-6.031046885962588e-11,0.03130926255501963,9.648168860947445,0.6330573779899009,6.529794921875212,0.14440599922027278
14.179452968645764,-6.031046885962588e-11,0.03129967565634774,9.646346376124738,0.6330573779899009,6.530933510070723,0.14440618424603396
14.18945963975984,-6.031046885962588e-11,0.03129009347457682,9.64452388896746,0.6330573779899009,6.532072099724745,0.1444063691810792
14.199466310873916,-6.031046885962588e-11,0.03128051600621931,9.642701399476763,0.6330573779899009,6.533210690836558,0.14440655402532618
14.209472981987991,-6.031046885962588e-11,0.0312709432477939,9.640878907653805,0.6330573779899009,6.534349283405438,0.14440673877870236
14.219479653102068,-6.031046885962588e-11,0.03126137519584591,9.639056413499741,0.6330573779899009,6.5354878774306675,0.144406923441217
14.229486324216143,-6.031046885962588e-11,0.03125181184692065,9.637233917015715,0.6330573779899009,6.536626472911527,0.14440710801286752
14.23949299533022,-6.031046885962588e-11,0.031242253197704073,9.635411418202846,0.6330573779899009,6.537765069847322,0.14440729249413511
14.249499666444295,-6.031046885962588e-11,0.031232699244724462,9.633588917062285,0.6330573779899009,6.538903668237328,0.14440747688493358
14.259506337558372,-6.031046885962588e-11,0.03122314998451785,9.631766413595187,0.6330573779899009,6.5400422680808274,0.14440766118519197
14.269513008672448,-6.031046885962588e-11,0.031213605413646355,9.629943907802696,0.6330573779899009,6.541180869377105,0.14440784539491955
14.279519679786524,-6.031046885962588e-11,0.031204065528672116,9.628121399685956,0.6330573779899009,6.5423194721254445,0.14440802951411347
14.2895263509006,-6.031046885962588e-11,0.031194530326297626,9.62629888924608,0.6330573779899009,6.543458076325153,0.1444082135432551
14.299533022014677,-6.031046885962588e-11,0.031184999803067055,9.624476376484218,0.6330573779899009,6.544596681975509,0.14440839748225492
14.309539693128752,-6.031046885962588e-11,0.031175473955533706,9.622653861401517,0.6330573779899009,6.545735289075798,0.14440858133104362
14.319546364242829,-6.031046885962588e-11,0.0311659527802764,9.620831343999116,0.6330573779899009,6.546873897625305,0.14440876508963021
14.329553035356904,-6.031046885962588e-11,0.031156436273873964,9.619008824278161,0.6330573779899009,6.54801250762332,0.14440894875801202
14.33955970647098,-6.031046885962588e-11,0.031146924432998692,9.617186302239771,0.6330573779899009,6.5491511190691405,0.14440913233650496
14.349566377585056,-6.031046885962588e-11,0.031137417254235054,9.615363777885083,0.6330573779899009,6.5502897319620565,0.1444093158251029
14.359573048699133,-6.031046885962588e-11,0.03112791473417533,9.613541251215239,0.6330573779899009,6.551428346301354,0.14440949922381546
14.369579719813208,-6.031046885962588e-11,0.031118416869433473,9.611718722231368,0.6330573779899009,6.5525669620863285,0.14440968253271713
14.379586390927285,-6.031046885962588e-11,0.031108923656629622,9.609896190934604,0.6330573779899009,6.55370557931627,0.14440986575189274
14.38959306204136,-6.031046885962588e-11,0.031099435092399163,9.608073657326083,0.6330573779899009,6.554844197990473,0.14441004888146922
14.399599733155437,-6.031046885962588e-11,0.031089951173374826,9.606251121406931,0.6330573779899009,6.555982818108231,0.14441023192155278
14.409606404269512,-6.031046885962588e-11,0.031080471896196078,9.604428583178272,0.6330573779899009,6.557121439668839,0.14441041487226172
14.41961307538359,-6.031046885962588e-11,0.031070997257510245,9.60260604264124,0.6330573779899009,6.558260062671592,0.14441059773373072
14.429619746497664,-6.031046885962588e-11,0.0310615272539711,9.600783499796954,0.6330573779899009,6.55939868711579,0.1444107805061057
14.439626417611741,-6.031046885962588e-11,0.031052061882088436,9.598960954646557,0.6330573779899009,6.5605373130007205,0.1444109631890099
14.449633088725816,-6.031046885962588e-11,0.03104260113852402,9.59713840719117,0.6330573779899009,6.561675940325682,0.144411145782594
14.459639759839893,-6.031046885962588e-11,0.03103314501993558,9.595315857431915,0.6330573779899009,6.562814569089975,0.1444113282869829
14.469646430953969,-6.031046885962588e-11,0.031023693522958765,9.593493305369915,0.6330573779899009,6.563953199292893,0.14441151070221128
14.479653102068045,-6.031046885962588e-11,0.03101424664423118,9.591670751006294,0.6330573779899009,6.565091830933738,0.14441169302830928
14.48965977318212,-6.031046885962588e-11,0.031004804380405662,9.589848194342181,0.6330573779899009,6.566230464011805,0.14441187526534938
14.499666444296198,-6.031046885962588e-11,0.030995366728124075,9.588025635378697,0.6330573779899009,6.567369098526391,0.1444120574133536
14.509673115410273,-6.031046885962588e-11,0.030985933684031235,9.586203074116963,0.6330573779899009,6.568507734476797,0.14441223947234264
14.51967978652435,-6.031046885962588e-11,0.03097650524477642,9.5843805105581,0.6330573779899009,6.569646371862325,0.14441242144234162
14.529686457638425,-6.031046885962588e-11,0.03096708140701122,9.582557944703225,0.6330573779899009,6.570785010682271,0.14441260332337214
14.539693128752502,-6.031046885962588e-11,0.030957662167509052,9.580735376553466,0.6330573779899009,6.571923650935938,0.14441278511587818
14.549699799866577,-6.031046885962588e-11,0.030948247522928317,9.578912806109933,0.6330573779899009,6.573062292622625,0.1444129668198828
14.559706470980654,-6.031046885962588e-11,0.030938837469940327,9.57709023337375,0.6330573779899009,6.5742009357416356,0.14441314843544364
14.569713142094729,-6.031046885962588e-11,0.03092943200524048,9.575267658346034,0.6330573779899009,6.575339580292272,0.14441332996269252
14.579719813208806,-6.031046885962588e-11,0.030920031125530024,9.573445081027897,0.6330573779899009,6.576478226273835,0.1444135114017709
14.589726484322881,-6.031046885962588e-11,0.030910634827377468,9.571622501420457,0.6330573779899009,6.5776168736856295,0.14441369275233487
14.599733155436958,-6.031046885962588e-11,0.030901243107516695,9.56979991952482,0.6330573779899009,6.5787555225269605,0.1444138740146191
14.609739826551033,-6.031046885962588e-11,0.030891855962664864,9.567977335342112,0.6330573779899009,6.57989417279713,0.14441405518878708
14.61974649766511,-6.031046885962588e-11,0.030882473389517034,9.566154748873442,0.6330573779899009,6.581032824495442,0.14441423627491207
14.629753168779185,-6.031046885962588e-11,0.030873095384768255,9.564332160119926,0.6330573779899009,6.582171477621201,0.14441441727305568
14.639759839893262,-6.031046885962588e-11,0.030863721945067583,9.562509569082662,0.6330573779899009,6.583310132173721,0.14441459818310418
14.649766511007337,-6.031046885962588e-11,0.030854353067118145,9.560686975762765,0.6330573779899009,6.5844487881523035,0.14441477900512478
14.659773182121414,-6.031046885962588e-11,0.03084498874761686,9.558864380161351,0.6330573779899009,6.585587445556253,0.1444149597391514
14.66977985323549,-6.031046885962588e-11,0.030835628983253514,9.557041782279532,0.6330573779899009,6.586726104384871,0.14441514038518066
14.679786524349566,-6.031046885962588e-11,0.030826273770717887,9.555219182118423,0.6330573779899009,6.587864764637468,0.14441532094319792
14.689793195463642,-6.031046885962588e-11,0.030816923106881073,9.5533965796791,0.6330573779899009,6.589003426313362,0.14441550141382692
14.699799866577719,-6.031046885962588e-11,0.03080757698839994,9.55157397496269,0.6330573779899009,6.59014208941186,0.1444156817969124
14.709806537691794,-6.031046885962588e-11,0.030798235411957416,9.5497513679703,0.6330573779899009,6.591280753932263,0.1444158620923808
14.71981320880587,-6.031046885962588e-11,0.030788898374264,9.547928758703039,0.6330573779899009,6.592419419873879,0.14441604230024618
14.729819879919946,-6.031046885962588e-11,0.030779565872030214,9.546106147162021,0.6330573779899009,6.593558087236015,0.1444162224205111
14.739826551034023,-6.031046885962588e-11,0.03077023790207907,9.544283533348317,0.6330573779899009,6.594696756018,0.1444164024535708
14.749833222148098,-6.031046885962588e-11,0.03076091446109992,9.542460917263043,0.6330573779899009,6.595835426219137,0.14441658239932925
14.759839893262175,-6.031046885962588e-11,0.030751595545799367,9.540638298907307,0.6330573779899009,6.596974097838732,0.14441676225774075
14.76984656437625,-6.031046885962588e-11,0.030742281152900737,9.538815678282216,0.6330573779899009,6.598112770876097,0.1444169420288083
14.779853235490327,-6.031046885962588e-11,0.03073297127912732,9.536993055388876,0.6330573779899009,6.599251445330538,0.14441712171252336
14.789859906604402,-6.031046885962588e-11,0.030723665921365682,9.535170430228359,0.6330573779899009,6.6003901212013885,0.14441730130945354
14.799866577718479,-6.031046885962588e-11,0.030714365076307405,9.533347802801767,0.6330573779899009,6.601528798487955,0.1444174808194539
14.809873248832554,-6.031046885962588e-11,0.030705068740670624,9.531525173110214,0.6330573779899009,6.602667477189546,0.1444176602424636
14.819879919946631,-6.031046885962588e-11,0.030695776911197122,9.5297025411548,0.6330573779899009,6.603806157305472,0.14441783957849513
14.829886591060706,-6.031046885962588e-11,0.030686489584628707,9.527879906936626,0.6330573779899009,6.604944838835047,0.14441801882755
14.839893262174783,-6.031046885962588e-11,0.0306772067578272,9.526057270456754,0.6330573779899009,6.606083521777603,0.1444181979900513
14.849899933288858,-6.031046885962588e-11,0.030667928427510323,9.524234631716297,0.6330573779899009,6.607222206132452,0.14441837706589136
14.859906604402935,-6.031046885962588e-11,0.0306586545904164,9.522411990716355,0.6330573779899009,6.6083608918989025,0.14441855605502515
14.86991327551701,-6.031046885962588e-11,0.030649385243300773,9.520589347458024,0.6330573779899009,6.609499579076268,0.14441873495745772
14.879919946631087,-6.031046885962588e-11,0.030640120382918745,9.518766701942404,0.6330573779899009,6.610638267663866,0.1444189137731828
14.889926617745163,-6.031046885962588e-11,0.030630860006170896,9.51694405417055,0.6330573779899009,6.611776957661032,0.14441909250270774
14.89993328885924,-6.031046885962588e-11,0.03062160410978248,9.515121404143573,0.6330573779899009,6.612915649067077,0.14441927114589526
14.909939959973315,-6.031046885962588e-11,0.03061235269050507,9.513298751862568,0.6330573779899009,6.614054341881313,0.14441944970269197
14.919946631087392,-6.031046885962588e-11,0.030603105745110284,9.511476097328627,0.6330573779899009,6.615193036103059,0.14441962817310555
14.929953302201467,-6.031046885962588e-11,0.03059386327036973,9.50965344054285,0.6330573779899009,6.616331731731631,0.14441980655713224
14.939959973315544,-6.031046885962588e-11,0.03058462526320094,9.507830781506287,0.6330573779899009,6.617470428766367,0.1444199848552855
14.949966644429619,-6.031046885962588e-11,0.030575391720344413,9.50600812022004,0.6330573779899009,6.618609127206583,0.14442016306742697
14.959973315543696,-6.031046885962588e-11,0.03056616263856843,9.504185456685203,0.6330573779899009,6.619747827051595,0.14442034119350744
14.969979986657771,-6.031046885962588e-11,0.030556938014660896,9.502362790902867,0.6330573779899009,6.620886528300719,0.14442051923353746
14.979986657771848,-6.031046885962588e-11,0.03054771784540968,9.50054012287412,0.6330573779899009,6.622025230953278,0.14442069718751632
14.989993328885923,-6.031046885962588e-11,0.030538502127668978,9.498717452600046,0.6330573779899009,6.623163935008596,0.1444208750556725
15.0,-6.031046885962588e-11,0.030529290858307436,9.496894780081714,0.6330573779899009,6.6243026404659995,0.14442105283827586
